name,site,site_id,lang,status,possible_xmltv_ids,source_file
DAZN 1,dazn.com,bj5o60qt6uoe1clfdsev239pr,de,AMBIGUOUS,DAZN1.pt@HD;DAZN1.uk@Portugal;DAZN1.uk@UKHD;ZonaDAZN.it@SD,sites/dazn.com/dazn.com.channels.xml
DAZN 2,dazn.com,1v9s3d9dmt4ph1q4simfgo7ih4,de,AMBIGUOUS,DAZN2.pt@HD;DAZN2.uk@Portugal;ZonaDAZN2.it@SD,sites/dazn.com/dazn.com.channels.xml
DAZN FAST+,dazn.com,1vi4p39obt24i1dtsmthi921tl,de,UNMATCHED,,sites/dazn.com/dazn.com.channels.xml
DAZN RISE,dazn.com,1xx7lone8fvv21a2rpc5cji3jx,de,UNMATCHED,,sites/dazn.com/dazn.com.channels.xml
DFB.TV,dazn.com,mai2qbz2nmw21xjmvjj0rj6ez,de,UNMATCHED,,sites/dazn.com/dazn.com.channels.xml
Eurosport 1,dazn.com,1l82wc10vjal91887wfmdhvcsp,de,AMBIGUOUS,Eurosport1.fr@France;Eurosport1.fr@Germany;Eurosport1.fr@Italy;Eurosport1.fr@Netherlands;Eurosport1.fr@Poland;Eurosport1.fr@Romania;Eurosport1.fr@UK;Eurosport1.pt@HD,sites/dazn.com/dazn.com.channels.xml
Eurosport 2,dazn.com,893cxtl671ey1jf0o6na51es0,de,AMBIGUOUS,Eurosport2.fr@France;Eurosport2.fr@Italy;Eurosport2.fr@Netherlands;Eurosport2.fr@Poland;Eurosport2.fr@Romania;Eurosport2.fr@Russia;Eurosport2.fr@UK;Eurosport2.pt@HD,sites/dazn.com/dazn.com.channels.xml
NHL FAST Channel,dazn.com,8c9m11qfurai1ffixac9ytscp,de,UNMATCHED,,sites/dazn.com/dazn.com.channels.xml
Rally TV,dazn.com,9dmerrb96eue11mjxhgbnyjho,de,UNMATCHED,,sites/dazn.com/dazn.com.channels.xml
Red Bull TV,dazn.com,jr0lzor3xjhq1e2rotqdu3zhh,de,AMBIGUOUS,RedBullTV.at@SD;RedBullTV.at@US,sites/dazn.com/dazn.com.channels.xml
13th Street Universal,epgshare01.online,DE1#13th.Street.Universal.de,de,UNMATCHED,,sites/epgshare01.online/epgshare01.online_DE1.channels.xml
3+,epgshare01.online,CH1#3+.ch,de,AMBIGUOUS,3Plus.ch@SD;BNT3.bg@SD;DubaiRacing3.ae@SD;DubaiSports3.ae@SD;Kinozal3.ru@SD;MBC3.ae@SD;MatchFutbol3.ru@SD;TV3.ru@SD;TV3Plus.lv@SD;TruePremierFootball3.th@SD,sites/epgshare01.online/epgshare01.online_CH1.channels.xml
3+,epgshare01.online,DE1#3+.de,de,AMBIGUOUS,3Plus.ch@SD;BNT3.bg@SD;DubaiRacing3.ae@SD;DubaiSports3.ae@SD;Kinozal3.ru@SD;MBC3.ae@SD;MatchFutbol3.ru@SD;TV3.ru@SD;TV3Plus.lv@SD;TruePremierFootball3.th@SD,sites/epgshare01.online/epgshare01.online_DE1.channels.xml
360,epgshare01.online,CH1#360.ch,de,AMBIGUOUS,360.tr@SD;360News.ru@SD;360TV.lv@SD,sites/epgshare01.online/epgshare01.online_CH1.channels.xml
4+,epgshare01.online,CH1#4+.ch,de,AMBIGUOUS,4Plus.ch@SD;BNT4.bg@SD;Kinozal4.ru@SD;MBC4.ae@SD;NashaSibir.ru@4K;TNT4.ru@SD;TruePremierFootball4.th@SD,sites/epgshare01.online/epgshare01.online_CH1.channels.xml
5+,epgshare01.online,CH1#5+.ch,de,AMBIGUOUS,5Plus.ch@SD;Channel5.uk@SD;FoxMoviesMiddleEast.us@SD;Kinozal5.ru@SD;MBC5.ae@SD;TruePremierFootball5.th@SD;TrueSports5.th@SD,sites/epgshare01.online/epgshare01.online_CH1.channels.xml
6+,epgshare01.online,CH1#6+.ch,de,AMBIGUOUS,6Plus.ch@SD;6sotok.ua@SD;FoxActionMoviesMENA.hk@SD;Kinozal6.ru@SD,sites/epgshare01.online/epgshare01.online_CH1.channels.xml
6ter,epgshare01.online,CH1#6ter.ch,de,AMBIGUOUS,6ter.fr@SD;6terSwitzerland.ch@SD,sites/epgshare01.online/epgshare01.online_CH1.channels.xml
7+ / Nick,epgshare01.online,CH1#7+./.Nick.ch,de,UNMATCHED,,sites/epgshare01.online/epgshare01.online_CH1.channels.xml
A 3 Series,epgshare01.online,CH1#A.3.Series.ch,de,UNMATCHED,,sites/epgshare01.online/epgshare01.online_CH1.channels.xml
ABC News,epgshare01.online,CH1#ABC.News.ch,de,AMBIGUOUS,ABCAustralia.au@SD;ABCNews.al@SD;ABCNews.au@Adelaide;ABCNews.au@Brisbane;ABCNews.au@Hobart;ABCNews.au@Melbourne;ABCNews.au@Perth;ABCNews.au@Sydney,sites/epgshare01.online/epgshare01.online_CH1.channels.xml
Al Arabiya,epgshare01.online,CH1#Al.Arabiya.ch,de,AMBIGUOUS,Alarabiya.ae@SD;AlarabiyaPortrait.ae@SD,sites/epgshare01.online/epgshare01.online_CH1.channels.xml
Al Jazeera,epgshare01.online,CH1#Al.Jazeera.ch,de,AMBIGUOUS,AlJazeera.qa@Arabic;AlJazeera.qa@English;AlJazeeraBalkans.ba@SD,sites/epgshare01.online/epgshare01.online_CH1.channels.xml
Al Jazeera,epgshare01.online,DE1#Al.Jazeera.de,de,AMBIGUOUS,AlJazeera.qa@Arabic;AlJazeera.qa@English;AlJazeeraBalkans.ba@SD,sites/epgshare01.online/epgshare01.online_DE1.channels.xml
Al Jazeera English,epgshare01.online,CH1#Al.Jazeera.English.ch,de,AMBIGUOUS,AlJazeera.qa@English;AlJazeeraEnglish.qa@SD,sites/epgshare01.online/epgshare01.online_CH1.channels.xml
Alpenland TV,epgshare01.online,CH1#Alpenland.TV.ch,de,UNMATCHED,,sites/epgshare01.online/epgshare01.online_CH1.channels.xml
ALTAMEGA Plus,epgshare01.online,CH1#ALTAMEGA.Plus.ch,de,UNMATCHED,,sites/epgshare01.online/epgshare01.online_CH1.channels.xml
Amazon Prime Video,epgshare01.online,CH1#Amazon.Prime.Video.ch,de,UNMATCHED,,sites/epgshare01.online/epgshare01.online_CH1.channels.xml
Animal Planet,epgshare01.online,DE1#Animal.Planet.de,de,AMBIGUOUS,AnimalPlanet.au@SD;AnimalPlanet.br@SD;AnimalPlanet.ca@SD;AnimalPlanet.de@SD;AnimalPlanet.in@SD;AnimalPlanet.nl@SD;AnimalPlanet.ru@SD;AnimalPlanet.uk@SD;AnimalPlanet.us@East;AnimalPlanetEurope.uk@Romania;AnimalPlanetEurope.uk@SD;AnimalPlanetLatinAmerica.us@SD;AnimalPlanetNordic.uk@SD;AnimalPlanetSoutheastAsia.sg@SD,sites/epgshare01.online/epgshare01.online_DE1.channels.xml
ANIXE,epgshare01.online,DE1#ANIXE.de,de,AMBIGUOUS,AnixeHDSerie.de@SD;AnixePlus.de@SD,sites/epgshare01.online/epgshare01.online_DE1.channels.xml
Antena 3,epgshare01.online,CH1#Antena.3.ch,de,AMBIGUOUS,Antena3.ch;Antena3.es;Antena3.es@National;Antena3.fr;Antena3.pt;Antena3Internacional.es@SD,sites/epgshare01.online/epgshare01.online_CH1.channels.xml
ARD Plus (Logo VOD),epgshare01.online,CH1#ARD.Plus.(Logo.VOD).ch,de,UNMATCHED,,sites/epgshare01.online/epgshare01.online_CH1.channels.xml
ARD Plus Kids (Logo VOD),epgshare01.online,CH1#ARD.Plus.Kids.(Logo.VOD).ch,de,UNMATCHED,,sites/epgshare01.online/epgshare01.online_CH1.channels.xml
ARTE,epgshare01.online,DE1#ARTE.de,de,AMBIGUOUS,Arte.de@France;arte.de@SD;arte.fr@SD,sites/epgshare01.online/epgshare01.online_DE1.channels.xml
ATV,epgshare01.online,DE1#ATV.de,de,AMBIGUOUS,ATV.am@SD;ATV.at@SD;ATV.be@SD;ATV.hu@SD;ATV.kw@SD;ATV.pe@SD;ATV.tr@SD;ATV.xk@SD;ATVPlus.pe@SD;AndorraTV.ad@SD,sites/epgshare01.online/epgshare01.online_DE1.channels.xml
ATV II,epgshare01.online,DE1#ATV.II.de,de,UNMATCHED,,sites/epgshare01.online/epgshare01.online_DE1.channels.xml
auto motor und sport,epgshare01.online,CH1#auto.motor.und.sport.ch,de,AMBIGUOUS,AutoMotorogSportTV.no@SD;automotorundsportchannel.de@SD,sites/epgshare01.online/epgshare01.online_CH1.channels.xml
AXN Black,epgshare01.online,DE1#AXN.Black.de,de,AMBIGUOUS,AXNBlack.de@SD;AXNBlack.us@Bulgary,sites/epgshare01.online/epgshare01.online_DE1.channels.xml
AXN White,epgshare01.online,DE1#AXN.White.de,de,AMBIGUOUS,AXNWhite.pt@HD;AXNWhite.us@Portugal;AXNWhite.us@SD;SonyChannel.de@SD,sites/epgshare01.online/epgshare01.online_DE1.channels.xml
BBC News,epgshare01.online,CH1#BBC.News.ch,de,AMBIGUOUS,BBCNews.uk;BBCNews.uk@Africa;BBCNews.uk@AsiaPacific;BBCNews.uk@Europe;BBCNews.uk@LatinAmerica;BBCNews.uk@NorthAmerica;BBCNews.uk@SouthAsia;BBCNews.uk@UK,sites/epgshare01.online/epgshare01.online_CH1.channels.xml
BBC News,epgshare01.online,DE1#BBC.News.de,de,AMBIGUOUS,BBCNews.uk;BBCNews.uk@Africa;BBCNews.uk@AsiaPacific;BBCNews.uk@Europe;BBCNews.uk@LatinAmerica;BBCNews.uk@NorthAmerica;BBCNews.uk@SouthAsia;BBCNews.uk@UK,sites/epgshare01.online/epgshare01.online_DE1.channels.xml
BBC World News,epgshare01.online,CH1#BBC.World.News.ch,de,AMBIGUOUS,BBCNews.uk@Africa;BBCNews.uk@AsiaPacific;BBCNews.uk@Europe;BBCNews.uk@LatinAmerica;BBCNews.uk@NorthAmerica,sites/epgshare01.online/epgshare01.online_CH1.channels.xml
BBC World News,epgshare01.online,DE1#BBC.World.News.de,de,AMBIGUOUS,BBCNews.uk@Africa;BBCNews.uk@AsiaPacific;BBCNews.uk@Europe;BBCNews.uk@LatinAmerica;BBCNews.uk@NorthAmerica,sites/epgshare01.online/epgshare01.online_DE1.channels.xml
Belgien 1,epgshare01.online,DE1#Belgien.1.de,de,UNMATCHED,,sites/epgshare01.online/epgshare01.online_DE1.channels.xml
BET,epgshare01.online,CH1#BET.ch,de,AMBIGUOUS,BET.fr@SD;BET.us@East,sites/epgshare01.online/epgshare01.online_CH1.channels.xml
Bloomberg TV,epgshare01.online,CH1#Bloomberg.TV.ch,de,AMBIGUOUS,BloombergTV.us@Europe;BloombergTV.us@Plus;BloombergTV.us@US,sites/epgshare01.online/epgshare01.online_CH1.channels.xml
blue Sport 1,epgshare01.online,CH1#blue.Sport.1.ch,de,UNMATCHED,,sites/epgshare01.online/epgshare01.online_CH1.channels.xml
blue Sport 10,epgshare01.online,CH1#blue.Sport.10.ch,de,UNMATCHED,,sites/epgshare01.online/epgshare01.online_CH1.channels.xml
blue Sport 11,epgshare01.online,CH1#blue.Sport.11.ch,de,UNMATCHED,,sites/epgshare01.online/epgshare01.online_CH1.channels.xml
blue Sport 12,epgshare01.online,CH1#blue.Sport.12.ch,de,UNMATCHED,,sites/epgshare01.online/epgshare01.online_CH1.channels.xml
blue Sport 13,epgshare01.online,CH1#blue.Sport.13.ch,de,UNMATCHED,,sites/epgshare01.online/epgshare01.online_CH1.channels.xml
blue Sport 14,epgshare01.online,CH1#blue.Sport.14.ch,de,UNMATCHED,,sites/epgshare01.online/epgshare01.online_CH1.channels.xml
blue Sport 15,epgshare01.online,CH1#blue.Sport.15.ch,de,UNMATCHED,,sites/epgshare01.online/epgshare01.online_CH1.channels.xml
blue Sport 16,epgshare01.online,CH1#blue.Sport.16.ch,de,UNMATCHED,,sites/epgshare01.online/epgshare01.online_CH1.channels.xml
blue Sport 17,epgshare01.online,CH1#blue.Sport.17.ch,de,UNMATCHED,,sites/epgshare01.online/epgshare01.online_CH1.channels.xml
blue Sport 18,epgshare01.online,CH1#blue.Sport.18.ch,de,UNMATCHED,,sites/epgshare01.online/epgshare01.online_CH1.channels.xml
blue Sport 19,epgshare01.online,CH1#blue.Sport.19.ch,de,UNMATCHED,,sites/epgshare01.online/epgshare01.online_CH1.channels.xml
blue Sport 2,epgshare01.online,CH1#blue.Sport.2.ch,de,UNMATCHED,,sites/epgshare01.online/epgshare01.online_CH1.channels.xml
blue Sport 20,epgshare01.online,CH1#blue.Sport.20.ch,de,UNMATCHED,,sites/epgshare01.online/epgshare01.online_CH1.channels.xml
blue Sport 21,epgshare01.online,CH1#blue.Sport.21.ch,de,UNMATCHED,,sites/epgshare01.online/epgshare01.online_CH1.channels.xml
blue Sport 22,epgshare01.online,CH1#blue.Sport.22.ch,de,UNMATCHED,,sites/epgshare01.online/epgshare01.online_CH1.channels.xml
blue Sport 23,epgshare01.online,CH1#blue.Sport.23.ch,de,UNMATCHED,,sites/epgshare01.online/epgshare01.online_CH1.channels.xml
blue Sport 24,epgshare01.online,CH1#blue.Sport.24.ch,de,UNMATCHED,,sites/epgshare01.online/epgshare01.online_CH1.channels.xml
blue Sport 25,epgshare01.online,CH1#blue.Sport.25.ch,de,UNMATCHED,,sites/epgshare01.online/epgshare01.online_CH1.channels.xml
blue Sport 26,epgshare01.online,CH1#blue.Sport.26.ch,de,UNMATCHED,,sites/epgshare01.online/epgshare01.online_CH1.channels.xml
blue Sport 27,epgshare01.online,CH1#blue.Sport.27.ch,de,UNMATCHED,,sites/epgshare01.online/epgshare01.online_CH1.channels.xml
blue Sport 28,epgshare01.online,CH1#blue.Sport.28.ch,de,UNMATCHED,,sites/epgshare01.online/epgshare01.online_CH1.channels.xml
blue Sport 29,epgshare01.online,CH1#blue.Sport.29.ch,de,UNMATCHED,,sites/epgshare01.online/epgshare01.online_CH1.channels.xml
blue Sport 3,epgshare01.online,CH1#blue.Sport.3.ch,de,UNMATCHED,,sites/epgshare01.online/epgshare01.online_CH1.channels.xml
blue Sport 30,epgshare01.online,CH1#blue.Sport.30.ch,de,UNMATCHED,,sites/epgshare01.online/epgshare01.online_CH1.channels.xml
blue Sport 31,epgshare01.online,CH1#blue.Sport.31.ch,de,UNMATCHED,,sites/epgshare01.online/epgshare01.online_CH1.channels.xml
blue Sport 32,epgshare01.online,CH1#blue.Sport.32.ch,de,UNMATCHED,,sites/epgshare01.online/epgshare01.online_CH1.channels.xml
blue Sport 33,epgshare01.online,CH1#blue.Sport.33.ch,de,UNMATCHED,,sites/epgshare01.online/epgshare01.online_CH1.channels.xml
blue Sport 34,epgshare01.online,CH1#blue.Sport.34.ch,de,UNMATCHED,,sites/epgshare01.online/epgshare01.online_CH1.channels.xml
blue Sport 35,epgshare01.online,CH1#blue.Sport.35.ch,de,UNMATCHED,,sites/epgshare01.online/epgshare01.online_CH1.channels.xml
blue Sport 36,epgshare01.online,CH1#blue.Sport.36.ch,de,UNMATCHED,,sites/epgshare01.online/epgshare01.online_CH1.channels.xml
blue Sport 37,epgshare01.online,CH1#blue.Sport.37.ch,de,UNMATCHED,,sites/epgshare01.online/epgshare01.online_CH1.channels.xml
blue Sport 38,epgshare01.online,CH1#blue.Sport.38.ch,de,UNMATCHED,,sites/epgshare01.online/epgshare01.online_CH1.channels.xml
blue Sport 39,epgshare01.online,CH1#blue.Sport.39.ch,de,UNMATCHED,,sites/epgshare01.online/epgshare01.online_CH1.channels.xml
blue Sport 4,epgshare01.online,CH1#blue.Sport.4.ch,de,UNMATCHED,,sites/epgshare01.online/epgshare01.online_CH1.channels.xml
blue Sport 40,epgshare01.online,CH1#blue.Sport.40.ch,de,UNMATCHED,,sites/epgshare01.online/epgshare01.online_CH1.channels.xml
blue Sport 41,epgshare01.online,CH1#blue.Sport.41.ch,de,UNMATCHED,,sites/epgshare01.online/epgshare01.online_CH1.channels.xml
blue Sport 5,epgshare01.online,CH1#blue.Sport.5.ch,de,UNMATCHED,,sites/epgshare01.online/epgshare01.online_CH1.channels.xml
blue Sport 6,epgshare01.online,CH1#blue.Sport.6.ch,de,UNMATCHED,,sites/epgshare01.online/epgshare01.online_CH1.channels.xml
blue Sport 7,epgshare01.online,CH1#blue.Sport.7.ch,de,UNMATCHED,,sites/epgshare01.online/epgshare01.online_CH1.channels.xml
blue Sport 8,epgshare01.online,CH1#blue.Sport.8.ch,de,UNMATCHED,,sites/epgshare01.online/epgshare01.online_CH1.channels.xml
blue Sport 9,epgshare01.online,CH1#blue.Sport.9.ch,de,UNMATCHED,,sites/epgshare01.online/epgshare01.online_CH1.channels.xml
blue Sports 1,epgshare01.online,CH1#blue.Sports.1.ch,de,UNMATCHED,,sites/epgshare01.online/epgshare01.online_CH1.channels.xml
blue Sports 10,epgshare01.online,CH1#blue.Sports.10.ch,de,UNMATCHED,,sites/epgshare01.online/epgshare01.online_CH1.channels.xml
blue Sports 11,epgshare01.online,CH1#blue.Sports.11.ch,de,UNMATCHED,,sites/epgshare01.online/epgshare01.online_CH1.channels.xml
blue Sports 12,epgshare01.online,CH1#blue.Sports.12.ch,de,UNMATCHED,,sites/epgshare01.online/epgshare01.online_CH1.channels.xml
blue Sports 13,epgshare01.online,CH1#blue.Sports.13.ch,de,UNMATCHED,,sites/epgshare01.online/epgshare01.online_CH1.channels.xml
blue Sports 14,epgshare01.online,CH1#blue.Sports.14.ch,de,UNMATCHED,,sites/epgshare01.online/epgshare01.online_CH1.channels.xml
blue Sports 15,epgshare01.online,CH1#blue.Sports.15.ch,de,UNMATCHED,,sites/epgshare01.online/epgshare01.online_CH1.channels.xml
blue Sports 16,epgshare01.online,CH1#blue.Sports.16.ch,de,UNMATCHED,,sites/epgshare01.online/epgshare01.online_CH1.channels.xml
blue Sports 17,epgshare01.online,CH1#blue.Sports.17.ch,de,UNMATCHED,,sites/epgshare01.online/epgshare01.online_CH1.channels.xml
blue Sports 18,epgshare01.online,CH1#blue.Sports.18.ch,de,UNMATCHED,,sites/epgshare01.online/epgshare01.online_CH1.channels.xml
blue Sports 19,epgshare01.online,CH1#blue.Sports.19.ch,de,UNMATCHED,,sites/epgshare01.online/epgshare01.online_CH1.channels.xml
blue Sports 2,epgshare01.online,CH1#blue.Sports.2.ch,de,UNMATCHED,,sites/epgshare01.online/epgshare01.online_CH1.channels.xml
blue Sports 20,epgshare01.online,CH1#blue.Sports.20.ch,de,UNMATCHED,,sites/epgshare01.online/epgshare01.online_CH1.channels.xml
blue Sports 21,epgshare01.online,CH1#blue.Sports.21.ch,de,UNMATCHED,,sites/epgshare01.online/epgshare01.online_CH1.channels.xml
blue Sports 22,epgshare01.online,CH1#blue.Sports.22.ch,de,UNMATCHED,,sites/epgshare01.online/epgshare01.online_CH1.channels.xml
blue Sports 23,epgshare01.online,CH1#blue.Sports.23.ch,de,UNMATCHED,,sites/epgshare01.online/epgshare01.online_CH1.channels.xml
blue Sports 24,epgshare01.online,CH1#blue.Sports.24.ch,de,UNMATCHED,,sites/epgshare01.online/epgshare01.online_CH1.channels.xml
blue Sports 25,epgshare01.online,CH1#blue.Sports.25.ch,de,UNMATCHED,,sites/epgshare01.online/epgshare01.online_CH1.channels.xml
blue Sports 26,epgshare01.online,CH1#blue.Sports.26.ch,de,UNMATCHED,,sites/epgshare01.online/epgshare01.online_CH1.channels.xml
blue Sports 27,epgshare01.online,CH1#blue.Sports.27.ch,de,UNMATCHED,,sites/epgshare01.online/epgshare01.online_CH1.channels.xml
blue Sports 28,epgshare01.online,CH1#blue.Sports.28.ch,de,UNMATCHED,,sites/epgshare01.online/epgshare01.online_CH1.channels.xml
blue Sports 29,epgshare01.online,CH1#blue.Sports.29.ch,de,UNMATCHED,,sites/epgshare01.online/epgshare01.online_CH1.channels.xml
blue Sports 3,epgshare01.online,CH1#blue.Sports.3.ch,de,UNMATCHED,,sites/epgshare01.online/epgshare01.online_CH1.channels.xml
blue Sports 30,epgshare01.online,CH1#blue.Sports.30.ch,de,UNMATCHED,,sites/epgshare01.online/epgshare01.online_CH1.channels.xml
blue Sports 31,epgshare01.online,CH1#blue.Sports.31.ch,de,UNMATCHED,,sites/epgshare01.online/epgshare01.online_CH1.channels.xml
blue Sports 32,epgshare01.online,CH1#blue.Sports.32.ch,de,UNMATCHED,,sites/epgshare01.online/epgshare01.online_CH1.channels.xml
blue Sports 33,epgshare01.online,CH1#blue.Sports.33.ch,de,UNMATCHED,,sites/epgshare01.online/epgshare01.online_CH1.channels.xml
blue Sports 34,epgshare01.online,CH1#blue.Sports.34.ch,de,UNMATCHED,,sites/epgshare01.online/epgshare01.online_CH1.channels.xml
blue Sports 4,epgshare01.online,CH1#blue.Sports.4.ch,de,UNMATCHED,,sites/epgshare01.online/epgshare01.online_CH1.channels.xml
blue Sports 5,epgshare01.online,CH1#blue.Sports.5.ch,de,UNMATCHED,,sites/epgshare01.online/epgshare01.online_CH1.channels.xml
blue Sports 6,epgshare01.online,CH1#blue.Sports.6.ch,de,UNMATCHED,,sites/epgshare01.online/epgshare01.online_CH1.channels.xml
blue Sports 7,epgshare01.online,CH1#blue.Sports.7.ch,de,UNMATCHED,,sites/epgshare01.online/epgshare01.online_CH1.channels.xml
blue Sports 8,epgshare01.online,CH1#blue.Sports.8.ch,de,UNMATCHED,,sites/epgshare01.online/epgshare01.online_CH1.channels.xml
blue Sports 9,epgshare01.online,CH1#blue.Sports.9.ch,de,UNMATCHED,,sites/epgshare01.online/epgshare01.online_CH1.channels.xml
blue Vision TV,epgshare01.online,CH1#blue.Vision.TV.ch,de,UNMATCHED,,sites/epgshare01.online/epgshare01.online_CH1.channels.xml
Boing F,epgshare01.online,CH1#Boing.F.ch,de,UNMATCHED,,sites/epgshare01.online/epgshare01.online_CH1.channels.xml
Bon Gusto,epgshare01.online,DE1#Bon.Gusto.de,de,UNMATCHED,,sites/epgshare01.online/epgshare01.online_DE1.channels.xml
Boomerang D,epgshare01.online,CH1#Boomerang.D.ch,de,UNMATCHED,,sites/epgshare01.online/epgshare01.online_CH1.channels.xml
BärnSPORT,epgshare01.online,CH1#BärnSPORT.ch,de,UNMATCHED,,sites/epgshare01.online/epgshare01.online_CH1.channels.xml
Canal 11,epgshare01.online,CH1#Canal.11.ch,de,AMBIGUOUS,Canal11.hn@SD;Canal11.pt@HD;Canal11.pt@SD,sites/epgshare01.online/epgshare01.online_CH1.channels.xml
Canal 24 Horas,epgshare01.online,CH1#Canal.24.Horas.ch,de,AMBIGUOUS,24Horas.es@SD;24HorasInternacional.es@SD,sites/epgshare01.online/epgshare01.online_CH1.channels.xml
Canal 9,epgshare01.online,CH1#Canal.9.ch,de,AMBIGUOUS,Canal9.ch@SD;ElNueve.ar@SD,sites/epgshare01.online/epgshare01.online_CH1.channels.xml
Canal J,epgshare01.online,CH1#Canal.J.ch,de,AMBIGUOUS,CanalJ.fr@SD;CanalJ.pe@SD,sites/epgshare01.online/epgshare01.online_CH1.channels.xml
CANAL+,epgshare01.online,CH1#CANAL+.ch,de,AMBIGUOUS,CanalPlus.fr@SD;CanalPlusFirst.at@SD,sites/epgshare01.online/epgshare01.online_CH1.channels.xml
Canal+,epgshare01.online,DE1#Canal+.de,de,AMBIGUOUS,CanalPlus.fr@SD;CanalPlusFirst.at@SD,sites/epgshare01.online/epgshare01.online_DE1.channels.xml
CANAL+ Kids,epgshare01.online,CH1#CANAL+.Kids.ch,de,AMBIGUOUS,CanalPlusFamily.fr@SD;CanalPlusKids.fr@SD,sites/epgshare01.online/epgshare01.online_CH1.channels.xml
CANAL+ Sport,epgshare01.online,CH1#CANAL+.Sport.ch,de,AMBIGUOUS,CanalPlusSport.fr@SD;CanalPlusSport.pl@SD;CanalPlusSport1.cz@SD,sites/epgshare01.online/epgshare01.online_CH1.channels.xml
Canal+ Sport,epgshare01.online,DE1#Canal+.Sport.de,de,AMBIGUOUS,CanalPlusSport.fr@SD;CanalPlusSport.pl@SD;CanalPlusSport1.cz@SD,sites/epgshare01.online/epgshare01.online_DE1.channels.xml
Canale 5,epgshare01.online,CH1#Canale.5.ch,de,AMBIGUOUS,Canale5.it@HD;Canale5.it@SD,sites/epgshare01.online/epgshare01.online_CH1.channels.xml
Canale 5,epgshare01.online,DE1#Canale.5.de,de,AMBIGUOUS,Canale5.it@HD;Canale5.it@SD,sites/epgshare01.online/epgshare01.online_DE1.channels.xml
Cartoon Network,epgshare01.online,DE1#Cartoon.Network.de,de,AMBIGUOUS,CartoonNetwork.au@Australia;CartoonNetwork.au@NewZealand;CartoonNetwork.in;CartoonNetwork.in@SD;CartoonNetwork.it@HD;CartoonNetwork.it@SD;CartoonNetwork.pt@HD;CartoonNetwork.tr@SD;CartoonNetwork.uk@SD;CartoonNetwork.us@East;CartoonNetwork.us@West;CartoonNetworkAsia.sg@SD;CartoonNetworkCEE.uk@CzechRepublic;CartoonNetworkCEE.uk@France;CartoonNetworkCEE.uk@Germany;CartoonNetworkCEE.uk@Hungary;CartoonNetworkCEE.uk@Poland;CartoonNetworkCEE.uk@Romania;CartoonNetworkCEE.uk@Russia;CartoonNetworkLatinAmerica.us@Brazil;CartoonNetworkLatinAmerica.us@Mexico;CartoonNetworkLatinAmerica.us@NorthAtlantic;CartoonNetworkLatinAmerica.us@SouthAtlantic;CartoonNetworkMENA.uk@SD;CartoonNetworkWesternEurope.uk@Netherlands;CartoonNetworkWesternEurope.uk@Portugal;CartoonNetworkWesternEurope.uk@SD;CartoonNetworkWesternEurope.uk@Sweden,sites/epgshare01.online/epgshare01.online_DE1.channels.xml
cartoonito,epgshare01.online,CH1#cartoonito.ch,de,AMBIGUOUS,Boomerang.de@SD;BoomerangAsia.sg@SD;Cartoonito.it@SD;Cartoonito.pt@HD;Cartoonito.pt@SD;Cartoonito.uk@SD;CartoonitoCEE.uk@Germany;CartoonitoCEE.uk@Poland;CartoonitoCEE.uk@SD;CartoonitoLatinAmerica.us@Argentine;CartoonitoLatinAmerica.us@Brazil;CartoonitoLatinAmerica.us@Mexico;CartoonitoLatinAmerica.us@SD;CartoonitoWesternEurope.uk@Sweden,sites/epgshare01.online/epgshare01.online_CH1.channels.xml
Cartoonito,epgshare01.online,DE1#Cartoonito.de,de,AMBIGUOUS,Boomerang.de@SD;BoomerangAsia.sg@SD;Cartoonito.it@SD;Cartoonito.pt@HD;Cartoonito.pt@SD;Cartoonito.uk@SD;CartoonitoCEE.uk@Germany;CartoonitoCEE.uk@Poland;CartoonitoCEE.uk@SD;CartoonitoLatinAmerica.us@Argentine;CartoonitoLatinAmerica.us@Brazil;CartoonitoLatinAmerica.us@Mexico;CartoonitoLatinAmerica.us@SD;CartoonitoWesternEurope.uk@Sweden,sites/epgshare01.online/epgshare01.online_DE1.channels.xml
Cartoonito (Sky),epgshare01.online,DE1#Cartoonito.(Sky).de,de,UNMATCHED,,sites/epgshare01.online/epgshare01.online_DE1.channels.xml
CBeebies,epgshare01.online,CH1#CBeebies.ch,de,AMBIGUOUS,CBeebies.au@SD;CBeebies.uk@SD;CBeebiesAsia.uk@SD,sites/epgshare01.online/epgshare01.online_CH1.channels.xml
CBS Reality,epgshare01.online,CH1#CBS.Reality.ch,de,AMBIGUOUS,CBSReality.nl@SD;CBSReality.pl@SD;CBSReality.uk@SD;CBSRealityEMEA.uk@SD,sites/epgshare01.online/epgshare01.online_CH1.channels.xml
CCTV4,epgshare01.online,CH1#CCTV4.ch,de,AMBIGUOUS,CCTV4Asia.cn@SD;CCTV4Europe.cn@SD,sites/epgshare01.online/epgshare01.online_CH1.channels.xml
CGTN,epgshare01.online,CH1#CGTN.ch,de,AMBIGUOUS,CGTN.cn@SD;CGTNDocumentary.cn@SD;CGTNFrench.cn@SD;CGTNRussian.cn@SD,sites/epgshare01.online/epgshare01.online_CH1.channels.xml
Challenge,epgshare01.online,CH1#Challenge.ch,de,AMBIGUOUS,Challenge.ie@SD;Challenge.uk@SD,sites/epgshare01.online/epgshare01.online_CH1.channels.xml
Chérie 25,epgshare01.online,CH1#Chérie.25.ch,de,UNMATCHED,,sites/epgshare01.online/epgshare01.online_CH1.channels.xml
Cielo,epgshare01.online,CH1#Cielo.ch,de,AMBIGUOUS,Cielo.it@HD;Cielo.it@SD,sites/epgshare01.online/epgshare01.online_CH1.channels.xml
Ciné+ Classic,epgshare01.online,CH1#Ciné+.Classic.ch,de,AMBIGUOUS,CinePlusClassic.be@SD;CinePlusClassic.fr@SD,sites/epgshare01.online/epgshare01.online_CH1.channels.xml
Ciné+ Famiz,epgshare01.online,CH1#Ciné+.Famiz.ch,de,UNMATCHED,,sites/epgshare01.online/epgshare01.online_CH1.channels.xml
Classica,epgshare01.online,DE1#Classica.de,de,AMBIGUOUS,Classica.us@SD;StingrayClassica.ca@SD,sites/epgshare01.online/epgshare01.online_DE1.channels.xml
Club MTV,epgshare01.online,DE1#Club.MTV.de,de,AMBIGUOUS,ClubMTV.au@SD;ClubMTVEurope.uk@SD,sites/epgshare01.online/epgshare01.online_DE1.channels.xml
CNBC,epgshare01.online,DE1#CNBC.de,de,AMBIGUOUS,CNBC.us@SD;CNBCAsia.sg@SD;CNBCAustralia.au@SD;CNBCEurope.uk@SD;NikkeiCNBC.jp@SD,sites/epgshare01.online/epgshare01.online_DE1.channels.xml
CNBC UK,epgshare01.online,CH1#CNBC.UK.ch,de,AMBIGUOUS,CNBCEurope.uk@SD;CNBCUK.uk@SD,sites/epgshare01.online/epgshare01.online_CH1.channels.xml
CNN,epgshare01.online,CH1#CNN.ch,de,AMBIGUOUS,CNN.us@SD;CNNIndonesia.id@SD;CNNInternational.us@AsiaPacific;CNNInternational.us@LatinAmerica;CNNInternational.us@MENA;CNNInternational.us@NorthAmerica,sites/epgshare01.online/epgshare01.online_CH1.channels.xml
CNN International,epgshare01.online,DE1#CNN.International.de,de,AMBIGUOUS,CNN.us@SD;CNNInternational.us@AsiaPacific;CNNInternational.us@HD;CNNInternational.us@LatinAmerica;CNNInternational.us@MENA;CNNInternational.us@NorthAmerica;CNNInternational.us@SouthAsia,sites/epgshare01.online/epgshare01.online_DE1.channels.xml
Comedy Central,epgshare01.online,CH1#Comedy.Central.ch,de,AMBIGUOUS,ComedyCentral.at@SD;ComedyCentral.au@SD;ComedyCentral.de@SD;ComedyCentral.es@SD;ComedyCentral.fr@SD;ComedyCentral.hu@SD;ComedyCentral.it@SD;ComedyCentral.nl@SD;ComedyCentral.nz@SD;ComedyCentral.pl@SD;ComedyCentral.ro@SD;ComedyCentral.uk@SD;ComedyCentral.us@East;ComedyCentralAfrica.us@SD;ComedyCentralLatinAmerica.us@Brazil;ComedyCentralLatinAmerica.us@Panregional;ParamountComedy.ru@SD,sites/epgshare01.online/epgshare01.online_CH1.channels.xml
Comedy Central,epgshare01.online,DE1#Comedy.Central.de,de,AMBIGUOUS,ComedyCentral.at@SD;ComedyCentral.au@SD;ComedyCentral.de@SD;ComedyCentral.es@SD;ComedyCentral.fr@SD;ComedyCentral.hu@SD;ComedyCentral.it@SD;ComedyCentral.nl@SD;ComedyCentral.nz@SD;ComedyCentral.pl@SD;ComedyCentral.ro@SD;ComedyCentral.uk@SD;ComedyCentral.us@East;ComedyCentralAfrica.us@SD;ComedyCentralLatinAmerica.us@Brazil;ComedyCentralLatinAmerica.us@Panregional;ParamountComedy.ru@SD,sites/epgshare01.online/epgshare01.online_DE1.channels.xml
craction,epgshare01.online,DE1#craction.de,de,UNMATCHED,,sites/epgshare01.online/epgshare01.online_DE1.channels.xml
Craction TV,epgshare01.online,CH1#Craction.TV.ch,de,UNMATCHED,,sites/epgshare01.online/epgshare01.online_CH1.channels.xml
Crime &amp; Investigation,epgshare01.online,CH1#Crime.&.Investigation.ch,de,UNMATCHED,,sites/epgshare01.online/epgshare01.online_CH1.channels.xml
Crime + Investigation,epgshare01.online,CH1#Crime.+.Investigation.ch,de,AMBIGUOUS,CrimePlusInvestigation.ca@SD;CrimePlusInvestigation.de@SD;CrimePlusInvestigation.it@SD;CrimePlusInvestigation.uk@SD;CrimePlusInvestigationAsia.sg@SD;CrimePlusInvestigationBenelux.uk@SD,sites/epgshare01.online/epgshare01.online_CH1.channels.xml
CRIME + INVESTIGATION,epgshare01.online,DE1#CRIME.+.INVESTIGATION.de,de,AMBIGUOUS,CrimePlusInvestigation.ca@SD;CrimePlusInvestigation.de@SD;CrimePlusInvestigation.it@SD;CrimePlusInvestigation.uk@SD;CrimePlusInvestigationAsia.sg@SD;CrimePlusInvestigationBenelux.uk@SD,sites/epgshare01.online/epgshare01.online_DE1.channels.xml
Curiosity Channel,epgshare01.online,CH1#Curiosity.Channel.ch,de,AMBIGUOUS,CuriosityChannel.de@SD;CuriosityChannel.us@SD,sites/epgshare01.online/epgshare01.online_CH1.channels.xml
Curiosity Channel,epgshare01.online,DE1#Curiosity.Channel.de,de,AMBIGUOUS,CuriosityChannel.de@SD;CuriosityChannel.us@SD,sites/epgshare01.online/epgshare01.online_DE1.channels.xml
DAZN,epgshare01.online,CH1#DAZN.ch,de,AMBIGUOUS,DAZN1.uk@Germany;DAZNFAST.de@HD,sites/epgshare01.online/epgshare01.online_CH1.channels.xml
DAZN,epgshare01.online,DE1#DAZN.de,de,AMBIGUOUS,DAZN1.uk@Germany;DAZNFAST.de@HD,sites/epgshare01.online/epgshare01.online_DE1.channels.xml
DAZN 1,epgshare01.online,DE1#DAZN.1.de,de,AMBIGUOUS,DAZN1.pt@HD;DAZN1.uk@Portugal;DAZN1.uk@UKHD;ZonaDAZN.it@SD,sites/epgshare01.online/epgshare01.online_DE1.channels.xml
DAZN 2,epgshare01.online,DE1#DAZN.2.de,de,AMBIGUOUS,DAZN2.pt@HD;DAZN2.uk@Portugal;ZonaDAZN2.it@SD,sites/epgshare01.online/epgshare01.online_DE1.channels.xml
De Pelicula,epgshare01.online,CH1#De.Pelicula.ch,de,AMBIGUOUS,DePeliculaEuropa.mx@SD;DePeliculaLatinAmerica.mx@SD;DePeliculaUS.us@SD,sites/epgshare01.online/epgshare01.online_CH1.channels.xml
Deluxe Dance,epgshare01.online,DELUXEMUSIC1#Deluxe.Dance.de,de,UNMATCHED,,sites/epgshare01.online/epgshare01.online_DELUXEMUSIC1.channels.xml
Deluxe Lounge,epgshare01.online,DELUXEMUSIC1#Deluxe.Lounge.de,de,UNMATCHED,,sites/epgshare01.online/epgshare01.online_DELUXEMUSIC1.channels.xml
Deluxe Rock,epgshare01.online,DELUXEMUSIC1#Deluxe.Rock.de,de,UNMATCHED,,sites/epgshare01.online/epgshare01.online_DELUXEMUSIC1.channels.xml
DF1,epgshare01.online,DE1#DF1.de,de,AMBIGUOUS,DF1.de@SD;ServusTV.at@SD,sites/epgshare01.online/epgshare01.online_DE1.channels.xml
DFB Play,epgshare01.online,DE1#DFB.Play.de,de,UNMATCHED,,sites/epgshare01.online/epgshare01.online_DE1.channels.xml
Discovery HD,epgshare01.online,DE1#Discovery.HD.de,de,AMBIGUOUS,DiscoveryAsia.sg@SD;DiscoveryChannel.it@HD;DiscoveryChannel.it@SD;DiscoveryChannel.uk@UKHD;DiscoveryChannelEurope.uk@CzechRepublic,sites/epgshare01.online/epgshare01.online_DE1.channels.xml
Disney Channel,epgshare01.online,DE1#Disney.Channel.de,de,AMBIGUOUS,DisneyChannel.bg@SD;DisneyChannel.br@SD;DisneyChannel.ca@East;DisneyChannel.cz@SD;DisneyChannel.de@SD;DisneyChannel.es@SD;DisneyChannel.fr@SD;DisneyChannel.hu@SD;DisneyChannel.in@SD;DisneyChannel.nl@SD;DisneyChannel.pl@SD;DisneyChannel.pt@HD;DisneyChannel.pt@SD;DisneyChannel.ro@SD;DisneyChannelEMEA.uk@SD;DisneyChannelLatinAmerica.ar@Center;DisneyChannelLatinAmerica.ar@North;DisneyChannelLatinAmerica.ar@South;DisneyChannelScandinavia.uk@SD;DisneyJunior.es@SD,sites/epgshare01.online/epgshare01.online_DE1.channels.xml
DMAX,epgshare01.online,CH1#DMAX.ch,de,AMBIGUOUS,DMAX.de@SD;DMAX.es@SD;DMAX.it@SD;DMAX.tr@SD;DMAX.uk@Ireland;DMAX.uk@UK;DMAXSoutheastAsia.sg@SD,sites/epgshare01.online/epgshare01.online_CH1.channels.xml
DMAX,epgshare01.online,DE1#DMAX.de,de,AMBIGUOUS,DMAX.de@SD;DMAX.es@SD;DMAX.it@SD;DMAX.tr@SD;DMAX.uk@Ireland;DMAX.uk@UK;DMAXSoutheastAsia.sg@SD,sites/epgshare01.online/epgshare01.online_DE1.channels.xml
ducktv,epgshare01.online,CH1#ducktv.ch,de,AMBIGUOUS,ducktv.sk@HD;ducktv.sk@SD,sites/epgshare01.online/epgshare01.online_CH1.channels.xml
DW Deutsch,epgshare01.online,CH1#DW.Deutsch.ch,de,AMBIGUOUS,DW.de@Deutsch;DW.de@DeutschPlus;DW.de@English,sites/epgshare01.online/epgshare01.online_CH1.channels.xml
E! Entertainment Deutschland,epgshare01.online,CH1#E!.Entertainment.Deutschland.ch,de,UNMATCHED,,sites/epgshare01.online/epgshare01.online_CH1.channels.xml
E4,epgshare01.online,CH1#E4.ch,de,AMBIGUOUS,E4.ie@SD;E4.uk@SD,sites/epgshare01.online/epgshare01.online_CH1.channels.xml
English Club TV,epgshare01.online,CH1#English.Club.TV.ch,de,AMBIGUOUS,EnglishClass.ru@SD;EnglishClubTV.uk@SD,sites/epgshare01.online/epgshare01.online_CH1.channels.xml
eoTV,epgshare01.online,DE1#eoTV.de,de,UNMATCHED,,sites/epgshare01.online/epgshare01.online_DE1.channels.xml
ERT World,epgshare01.online,CH1#ERT.World.ch,de,UNMATCHED,,sites/epgshare01.online/epgshare01.online_CH1.channels.xml
eSports1,epgshare01.online,CH1#eSports1.ch,de,UNMATCHED,,sites/epgshare01.online/epgshare01.online_CH1.channels.xml
eSports1,epgshare01.online,DE1#eSports1.de,de,UNMATCHED,,sites/epgshare01.online/epgshare01.online_DE1.channels.xml
euronews (ger),epgshare01.online,DE1#euronews.(ger).de,de,UNMATCHED,,sites/epgshare01.online/epgshare01.online_DE1.channels.xml
Euronews I,epgshare01.online,CH1#Euronews.I.ch,de,AMBIGUOUS,EuronewsEnglish.fr@SD;EuronewsItalian.fr@SD,sites/epgshare01.online/epgshare01.online_CH1.channels.xml
Eurosport 1,epgshare01.online,DE1#Eurosport.1.de,de,AMBIGUOUS,Eurosport1.fr@France;Eurosport1.fr@Germany;Eurosport1.fr@Italy;Eurosport1.fr@Netherlands;Eurosport1.fr@Poland;Eurosport1.fr@Romania;Eurosport1.fr@UK;Eurosport1.pt@HD,sites/epgshare01.online/epgshare01.online_DE1.channels.xml
Eurosport 2,epgshare01.online,DE1#Eurosport.2.de,de,AMBIGUOUS,Eurosport2.fr@France;Eurosport2.fr@Italy;Eurosport2.fr@Netherlands;Eurosport2.fr@Poland;Eurosport2.fr@Romania;Eurosport2.fr@Russia;Eurosport2.fr@UK;Eurosport2.pt@HD,sites/epgshare01.online/epgshare01.online_DE1.channels.xml
EXTREME SPORTS,epgshare01.online,DE1#EXTREME.SPORTS.de,de,AMBIGUOUS,ExtremeSportsChannel.nl@SD;ExtremeSportsChannel.ru@SD,sites/epgshare01.online/epgshare01.online_DE1.channels.xml
Fashion TV,epgshare01.online,CH1#Fashion.TV.ch,de,AMBIGUOUS,FashionTV.br@SD;FashionTV.in@SD;FashionTV.ru@SD;FashionTV.ua@SD;FashionTVAsia.fr@SD;FashionTVEurope.fr@SD,sites/epgshare01.online/epgshare01.online_CH1.channels.xml
Fashion TV,epgshare01.online,DE1#Fashion.TV.de,de,AMBIGUOUS,FashionTV.br@SD;FashionTV.in@SD;FashionTV.ru@SD;FashionTV.ua@SD;FashionTVAsia.fr@SD;FashionTVEurope.fr@SD,sites/epgshare01.online/epgshare01.online_DE1.channels.xml
Five,epgshare01.online,CH1#Five.ch,de,UNMATCHED,,sites/epgshare01.online/epgshare01.online_CH1.channels.xml
Fix &amp; Foxi,epgshare01.online,DE1#Fix.&.Foxi.de,de,UNMATCHED,,sites/epgshare01.online/epgshare01.online_DE1.channels.xml
Fix &amp; Foxi TV,epgshare01.online,CH1#Fix.&.Foxi.TV.ch,de,UNMATCHED,,sites/epgshare01.online/epgshare01.online_CH1.channels.xml
France 2,epgshare01.online,CH1#France.2.ch,de,AMBIGUOUS,France2.fr;France2.fr@SD,sites/epgshare01.online/epgshare01.online_CH1.channels.xml
France 2,epgshare01.online,DE1#France.2.de,de,AMBIGUOUS,France2.fr;France2.fr@SD,sites/epgshare01.online/epgshare01.online_DE1.channels.xml
France 24,epgshare01.online,CH1#France.24.ch,de,AMBIGUOUS,France24.fr;France24.fr@English;France24.fr@French;France24.fr@Spanish,sites/epgshare01.online/epgshare01.online_CH1.channels.xml
France 24 (engl.),epgshare01.online,DE1#France.24.(engl.).de,de,UNMATCHED,,sites/epgshare01.online/epgshare01.online_DE1.channels.xml
France 24 (franz.),epgshare01.online,DE1#France.24.(franz.).de,de,UNMATCHED,,sites/epgshare01.online/epgshare01.online_DE1.channels.xml
France 24 English,epgshare01.online,CH1#France.24.English.ch,de,AMBIGUOUS,France24.fr@English;France24English.fr@SD,sites/epgshare01.online/epgshare01.online_CH1.channels.xml
France 3,epgshare01.online,CH1#France.3.ch,de,AMBIGUOUS,France3.fr;France3.fr@National;France3.fr@RhoneAlpes;France3.fr@SD,sites/epgshare01.online/epgshare01.online_CH1.channels.xml
France 3,epgshare01.online,DE1#France.3.de,de,AMBIGUOUS,France3.fr;France3.fr@National;France3.fr@RhoneAlpes;France3.fr@SD,sites/epgshare01.online/epgshare01.online_DE1.channels.xml
France 4,epgshare01.online,CH1#France.4.ch,de,AMBIGUOUS,France4.fr;France4.fr@SD,sites/epgshare01.online/epgshare01.online_CH1.channels.xml
France 4,epgshare01.online,DE1#France.4.de,de,AMBIGUOUS,France4.fr;France4.fr@SD,sites/epgshare01.online/epgshare01.online_DE1.channels.xml
France 5,epgshare01.online,CH1#France.5.ch,de,AMBIGUOUS,France5.fr;France5.fr@SD,sites/epgshare01.online/epgshare01.online_CH1.channels.xml
France 5,epgshare01.online,DE1#France.5.de,de,AMBIGUOUS,France5.fr;France5.fr@SD,sites/epgshare01.online/epgshare01.online_DE1.channels.xml
franceinfo,epgshare01.online,CH1#franceinfo.ch,de,AMBIGUOUS,FranceInfo.fr;Franceinfo.fr@SD,sites/epgshare01.online/epgshare01.online_CH1.channels.xml
FreeSports,epgshare01.online,CH1#FreeSports.ch,de,UNMATCHED,,sites/epgshare01.online/epgshare01.online_CH1.channels.xml
FUSSBALL.TV 1,epgshare01.online,DE1#FUSSBALL.TV.1.de,de,UNMATCHED,,sites/epgshare01.online/epgshare01.online_DE1.channels.xml
FUSSBALL.TV 2,epgshare01.online,DE1#FUSSBALL.TV.2.de,de,UNMATCHED,,sites/epgshare01.online/epgshare01.online_DE1.channels.xml
FUSSBALL.TV 3,epgshare01.online,DE1#FUSSBALL.TV.3.de,de,UNMATCHED,,sites/epgshare01.online/epgshare01.online_DE1.channels.xml
Game TV,epgshare01.online,CH1#Game.TV.ch,de,AMBIGUOUS,GameTV.ca@SD;GameTV.ch@SD,sites/epgshare01.online/epgshare01.online_CH1.channels.xml
Giallo,epgshare01.online,CH1#Giallo.ch,de,AMBIGUOUS,Giallo.it@HD;Giallo.it@SD,sites/epgshare01.online/epgshare01.online_CH1.channels.xml
Golf Channel,epgshare01.online,CH1#Golf.Channel.ch,de,AMBIGUOUS,GolfChannel.fr@SD;GolfChannel.my@SD;GolfChannel.pl@SD;GolfChannel.us@SD;GolfChannelLatinAmerica.us@SD,sites/epgshare01.online/epgshare01.online_CH1.channels.xml
GOLF+,epgshare01.online,CH1#GOLF+.ch,de,AMBIGUOUS,GolfChannel.us@SD;GolfPlus.fr@SD;SuperSportGolf.za@SD,sites/epgshare01.online/epgshare01.online_CH1.channels.xml
Grand Genève TV,epgshare01.online,CH1#Grand.Genève.TV.ch,de,UNMATCHED,,sites/epgshare01.online/epgshare01.online_CH1.channels.xml
Great! movies,epgshare01.online,CH1#Great!.movies.ch,de,AMBIGUOUS,GREATmovies.uk@UK;GREATmystery.uk@SD;SkyMoviesGreats.nz@SD,sites/epgshare01.online/epgshare01.online_CH1.channels.xml
Great! movies classic,epgshare01.online,CH1#Great!.movies.classic.ch,de,UNMATCHED,,sites/epgshare01.online/epgshare01.online_CH1.channels.xml
History,epgshare01.online,CH1#History.ch,de,AMBIGUOUS,History.au@SD;History.ca@SD;History.de@SD;History.it@HD;History.it@SD;History.kr@SD;History.nl@HD;History.nl@SD;History.ph@SD;History.pl@SD;History.ro@SD;History.se@SD;History.us@East;History.ve@SD;HistoryAsia.us@SD;HistoryLatinAmerica.us@South,sites/epgshare01.online/epgshare01.online_CH1.channels.xml
HitExpress TV,epgshare01.online,CH1#HitExpress.TV.ch,de,UNMATCHED,,sites/epgshare01.online/epgshare01.online_CH1.channels.xml
Home &amp; Garden TV,epgshare01.online,CH1#Home.&.Garden.TV.ch,de,UNMATCHED,,sites/epgshare01.online/epgshare01.online_CH1.channels.xml
Home &amp; Garden TV,epgshare01.online,DE1#Home.&.Garden.TV.de,de,UNMATCHED,,sites/epgshare01.online/epgshare01.online_DE1.channels.xml
Home &amp; Garden TV IT,epgshare01.online,CH1#Home.&.Garden.TV.IT.ch,de,UNMATCHED,,sites/epgshare01.online/epgshare01.online_CH1.channels.xml
i24 News,epgshare01.online,CH1#i24.News.ch,de,AMBIGUOUS,i24NEWSEnglishWorld.il@SD;i24NEWSFrench.il@SD,sites/epgshare01.online/epgshare01.online_CH1.channels.xml
Info TV Davos Klosters,epgshare01.online,CH1#Info.TV.Davos.Klosters.ch,de,UNMATCHED,,sites/epgshare01.online/epgshare01.online_CH1.channels.xml
Inhouse Channel,epgshare01.online,CH1#Inhouse.Channel.ch,de,UNMATCHED,,sites/epgshare01.online/epgshare01.online_CH1.channels.xml
INPLUS,epgshare01.online,CH1#INPLUS.ch,de,AMBIGUOUS,INPLUS.nl@SD;InsightTV.nl@SD,sites/epgshare01.online/epgshare01.online_CH1.channels.xml
Italia 1,epgshare01.online,CH1#Italia.1.ch,de,AMBIGUOUS,Italia1.it@HD;Italia1.it@SD,sites/epgshare01.online/epgshare01.online_CH1.channels.xml
K-TV,epgshare01.online,CH1#K-TV.ch,de,AMBIGUOUS,KTV.at@SD;KTV.de@SD,sites/epgshare01.online/epgshare01.online_CH1.channels.xml
K-TV,epgshare01.online,DE1#K-TV.de,de,AMBIGUOUS,KTV.at@SD;KTV.de@SD,sites/epgshare01.online/epgshare01.online_DE1.channels.xml
Kanal 7 Int,epgshare01.online,DE1#Kanal.7.Int.de,de,UNMATCHED,,sites/epgshare01.online/epgshare01.online_DE1.channels.xml
Kanal 9,epgshare01.online,CH1#Kanal.9.ch,de,AMBIGUOUS,Kanal9.ch@SD;Kanal9.se@SD,sites/epgshare01.online/epgshare01.online_CH1.channels.xml
KBS World,epgshare01.online,CH1#KBS.World.ch,de,AMBIGUOUS,KBSWorld.kr@HD;KBSWorld.kr@SD;KBSWorldJapan.jp@SD,sites/epgshare01.online/epgshare01.online_CH1.channels.xml
Kiss TV,epgshare01.online,CH1#Kiss.TV.ch,de,AMBIGUOUS,KissTV.ro@SD;KissTV.uk@SD,sites/epgshare01.online/epgshare01.online_CH1.channels.xml
L&apos;Equipe,epgshare01.online,CH1#L'Equipe.ch,de,UNMATCHED,,sites/epgshare01.online/epgshare01.online_CH1.channels.xml
La 7d,epgshare01.online,CH1#La.7d.ch,de,UNMATCHED,,sites/epgshare01.online/epgshare01.online_CH1.channels.xml
La Chaine Info,epgshare01.online,CH1#La.Chaine.Info.ch,de,UNMATCHED,,sites/epgshare01.online/epgshare01.online_CH1.channels.xml
La Télé,epgshare01.online,CH1#La.Télé.ch,de,AMBIGUOUS,LaTele.ch@SD;LaTele.pe@SD,sites/epgshare01.online/epgshare01.online_CH1.channels.xml
Las Estrellas,epgshare01.online,CH1#Las.Estrellas.ch,de,AMBIGUOUS,LasEstrellas.mx@SD;LasEstrellasEuropa.mx@SD;LasEstrellasLatinAmerica.mx@SD,sites/epgshare01.online/epgshare01.online_CH1.channels.xml
lfm TV,epgshare01.online,CH1#lfm.TV.ch,de,UNMATCHED,,sites/epgshare01.online/epgshare01.online_CH1.channels.xml
Lionsgate+ (Logo VOD),epgshare01.online,CH1#Lionsgate+.(Logo.VOD).ch,de,UNMATCHED,,sites/epgshare01.online/epgshare01.online_CH1.channels.xml
M1,epgshare01.online,CH1#M1.ch,de,AMBIGUOUS,M1.hu@SD;M1Film.hr@SD,sites/epgshare01.online/epgshare01.online_CH1.channels.xml
M6,epgshare01.online,CH1#M6.ch,de,AMBIGUOUS,M6.ch@SD;M6.fr@HD;M6.pt@SD;M6International.fr@SD,sites/epgshare01.online/epgshare01.online_CH1.channels.xml
Marco Polo TV,epgshare01.online,DE1#Marco.Polo.TV.de,de,AMBIGUOUS,MarcoPoloTV.de@SD;MarcoPoloTravelTV.it@SD,sites/epgshare01.online/epgshare01.online_DE1.channels.xml
MCM Top,epgshare01.online,CH1#MCM.Top.ch,de,AMBIGUOUS,MCMTop.fr@SD;MCMTop.pt@HD;MCMTop.ru@SD,sites/epgshare01.online/epgshare01.online_CH1.channels.xml
Mezzo,epgshare01.online,CH1#Mezzo.ch,de,AMBIGUOUS,MEZZO.pt@SD;Mezzo.fr@SD;RTL1025TV.it@SD,sites/epgshare01.online/epgshare01.online_CH1.channels.xml
Mezzo,epgshare01.online,DE1#Mezzo.de,de,AMBIGUOUS,MEZZO.pt@SD;Mezzo.fr@SD;RTL1025TV.it@SD,sites/epgshare01.online/epgshare01.online_DE1.channels.xml
Mezzo Live,epgshare01.online,CH1#Mezzo.Live.ch,de,AMBIGUOUS,MezzoLive.fr@SD;MezzoLive.pt@HD,sites/epgshare01.online/epgshare01.online_CH1.channels.xml
Motor Trend,epgshare01.online,CH1#Motor.Trend.ch,de,UNMATCHED,,sites/epgshare01.online/epgshare01.online_CH1.channels.xml
Motorvision TV,epgshare01.online,CH1#Motorvision.TV.ch,de,AMBIGUOUS,Motorvision.de@HD;Motorvision.de@SD,sites/epgshare01.online/epgshare01.online_CH1.channels.xml
Motorvision TV,epgshare01.online,DE1#Motorvision.TV.de,de,AMBIGUOUS,Motorvision.de@HD;Motorvision.de@SD,sites/epgshare01.online/epgshare01.online_DE1.channels.xml
Motorvision+,epgshare01.online,DE1#Motorvision+.de,de,AMBIGUOUS,Motorsporttv.fr@SD;Motorvision.de@SD;MotorvisionPlus.de@SD,sites/epgshare01.online/epgshare01.online_DE1.channels.xml
MS Sport,epgshare01.online,DE1#MS.Sport.de,de,UNMATCHED,,sites/epgshare01.online/epgshare01.online_DE1.channels.xml
MTV,epgshare01.online,CH1#MTV.ch,de,AMBIGUOUS,MTV.br@SD;MTV.de@SD;MTV.fr@SD;MTV.ie@SD;MTV.in@SD;MTV.it@SD;MTV.jp@SD;MTV.lb@SD;MTV.nl@HD;MTV.nl@SD;MTV.nz@SD;MTV.uk@SD;MTV.us@East;MTVAfrica.za@SD;MTVGlobal.uk@SD;MTVLatinAmerica.us@Panregional,sites/epgshare01.online/epgshare01.online_CH1.channels.xml
MTV,epgshare01.online,DE1#MTV.de,de,AMBIGUOUS,MTV.br@SD;MTV.de@SD;MTV.fr@SD;MTV.ie@SD;MTV.in@SD;MTV.it@SD;MTV.jp@SD;MTV.lb@SD;MTV.nl@HD;MTV.nl@SD;MTV.nz@SD;MTV.uk@SD;MTV.us@East;MTVAfrica.za@SD;MTVGlobal.uk@SD;MTVLatinAmerica.us@Panregional,sites/epgshare01.online/epgshare01.online_DE1.channels.xml
MTV 80s,epgshare01.online,DE1#MTV.80s.de,de,AMBIGUOUS,MTV80s.uk@SD;MTVClassic.uk@SD,sites/epgshare01.online/epgshare01.online_DE1.channels.xml
MTV Brand New,epgshare01.online,DE1#MTV.Brand.New.de,de,UNMATCHED,,sites/epgshare01.online/epgshare01.online_DE1.channels.xml
MTV Hits,epgshare01.online,DE1#MTV.Hits.de,de,AMBIGUOUS,MTVHits.au@SD;MTVHits.fr@SD;MTVHits.uk@SD;MTVHitsEurope.uk@SD,sites/epgshare01.online/epgshare01.online_DE1.channels.xml
MTV Live HD,epgshare01.online,DE1#MTV.Live.HD.de,de,AMBIGUOUS,MTV.ru@SD;MTVLive.uk@SD;MTVLive.us@SD,sites/epgshare01.online/epgshare01.online_DE1.channels.xml
my Canal,epgshare01.online,CH1#my.Canal.ch,de,UNMATCHED,,sites/epgshare01.online/epgshare01.online_CH1.channels.xml
MySports 10 D,epgshare01.online,CH1#MySports.10.D.ch,de,UNMATCHED,,sites/epgshare01.online/epgshare01.online_CH1.channels.xml
MySports 10 F,epgshare01.online,CH1#MySports.10.F.ch,de,UNMATCHED,,sites/epgshare01.online/epgshare01.online_CH1.channels.xml
MySports EDGE,epgshare01.online,CH1#MySports.EDGE.ch,de,UNMATCHED,,sites/epgshare01.online/epgshare01.online_CH1.channels.xml
n-tv,epgshare01.online,CH1#n-tv.ch,de,AMBIGUOUS,ntv.at@SD;ntv.de@SD,sites/epgshare01.online/epgshare01.online_CH1.channels.xml
NASA TV,epgshare01.online,CH1#NASA.TV.ch,de,AMBIGUOUS,NASATV.us@SD;NASATVPublic.us@SD;NASATVUHD.us@SD,sites/epgshare01.online/epgshare01.online_CH1.channels.xml
Nat Geo HD,epgshare01.online,DE1#Nat.Geo.HD.de,de,AMBIGUOUS,NationalGeographic.de@HD;NationalGeographic.uk@HD,sites/epgshare01.online/epgshare01.online_DE1.channels.xml
NAT GEO WILD,epgshare01.online,DE1#NAT.GEO.WILD.de,de,AMBIGUOUS,NationalGeographicWild.fr@SD;NationalGeographicWild.in@SD;NationalGeographicWild.nl@SD;NationalGeographicWild.ru@SD;NationalGeographicWild.tr@SD;NationalGeographicWild.uk@SD,sites/epgshare01.online/epgshare01.online_DE1.channels.xml
Nautical Channel,epgshare01.online,DE1#Nautical.Channel.de,de,AMBIGUOUS,NauticalChannel.it@SD;NauticalChannel.pt@HD,sites/epgshare01.online/epgshare01.online_DE1.channels.xml
Netflix,epgshare01.online,CH1#Netflix.ch,de,UNMATCHED,,sites/epgshare01.online/epgshare01.online_CH1.channels.xml
NHK World,epgshare01.online,CH1#NHK.World.ch,de,AMBIGUOUS,NHKWorldJapan.jp;NHKWorldJapan.jp@SD,sites/epgshare01.online/epgshare01.online_CH1.channels.xml
NHK World TV,epgshare01.online,DE1#NHK.World.TV.de,de,AMBIGUOUS,NHKWorldJapan.jp@SD;NHKWorldPremium.jp@SD,sites/epgshare01.online/epgshare01.online_DE1.channels.xml
nick,epgshare01.online,DE1#nick.de,de,AMBIGUOUS,Nickelodeon.au@SD;Nickelodeon.br@SD;Nickelodeon.es@SD;Nickelodeon.in@SD;NickelodeonAsia.sg@SD;NickelodeonAustria.at@SD;NickelodeonLatinAmerica.us@Panregional,sites/epgshare01.online/epgshare01.online_DE1.channels.xml
Nick Jr.,epgshare01.online,DE1#Nick.Jr..de,de,AMBIGUOUS,NickJr.au@SD;NickJr.bg@SD;NickJr.br@SD;NickJr.cz@SD;NickJr.de@SD;NickJr.es@SD;NickJr.hu@SD;NickJr.ie@SD;NickJr.in@SD;NickJr.it@SD;NickJr.nl@SD;NickJr.pl@SD;NickJr.pt@SD;NickJr.ro@SD;NickJr.ru@SD;NickJr.si@SD;NickJr.tr@SD;NickJr.uk@SD;NickJr.us@East;NickJrAsia.sg@HD;NickJrAsia.sg@SD;NickJrLatinAmerica.us@Panregional;NickJrLatinAmerica.us@South;NickJrScandinavia.nl@SD;NickelodeonJunior.fr@SD,sites/epgshare01.online/epgshare01.online_DE1.channels.xml
Nickelodeon,epgshare01.online,CH1#Nickelodeon.ch,de,AMBIGUOUS,Nickelodeon.au@SD;Nickelodeon.bg@SD;Nickelodeon.br@SD;Nickelodeon.ca@SD;Nickelodeon.cz@SD;Nickelodeon.de@SD;Nickelodeon.es@SD;Nickelodeon.fr@SD;Nickelodeon.hu@SD;Nickelodeon.ie@SD;Nickelodeon.it@SD;Nickelodeon.nl@SD;Nickelodeon.ph@SD;Nickelodeon.pl@SD;Nickelodeon.pt@HD;Nickelodeon.pt@SD;Nickelodeon.ro@SD;Nickelodeon.ru@SD;Nickelodeon.se@SD;Nickelodeon.si@SD;Nickelodeon.tr@SD;Nickelodeon.uk@SD;Nickelodeon.us@East;NickelodeonAfrica.za@SD;NickelodeonAsia.sg@SD;NickelodeonLatinAmerica.us@Panregional;NickelodeonScandinavia.nl@SD,sites/epgshare01.online/epgshare01.online_CH1.channels.xml
Nickelodeon Teen,epgshare01.online,CH1#Nickelodeon.Teen.ch,de,AMBIGUOUS,NickTeen.us@Brazil;NickelodeonTeen.fr;NickelodeonTeen.fr@SD,sites/epgshare01.online/epgshare01.online_CH1.channels.xml
nickelodeon+1,epgshare01.online,CH1#nickelodeon+1.ch,de,AMBIGUOUS,Nickelodeon.fr@Plus1;Nickelodeon.it@Plus1;Nickelodeon.uk@Plus1,sites/epgshare01.online/epgshare01.online_CH1.channels.xml
Nicktoons,epgshare01.online,CH1#Nicktoons.ch,de,AMBIGUOUS,NickelodeonTeen.fr@SD;Nicktoons.bg@SD;Nicktoons.cz@SD;Nicktoons.de@SD;Nicktoons.nl@SD;Nicktoons.pl@SD;Nicktoons.ro@SD;Nicktoons.tr@SD;Nicktoons.uk@SD;Nicktoons.us@East;NicktoonsAfrica.za@SD;NicktoonsLatinAmerica.us@SD;NicktoonsScandinavia.nl@SD,sites/epgshare01.online/epgshare01.online_CH1.channels.xml
Nicktoons,epgshare01.online,DE1#Nicktoons.de,de,AMBIGUOUS,NickelodeonTeen.fr@SD;Nicktoons.bg@SD;Nicktoons.cz@SD;Nicktoons.de@SD;Nicktoons.nl@SD;Nicktoons.pl@SD;Nicktoons.ro@SD;Nicktoons.tr@SD;Nicktoons.uk@SD;Nicktoons.us@East;NicktoonsAfrica.za@SD;NicktoonsLatinAmerica.us@SD;NicktoonsScandinavia.nl@SD,sites/epgshare01.online/epgshare01.online_DE1.channels.xml
NOW US,epgshare01.online,DE1#NOW.US.de,de,UNMATCHED,,sites/epgshare01.online/epgshare01.online_DE1.channels.xml
ntv,epgshare01.online,DE1#ntv.de,de,AMBIGUOUS,NTV.bd@SD;NTV.mn@SD;NTV.tr@SD;NTVEurope.bd@SD;NTVTelugu.in@SD;NepalTelevision.np@SD;ntv.al@SD;ntv.at@SD;ntv.de@SD,sites/epgshare01.online/epgshare01.online_DE1.channels.xml
OCS App,epgshare01.online,CH1#OCS.App.ch,de,UNMATCHED,,sites/epgshare01.online/epgshare01.online_CH1.channels.xml
One,epgshare01.online,CH1#One.ch,de,AMBIGUOUS,FujiTVONE.jp@SD;ONE.sg@SD;One.de@SD;TVNZ1.nz@SD;VirginMediaOne.ie@SD,sites/epgshare01.online/epgshare01.online_CH1.channels.xml
ONE,epgshare01.online,DE1#ONE.de,de,AMBIGUOUS,FujiTVONE.jp@SD;ONE.sg@SD;One.de@SD;TVNZ1.nz@SD;VirginMediaOne.ie@SD,sites/epgshare01.online/epgshare01.online_DE1.channels.xml
Planète+,epgshare01.online,CH1#Planète+.ch,de,AMBIGUOUS,PlanetePlus.fr@SD;PlanetePlus.pl@SD,sites/epgshare01.online/epgshare01.online_CH1.channels.xml
Planète+ A&amp;E,epgshare01.online,CH1#Planète+.A&E.ch,de,UNMATCHED,,sites/epgshare01.online/epgshare01.online_CH1.channels.xml
Planète+ C&amp;I,epgshare01.online,CH1#Planète+.C&I.ch,de,UNMATCHED,,sites/epgshare01.online/epgshare01.online_CH1.channels.xml
Playboy TV,epgshare01.online,DE1#Playboy.TV.de,de,AMBIGUOUS,PlayboyTV.us@SD;PlayboyTVEurope.us@SD;PlayboyTVIberia.us@SD;PlayboyTVLatinAmerica.us@SD,sites/epgshare01.online/epgshare01.online_DE1.channels.xml
Prime,epgshare01.online,DE1#Prime.de,de,AMBIGUOUS,Prime.hu@SD;SkyOpen.nz@SD,sites/epgshare01.online/epgshare01.online_DE1.channels.xml
ProSieben,epgshare01.online,CH1#ProSieben.ch,de,AMBIGUOUS,ProSieben.de@SD;ProSiebenSchweiz.ch@SD,sites/epgshare01.online/epgshare01.online_CH1.channels.xml
ProSieben,epgshare01.online,DE1#ProSieben.de,de,AMBIGUOUS,ProSieben.de@SD;ProSiebenSchweiz.ch@SD,sites/epgshare01.online/epgshare01.online_DE1.channels.xml
PULS acht,epgshare01.online,DE1#PULS.acht.de,de,UNMATCHED,,sites/epgshare01.online/epgshare01.online_DE1.channels.xml
Quest,epgshare01.online,CH1#Quest.ch,de,AMBIGUOUS,Quest.uk@SD;Quest.us@SD,sites/epgshare01.online/epgshare01.online_CH1.channels.xml
QVC,epgshare01.online,DE1#QVC.de,de,AMBIGUOUS,QVC.de@SD;QVC.it@SD;QVC.jp@SD;QVC.uk@SD;QVC.us@SD,sites/epgshare01.online/epgshare01.online_DE1.channels.xml
QVC2,epgshare01.online,DE1#QVC2.de,de,AMBIGUOUS,QVC2.uk@SD;QVC2.us@SD,sites/epgshare01.online/epgshare01.online_DE1.channels.xml
Radionorba TV,epgshare01.online,CH1#Radionorba.TV.ch,de,AMBIGUOUS,RadioNorbaTV.it@HD;RadioNorbaTV.it@SD,sites/epgshare01.online/epgshare01.online_CH1.channels.xml
Rai Gulp,epgshare01.online,CH1#Rai.Gulp.ch,de,AMBIGUOUS,RaiGulp.it@HD;RaiGulp.it@SD,sites/epgshare01.online/epgshare01.online_CH1.channels.xml
Rai News 24,epgshare01.online,CH1#Rai.News.24.ch,de,AMBIGUOUS,RaiNews24.it@HD;RaiNews24.it@SD,sites/epgshare01.online/epgshare01.online_CH1.channels.xml
Rai Scuola,epgshare01.online,CH1#Rai.Scuola.ch,de,AMBIGUOUS,RaiScuola.it@HD;RaiScuola.it@SD,sites/epgshare01.online/epgshare01.online_CH1.channels.xml
Rai Sport,epgshare01.online,CH1#Rai.Sport.ch,de,AMBIGUOUS,RaiSport.it@HD;RaiSport.it@SD,sites/epgshare01.online/epgshare01.online_CH1.channels.xml
Rai Sport +,epgshare01.online,CH1#Rai.Sport.+.ch,de,AMBIGUOUS,RaiSport.it@HD;RaiSport.it@SD,sites/epgshare01.online/epgshare01.online_CH1.channels.xml
Rai Storia,epgshare01.online,CH1#Rai.Storia.ch,de,AMBIGUOUS,RaiStoria.it@HD;RaiStoria.it@SD,sites/epgshare01.online/epgshare01.online_CH1.channels.xml
Record TV,epgshare01.online,CH1#Record.TV.ch,de,AMBIGUOUS,Record.br@SD;RecordTVEuropa.pt@SD,sites/epgshare01.online/epgshare01.online_CH1.channels.xml
Rete 4,epgshare01.online,CH1#Rete.4.ch,de,AMBIGUOUS,Rete4.it@HD;Rete4.it@SD,sites/epgshare01.online/epgshare01.online_CH1.channels.xml
Rhein-Neckar Fernsehen,epgshare01.online,DE1#Rhein-Neckar.Fernsehen.de,de,UNMATCHED,,sites/epgshare01.online/epgshare01.online_DE1.channels.xml
Rocket Beans TV,epgshare01.online,DE1#Rocket.Beans.TV.de,de,UNMATCHED,,sites/epgshare01.online/epgshare01.online_DE1.channels.xml
Romance TV,epgshare01.online,CH1#Romance.TV.ch,de,AMBIGUOUS,RomanceTV.de@SD;RomanceTV.pl@SD,sites/epgshare01.online/epgshare01.online_CH1.channels.xml
Romance TV,epgshare01.online,DE1#Romance.TV.de,de,AMBIGUOUS,RomanceTV.de@SD;RomanceTV.pl@SD,sites/epgshare01.online/epgshare01.online_DE1.channels.xml
RTK1,epgshare01.online,CH1#RTK1.ch,de,UNMATCHED,,sites/epgshare01.online/epgshare01.online_CH1.channels.xml
RTL,epgshare01.online,CH1#RTL.ch,de,AMBIGUOUS,RTL.de@SD;RTL.hr@SD;RTL.hu@SD;RTLHarom.hu@SD,sites/epgshare01.online/epgshare01.online_CH1.channels.xml
RTL,epgshare01.online,DE1#RTL.de,de,AMBIGUOUS,RTL.de@SD;RTL.hr@SD;RTL.hu@SD;RTLHarom.hu@SD,sites/epgshare01.online/epgshare01.online_DE1.channels.xml
RTL Crime,epgshare01.online,CH1#RTL.Crime.ch,de,AMBIGUOUS,RTLCrime.de@SD;RTLCrime.hr@SD;RTLCrime.nl@SD,sites/epgshare01.online/epgshare01.online_CH1.channels.xml
RTL Crime,epgshare01.online,DE1#RTL.Crime.de,de,AMBIGUOUS,RTLCrime.de@SD;RTLCrime.hr@SD;RTLCrime.nl@SD,sites/epgshare01.online/epgshare01.online_DE1.channels.xml
RTL Living,epgshare01.online,CH1#RTL.Living.ch,de,AMBIGUOUS,RTLLiving.de@SD;RTLLiving.hr@SD,sites/epgshare01.online/epgshare01.online_CH1.channels.xml
RTL Living,epgshare01.online,DE1#RTL.Living.de,de,AMBIGUOUS,RTLLiving.de@SD;RTLLiving.hr@SD,sites/epgshare01.online/epgshare01.online_DE1.channels.xml
RTL Passion,epgshare01.online,CH1#RTL.Passion.ch,de,AMBIGUOUS,RTLPassion.de@SD;RTLPassion.hr@SD,sites/epgshare01.online/epgshare01.online_CH1.channels.xml
RTL Passion,epgshare01.online,DE1#RTL.Passion.de,de,AMBIGUOUS,RTLPassion.de@SD;RTLPassion.hr@SD,sites/epgshare01.online/epgshare01.online_DE1.channels.xml
RTP Internacional,epgshare01.online,CH1#RTP.Internacional.ch,de,UNMATCHED,,sites/epgshare01.online/epgshare01.online_CH1.channels.xml
RTR Planeta,epgshare01.online,CH1#RTR.Planeta.ch,de,AMBIGUOUS,RTRPlaneta.ru@Europe;RTRPlaneta.ru@SD,sites/epgshare01.online/epgshare01.online_CH1.channels.xml
Schlagerparadies TV,epgshare01.online,CH1#Schlagerparadies.TV.ch,de,UNMATCHED,,sites/epgshare01.online/epgshare01.online_CH1.channels.xml
Science &amp; Vie,epgshare01.online,CH1#Science.&.Vie.ch,de,UNMATCHED,,sites/epgshare01.online/epgshare01.online_CH1.channels.xml
Science Channel F,epgshare01.online,CH1#Science.Channel.F.ch,de,UNMATCHED,,sites/epgshare01.online/epgshare01.online_CH1.channels.xml
Servus TV,epgshare01.online,CH1#Servus.TV.ch,de,AMBIGUOUS,ServusTV.at@SD;ServusTVDeutschland.de@SD,sites/epgshare01.online/epgshare01.online_CH1.channels.xml
Servus TV Österreich,epgshare01.online,DE1#Servus.TV.Österreich.de,de,UNMATCHED,,sites/epgshare01.online/epgshare01.online_DE1.channels.xml
Session Council Of States,epgshare01.online,CH1#Session.Council.Of.States.ch,de,UNMATCHED,,sites/epgshare01.online/epgshare01.online_CH1.channels.xml
Session National Council,epgshare01.online,CH1#Session.National.Council.ch,de,UNMATCHED,,sites/epgshare01.online/epgshare01.online_CH1.channels.xml
Show Turk,epgshare01.online,DE1#Show.Turk.de,de,AMBIGUOUS,ShowTV.tr@SD;ShowTurk.tr@SD;ShowTürk.me,sites/epgshare01.online/epgshare01.online_DE1.channels.xml
SIC Noticias,epgshare01.online,CH1#SIC.Noticias.ch,de,AMBIGUOUS,SICNoticias.pt@HD;SICNoticias.pt@SD,sites/epgshare01.online/epgshare01.online_CH1.channels.xml
sixx,epgshare01.online,CH1#sixx.ch,de,AMBIGUOUS,sixx.de@SD;sixxAustria.at@SD,sites/epgshare01.online/epgshare01.online_CH1.channels.xml
sixx,epgshare01.online,DE1#sixx.de,de,AMBIGUOUS,sixx.de@SD;sixxAustria.at@SD,sites/epgshare01.online/epgshare01.online_DE1.channels.xml
Sky Atlantic HD,epgshare01.online,DE1#Sky.Atlantic.HD.de,de,AMBIGUOUS,SkyAtlantic.de@HD;SkyAtlantic.de@SD;SkyAtlantic.it@SD;SkyAtlantic.uk@HD,sites/epgshare01.online/epgshare01.online_DE1.channels.xml
Sky Cinema (Logo VOD),epgshare01.online,CH1#Sky.Cinema.(Logo.VOD).ch,de,UNMATCHED,,sites/epgshare01.online/epgshare01.online_CH1.channels.xml
Sky Cinema Action HD,epgshare01.online,DE1#Sky.Cinema.Action.HD.de,de,AMBIGUOUS,SkyCinemaAction.de@HD;SkyCinemaAction.de@SD;SkyCinemaAction.it@SD;SkyCinemaAction.uk@HD,sites/epgshare01.online/epgshare01.online_DE1.channels.xml
Sky Cinema Classics HD,epgshare01.online,DE1#Sky.Cinema.Classics.HD.de,de,AMBIGUOUS,SkyCinemaClassics.de@HD;SkyCinemaClassics.de@SD,sites/epgshare01.online/epgshare01.online_DE1.channels.xml
Sky Cinema D,epgshare01.online,CH1#Sky.Cinema.D.ch,de,UNMATCHED,,sites/epgshare01.online/epgshare01.online_CH1.channels.xml
Sky Cinema Family HD,epgshare01.online,DE1#Sky.Cinema.Family.HD.de,de,AMBIGUOUS,SkyCinemaFamily.de@SD;SkyCinemaFamily.it@SD;SkyCinemaFamily.uk@HD,sites/epgshare01.online/epgshare01.online_DE1.channels.xml
Sky Cinema Highlights HD,epgshare01.online,DE1#Sky.Cinema.Highlights.HD.de,de,UNMATCHED,,sites/epgshare01.online/epgshare01.online_DE1.channels.xml
Sky Cinema Premiere HD,epgshare01.online,DE1#Sky.Cinema.Premiere.HD.de,de,AMBIGUOUS,SkyCinemaPremiere.uk@HD;SkyCinemaPremieren.de@HD,sites/epgshare01.online/epgshare01.online_DE1.channels.xml
Sky Crime,epgshare01.online,DE1#Sky.Crime.de,de,AMBIGUOUS,SkyCrime.de@SD;SkyCrime.ie@SD;SkyCrime.it@HD;SkyCrime.uk@SD,sites/epgshare01.online/epgshare01.online_DE1.channels.xml
Sky Documentaries,epgshare01.online,DE1#Sky.Documentaries.de,de,AMBIGUOUS,SkyDocumentaries.de@SD;SkyDocumentaries.it@SD;SkyDocumentaries.uk@SD,sites/epgshare01.online/epgshare01.online_DE1.channels.xml
Sky Nature,epgshare01.online,DE1#Sky.Nature.de,de,AMBIGUOUS,SkyNature.de@SD;SkyNature.it@HD;SkyNature.it@SD;SkyNature.uk@SD,sites/epgshare01.online/epgshare01.online_DE1.channels.xml
Sky One,epgshare01.online,DE1#Sky.One.de,de,AMBIGUOUS,SkyMax.uk@SD;SkyOne.de@SD;SkyOne.uk@SD,sites/epgshare01.online/epgshare01.online_DE1.channels.xml
Sky Show,epgshare01.online,CH1#Sky.Show.ch,de,UNMATCHED,,sites/epgshare01.online/epgshare01.online_CH1.channels.xml
Sky Showcase,epgshare01.online,DE1#Sky.Showcase.de,de,AMBIGUOUS,SkyShowcase.de@SD;SkyShowcase.uk@SD,sites/epgshare01.online/epgshare01.online_DE1.channels.xml
sky showcase,epgshare01.online,DE1#sky.showcase.de,de,AMBIGUOUS,SkyShowcase.de@SD;SkyShowcase.uk@SD,sites/epgshare01.online/epgshare01.online_DE1.channels.xml
Sky Sport,epgshare01.online,CH1#Sky.Sport.ch,de,AMBIGUOUS,SkySport.de@UHD;SkySport251.it@HD;SkySport251.it@SD;SkySport252.it@HD;SkySport252.it@SD;SkySport253.it@HD;SkySport253.it@SD;SkySport254.it@HD;SkySport254.it@SD;SkySport255.it@HD;SkySport255.it@SD;SkySport256.it@HD;SkySport256.it@SD;SkySport257.it@HD;SkySport257.it@SD;SkySport258.it@SD;SkySport259.it@SD,sites/epgshare01.online/epgshare01.online_CH1.channels.xml
Sky Sport 1,epgshare01.online,DE1#Sky.Sport.1.de,de,AMBIGUOUS,SkySport1.de@SD;SkySport1.nz@SD;SkySport3.de@SD,sites/epgshare01.online/epgshare01.online_DE1.channels.xml
Sky Sport 2,epgshare01.online,DE1#Sky.Sport.2.de,de,AMBIGUOUS,SkySport2.de@SD;SkySport2.nz@SD;SkySport4.de@SD,sites/epgshare01.online/epgshare01.online_DE1.channels.xml
Sky Sport 3,epgshare01.online,DE1#Sky.Sport.3.de,de,AMBIGUOUS,SkySport3.de@SD;SkySport3.nz@SD;SkySport5.de@SD,sites/epgshare01.online/epgshare01.online_DE1.channels.xml
Sky Sport 4,epgshare01.online,DE1#Sky.Sport.4.de,de,AMBIGUOUS,SkySport4.de@SD;SkySport4.nz@SD;SkySport6.de@SD,sites/epgshare01.online/epgshare01.online_DE1.channels.xml
Sky Sport 5,epgshare01.online,DE1#Sky.Sport.5.de,de,AMBIGUOUS,SkySport5.de@SD;SkySport5.nz@SD;SkySport7.de@SD,sites/epgshare01.online/epgshare01.online_DE1.channels.xml
Sky Sport 6,epgshare01.online,DE1#Sky.Sport.6.de,de,AMBIGUOUS,SkySport6.de@SD;SkySport6.nz@SD;SkySport8.de@SD,sites/epgshare01.online/epgshare01.online_DE1.channels.xml
Sky Sport 7,epgshare01.online,DE1#Sky.Sport.7.de,de,AMBIGUOUS,SkySport7.de@SD;SkySport7.nz@SD;SkySport9.de@SD;SkySport9.nz@SD,sites/epgshare01.online/epgshare01.online_DE1.channels.xml
Sky Sport 8,epgshare01.online,DE1#Sky.Sport.8.de,de,AMBIGUOUS,SkySport10.de@SD;SkySport8.de@SD;SkySport8.nz@SD,sites/epgshare01.online/epgshare01.online_DE1.channels.xml
Sky Sport 9,epgshare01.online,DE1#Sky.Sport.9.de,de,AMBIGUOUS,SkySport11.de@SD;SkySport9.de@SD;SkySport9.nz@SD,sites/epgshare01.online/epgshare01.online_DE1.channels.xml
Sky Sport Bundesliga,epgshare01.online,DE1#Sky.Sport.Bundesliga.de,de,AMBIGUOUS,SkySportBundesliga.de@SD;SkySportBundesliga1.de@SD,sites/epgshare01.online/epgshare01.online_DE1.channels.xml
Sky Sport Bundesliga 1,epgshare01.online,DE1#Sky.Sport.Bundesliga.1.de,de,AMBIGUOUS,SkySportBundesliga1.de@SD;SkySportBundesliga2.de@SD,sites/epgshare01.online/epgshare01.online_DE1.channels.xml
Sky Sport Bundesliga 2,epgshare01.online,DE1#Sky.Sport.Bundesliga.2.de,de,AMBIGUOUS,SkySportBundesliga2.de@SD;SkySportBundesliga3.de@SD,sites/epgshare01.online/epgshare01.online_DE1.channels.xml
Sky Sport Bundesliga 3,epgshare01.online,DE1#Sky.Sport.Bundesliga.3.de,de,AMBIGUOUS,SkySportBundesliga3.de@SD;SkySportBundesliga4.de@SD,sites/epgshare01.online/epgshare01.online_DE1.channels.xml
Sky Sport Bundesliga 4,epgshare01.online,DE1#Sky.Sport.Bundesliga.4.de,de,AMBIGUOUS,SkySportBundesliga4.de@SD;SkySportBundesliga5.de@SD,sites/epgshare01.online/epgshare01.online_DE1.channels.xml
Sky Sport Bundesliga 5,epgshare01.online,DE1#Sky.Sport.Bundesliga.5.de,de,AMBIGUOUS,SkySportBundesliga5.de@SD;SkySportBundesliga6.de@SD,sites/epgshare01.online/epgshare01.online_DE1.channels.xml
Sky Sport Bundesliga 6,epgshare01.online,DE1#Sky.Sport.Bundesliga.6.de,de,AMBIGUOUS,SkySportBundesliga6.de@SD;SkySportBundesliga7.de@SD,sites/epgshare01.online/epgshare01.online_DE1.channels.xml
Sky Sport Bundesliga 7,epgshare01.online,DE1#Sky.Sport.Bundesliga.7.de,de,AMBIGUOUS,SkySportBundesliga7.de@SD;SkySportBundesliga8.de@SD,sites/epgshare01.online/epgshare01.online_DE1.channels.xml
Sky Sport Bundesliga 8,epgshare01.online,DE1#Sky.Sport.Bundesliga.8.de,de,AMBIGUOUS,SkySportBundesliga8.de@SD;SkySportBundesliga9.de@SD,sites/epgshare01.online/epgshare01.online_DE1.channels.xml
Sky Sport Bundesliga 9,epgshare01.online,DE1#Sky.Sport.Bundesliga.9.de,de,AMBIGUOUS,SkySportBundesliga10.de@SD;SkySportBundesliga9.de@SD,sites/epgshare01.online/epgshare01.online_DE1.channels.xml
Sky Sport F1,epgshare01.online,DE1#Sky.Sport.F1.de,de,AMBIGUOUS,SkySportF1.de@SD;SkySportF1.it@HD;SkySportF1.it@SD,sites/epgshare01.online/epgshare01.online_DE1.channels.xml
Sky Sport Golf,epgshare01.online,DE1#Sky.Sport.Golf.de,de,AMBIGUOUS,SkySportGolf.de@SD;SkySportGolf.it@HD;SkySportGolf.it@SD,sites/epgshare01.online/epgshare01.online_DE1.channels.xml
Sky Sport Mix,epgshare01.online,DE1#Sky.Sport.Mix.de,de,AMBIGUOUS,SkySportMix.it@HD;SkySportMix.it@SD,sites/epgshare01.online/epgshare01.online_DE1.channels.xml
Sky Sport Tennis,epgshare01.online,DE1#Sky.Sport.Tennis.de,de,AMBIGUOUS,SkySport2.de@SD;SkySportTennis.it@HD;SkySportTennis.it@SD,sites/epgshare01.online/epgshare01.online_DE1.channels.xml
Sony AXN,epgshare01.online,CH1#Sony.AXN.ch,de,UNMATCHED,,sites/epgshare01.online/epgshare01.online_CH1.channels.xml
Sony Channel,epgshare01.online,CH1#Sony.Channel.ch,de,UNMATCHED,,sites/epgshare01.online/epgshare01.online_CH1.channels.xml
Sport 1 - myTeamTV,epgshare01.online,DE1#Sport.1.-.myTeamTV.de,de,UNMATCHED,,sites/epgshare01.online/epgshare01.online_DE1.channels.xml
Sport 10 - myTeamTV,epgshare01.online,DE1#Sport.10.-.myTeamTV.de,de,UNMATCHED,,sites/epgshare01.online/epgshare01.online_DE1.channels.xml
Sport 11 - myTeamTV,epgshare01.online,DE1#Sport.11.-.myTeamTV.de,de,UNMATCHED,,sites/epgshare01.online/epgshare01.online_DE1.channels.xml
Sport 12 - myTeamTV,epgshare01.online,DE1#Sport.12.-.myTeamTV.de,de,UNMATCHED,,sites/epgshare01.online/epgshare01.online_DE1.channels.xml
Sport 13 - myTeamTV,epgshare01.online,DE1#Sport.13.-.myTeamTV.de,de,UNMATCHED,,sites/epgshare01.online/epgshare01.online_DE1.channels.xml
Sport 14 - myTeamTV,epgshare01.online,DE1#Sport.14.-.myTeamTV.de,de,UNMATCHED,,sites/epgshare01.online/epgshare01.online_DE1.channels.xml
Sport 15 - myTeamTV,epgshare01.online,DE1#Sport.15.-.myTeamTV.de,de,UNMATCHED,,sites/epgshare01.online/epgshare01.online_DE1.channels.xml
Sport 16 - myTeamTV,epgshare01.online,DE1#Sport.16.-.myTeamTV.de,de,UNMATCHED,,sites/epgshare01.online/epgshare01.online_DE1.channels.xml
Sport 17 - myTeamTV,epgshare01.online,DE1#Sport.17.-.myTeamTV.de,de,UNMATCHED,,sites/epgshare01.online/epgshare01.online_DE1.channels.xml
Sport 18 - myTeamTV,epgshare01.online,DE1#Sport.18.-.myTeamTV.de,de,UNMATCHED,,sites/epgshare01.online/epgshare01.online_DE1.channels.xml
Sport 2 - myTeamTV,epgshare01.online,DE1#Sport.2.-.myTeamTV.de,de,UNMATCHED,,sites/epgshare01.online/epgshare01.online_DE1.channels.xml
Sport 3 - myTeamTV,epgshare01.online,DE1#Sport.3.-.myTeamTV.de,de,UNMATCHED,,sites/epgshare01.online/epgshare01.online_DE1.channels.xml
Sport 4 - myTeamTV,epgshare01.online,DE1#Sport.4.-.myTeamTV.de,de,UNMATCHED,,sites/epgshare01.online/epgshare01.online_DE1.channels.xml
Sport 5 - myTeamTV,epgshare01.online,DE1#Sport.5.-.myTeamTV.de,de,UNMATCHED,,sites/epgshare01.online/epgshare01.online_DE1.channels.xml
Sport 6 - myTeamTV,epgshare01.online,DE1#Sport.6.-.myTeamTV.de,de,UNMATCHED,,sites/epgshare01.online/epgshare01.online_DE1.channels.xml
Sport 7 - myTeamTV,epgshare01.online,DE1#Sport.7.-.myTeamTV.de,de,UNMATCHED,,sites/epgshare01.online/epgshare01.online_DE1.channels.xml
Sport 8 - myTeamTV,epgshare01.online,DE1#Sport.8.-.myTeamTV.de,de,UNMATCHED,,sites/epgshare01.online/epgshare01.online_DE1.channels.xml
Sport 9 - myTeamTV,epgshare01.online,DE1#Sport.9.-.myTeamTV.de,de,UNMATCHED,,sites/epgshare01.online/epgshare01.online_DE1.channels.xml
Sport1,epgshare01.online,CH1#Sport1.ch,de,AMBIGUOUS,Sport1.cz@SD;Sport1.de@SD;Sport1.hu@SD,sites/epgshare01.online/epgshare01.online_CH1.channels.xml
SPORT1,epgshare01.online,DE1#SPORT1.de,de,AMBIGUOUS,Sport1.cz@SD;Sport1.de@SD;Sport1.hu@SD,sites/epgshare01.online/epgshare01.online_DE1.channels.xml
SPORT1+,epgshare01.online,CH1#SPORT1+.ch,de,AMBIGUOUS,Sport1.cz@SD;Sport1.de@SD;Sport1.hu@SD,sites/epgshare01.online/epgshare01.online_CH1.channels.xml
SPORT1+,epgshare01.online,DE1#SPORT1+.de,de,AMBIGUOUS,Sport1.cz@SD;Sport1.de@SD;Sport1.hu@SD,sites/epgshare01.online/epgshare01.online_DE1.channels.xml
SportDigital1+,epgshare01.online,DE1#SportDigital1+.de,de,AMBIGUOUS,Sport1Plus.de@SD;Sportdigital1Plus.de@HD,sites/epgshare01.online/epgshare01.online_DE1.channels.xml
Star TV,epgshare01.online,CH1#Star.TV.ch,de,AMBIGUOUS,StarTV.ch@SD;StarTV.mn@SD;StarTV.tr@SD,sites/epgshare01.online/epgshare01.online_CH1.channels.xml
STAR TV,epgshare01.online,DE1#STAR.TV.de,de,AMBIGUOUS,StarTV.ch@SD;StarTV.mn@SD;StarTV.tr@SD,sites/epgshare01.online/epgshare01.online_DE1.channels.xml
Super RTL,epgshare01.online,CH1#Super.RTL.ch,de,AMBIGUOUS,CartoonitoMENA.uk@SD;RTLSuper.de@SD;SuperRTL.pt@SD,sites/epgshare01.online/epgshare01.online_CH1.channels.xml
SUPER RTL,epgshare01.online,DE1#SUPER.RTL.de,de,AMBIGUOUS,CartoonitoMENA.uk@SD;RTLSuper.de@SD;SuperRTL.pt@SD,sites/epgshare01.online/epgshare01.online_DE1.channels.xml
Super!,epgshare01.online,CH1#Super!.ch,de,AMBIGUOUS,Rete4.it@SD;Super.it@SD;SuperPlus.ua@SD,sites/epgshare01.online/epgshare01.online_CH1.channels.xml
SWR,epgshare01.online,CH1#SWR.ch,de,AMBIGUOUS,SWRFernsehenBadenWurttemberg.de@SD;SWRFernsehenHD.de@SD,sites/epgshare01.online/epgshare01.online_CH1.channels.xml
SWR/SR,epgshare01.online,DE1#SWR/SR.de,de,UNMATCHED,,sites/epgshare01.online/epgshare01.online_DE1.channels.xml
SyFy,epgshare01.online,DE1#SyFy.de,de,AMBIGUOUS,SYFY.de@SD;SyFy.pt@HD;SyFy.pt@SD;Syfy.es@SD;Syfy.fr@SD;Syfy.pt@SD;Syfy.us@East;SyfyLatinAmerica.us@Brazil,sites/epgshare01.online/epgshare01.online_DE1.channels.xml
Syfy D,epgshare01.online,CH1#Syfy.D.ch,de,UNMATCHED,,sites/epgshare01.online/epgshare01.online_CH1.channels.xml
Syri TV,epgshare01.online,CH1#Syri.TV.ch,de,AMBIGUOUS,Syri.al@SD;TVSyri.xk@SD,sites/epgshare01.online/epgshare01.online_CH1.channels.xml
Tele 1,epgshare01.online,CH1#Tele.1.ch,de,AMBIGUOUS,Tele1.ch@SD;Tele1.tr@SD,sites/epgshare01.online/epgshare01.online_CH1.channels.xml
Tele 5,epgshare01.online,CH1#Tele.5.ch,de,AMBIGUOUS,TELE5.de@SD;Tele5.pl@SD,sites/epgshare01.online/epgshare01.online_CH1.channels.xml
Tele 5,epgshare01.online,DE1#Tele.5.de,de,AMBIGUOUS,TELE5.de@SD;Tele5.pl@SD,sites/epgshare01.online/epgshare01.online_DE1.channels.xml
Telecity 7 Gold,epgshare01.online,CH1#Telecity.7.Gold.ch,de,UNMATCHED,,sites/epgshare01.online/epgshare01.online_CH1.channels.xml
Teleswizz,epgshare01.online,CH1#Teleswizz.ch,de,UNMATCHED,,sites/epgshare01.online/epgshare01.online_CH1.channels.xml
Test Italia,epgshare01.online,CH1#Test.Italia.ch,de,UNMATCHED,,sites/epgshare01.online/epgshare01.online_CH1.channels.xml
TF1,epgshare01.online,CH1#TF1.ch,de,AMBIGUOUS,TF1.fr@SD;TF1Switzerland.ch@SD,sites/epgshare01.online/epgshare01.online_CH1.channels.xml
TFX,epgshare01.online,CH1#TFX.ch,de,AMBIGUOUS,TFX.fr@SD;TFXSwitzerland.ch@SD,sites/epgshare01.online/epgshare01.online_CH1.channels.xml
Tiji,epgshare01.online,CH1#Tiji.ch,de,AMBIGUOUS,TiJi.fr@SD;TiJi.ru@SD,sites/epgshare01.online/epgshare01.online_CH1.channels.xml
TLC,epgshare01.online,CH1#TLC.ch,de,AMBIGUOUS,HGTV.uk@SD;TLC.at@SD;TLC.au@SD;TLC.de@SD;TLC.fi@SD;TLC.fr@SD;TLC.ie@SD;TLC.in@SD;TLC.nl@SD;TLC.nz@SD;TLC.pl@SD;TLC.pt@HD;TLC.pt@SD;TLC.ro@SD;TLC.ru@SD;TLC.se@SD;TLC.si@SD;TLC.tr@SD;TLC.uk@SD;TLC.us@East;TLCBalkan.us@SD;TLCLatinAmerica.us@Brazil;TLCLatinAmerica.us@Panregional;TLCLatinAmerica.us@South;TLCSoutheastAsia.sg@SD,sites/epgshare01.online/epgshare01.online_CH1.channels.xml
TLC,epgshare01.online,DE1#TLC.de,de,AMBIGUOUS,HGTV.uk@SD;TLC.at@SD;TLC.au@SD;TLC.de@SD;TLC.fi@SD;TLC.fr@SD;TLC.ie@SD;TLC.in@SD;TLC.nl@SD;TLC.nz@SD;TLC.pl@SD;TLC.pt@HD;TLC.pt@SD;TLC.ro@SD;TLC.ru@SD;TLC.se@SD;TLC.si@SD;TLC.tr@SD;TLC.uk@SD;TLC.us@East;TLCBalkan.us@SD;TLCLatinAmerica.us@Brazil;TLCLatinAmerica.us@Panregional;TLCLatinAmerica.us@South;TLCSoutheastAsia.sg@SD,sites/epgshare01.online/epgshare01.online_DE1.channels.xml
Tlnovelas,epgshare01.online,CH1#Tlnovelas.ch,de,AMBIGUOUS,TlnovelasEuropa.mx@SD;TlnovelasLatinAmerica.mx@SD;TlnovelasMexico.mx@SD,sites/epgshare01.online/epgshare01.online_CH1.channels.xml
Toonami,epgshare01.online,CH1#Toonami.ch,de,AMBIGUOUS,Toonami.fr@SD;ToonamiAfrica.us@SD,sites/epgshare01.online/epgshare01.online_CH1.channels.xml
Toute l&apos;Histoire,epgshare01.online,CH1#Toute.l'Histoire.ch,de,UNMATCHED,,sites/epgshare01.online/epgshare01.online_CH1.channels.xml
Trace TV,epgshare01.online,DE1#Trace.TV.de,de,UNMATCHED,,sites/epgshare01.online/epgshare01.online_DE1.channels.xml
Trace Urban,epgshare01.online,CH1#Trace.Urban.ch,de,AMBIGUOUS,TraceUrban.fr@SD;TraceUrban.pt@HD,sites/epgshare01.online/epgshare01.online_CH1.channels.xml
travelxp 4K,epgshare01.online,DE1#travelxp.4K.de,de,UNMATCHED,,sites/epgshare01.online/epgshare01.online_DE1.channels.xml
Turkmax Gurme,epgshare01.online,DE1#Turkmax.Gurme.de,de,UNMATCHED,,sites/epgshare01.online/epgshare01.online_DE1.channels.xml
TV Central,epgshare01.online,CH1#TV.Central.ch,de,UNMATCHED,,sites/epgshare01.online/epgshare01.online_CH1.channels.xml
TV Romania International,epgshare01.online,CH1#TV.Romania.International.ch,de,AMBIGUOUS,InfoTVRomania.ro@SD;TVRInternational.ro@SD,sites/epgshare01.online/epgshare01.online_CH1.channels.xml
TV Suisseplus,epgshare01.online,CH1#TV.Suisseplus.ch,de,UNMATCHED,,sites/epgshare01.online/epgshare01.online_CH1.channels.xml
TV2,epgshare01.online,DE1#TV2.de,de,AMBIGUOUS,TV2.dk@SD;TV2.hu@SD;TV2.my@SD;TVNZ2.nz@SD;ZNBCTV2.zm@SD,sites/epgshare01.online/epgshare01.online_DE1.channels.xml
TV5 Monde,epgshare01.online,DE1#TV5.Monde.de,de,AMBIGUOUS,TV5Monde.fr@SD;TV5MondeAfrica.fr@SD;TV5MondeAsia.fr@SD;TV5MondeEurope.fr@SD;TV5MondeFranceBelgiumSwitzerlandMonaco.fr@SD;TV5MondeLatinAmerica.fr@SD,sites/epgshare01.online/epgshare01.online_DE1.channels.xml
TV8,epgshare01.online,CH1#TV8.ch,de,AMBIGUOUS,TV8.it@SD;TV8.lt@SD;TV8.mn@SD;TV8.se@SD;TV8.tr@SD,sites/epgshare01.online/epgshare01.online_CH1.channels.xml
TVE Internacional,epgshare01.online,CH1#TVE.Internacional.ch,de,AMBIGUOUS,TVEInternacional.es@HD;TVEInternacionalEurope.es@SD;TVEInternacionalEuropeAsia.es@SD,sites/epgshare01.online/epgshare01.online_CH1.channels.xml
Twitch,epgshare01.online,CH1#Twitch.ch,de,UNMATCHED,,sites/epgshare01.online/epgshare01.online_CH1.channels.xml
Télétoon+,epgshare01.online,CH1#Télétoon+.ch,de,AMBIGUOUS,TeletoonPlus.fr@SD;TeletoonPlus.pl@SD,sites/epgshare01.online/epgshare01.online_CH1.channels.xml
UA TV,epgshare01.online,CH1#UA.TV.ch,de,UNMATCHED,,sites/epgshare01.online/epgshare01.online_CH1.channels.xml
UHD1,epgshare01.online,DE1#UHD1.de,de,UNMATCHED,,sites/epgshare01.online/epgshare01.online_DE1.channels.xml
Universal Channel HD,epgshare01.online,DE1#Universal.Channel.HD.de,de,UNMATCHED,,sites/epgshare01.online/epgshare01.online_DE1.channels.xml
Universal TV,epgshare01.online,CH1#Universal.TV.ch,de,AMBIGUOUS,UniversalTV.au@SD;UniversalTV.de@SD;UniversalTVLatinAmerica.us@Chile;UniversalTVLatinAmerica.us@Mexico;UniversalTVLatinAmerica.us@Panregional;UniversalTVLatinAmerica.us@South,sites/epgshare01.online/epgshare01.online_CH1.channels.xml
Utsav Plus,epgshare01.online,CH1#Utsav.Plus.ch,de,AMBIGUOUS,UtsavPlus.in@SD;UtsavPlus.uk@SD,sites/epgshare01.online/epgshare01.online_CH1.channels.xml
Vernier Visions,epgshare01.online,CH1#Vernier.Visions.ch,de,UNMATCHED,,sites/epgshare01.online/epgshare01.online_CH1.channels.xml
Vijay TV,epgshare01.online,CH1#Vijay.TV.ch,de,AMBIGUOUS,StarVijay.in@APAC;VijayTVAsia.in@SD,sites/epgshare01.online/epgshare01.online_CH1.channels.xml
VOX,epgshare01.online,CH1#VOX.ch,de,AMBIGUOUS,VOX.at@SD;VOX.de@SD,sites/epgshare01.online/epgshare01.online_CH1.channels.xml
VOX,epgshare01.online,DE1#VOX.de,de,AMBIGUOUS,VOX.at@SD;VOX.de@SD,sites/epgshare01.online/epgshare01.online_DE1.channels.xml
W9,epgshare01.online,CH1#W9.ch,de,AMBIGUOUS,W9.fr@SD;W9Switzerland.ch@SD,sites/epgshare01.online/epgshare01.online_CH1.channels.xml
Warner TV,epgshare01.online,CH1#Warner.TV.ch,de,AMBIGUOUS,TNT.es@SD;WarnerTV.es@SD;WarnerTV.fr@SD;WarnerTV.it@SD;WarnerTV.pl@SD;WarnerTV.ro@SD;WarnerTVAsia.us@SD,sites/epgshare01.online/epgshare01.online_CH1.channels.xml
WDR,epgshare01.online,CH1#WDR.ch,de,AMBIGUOUS,WDRFernsehen.de;WDRFernsehen.de@Koln,sites/epgshare01.online/epgshare01.online_CH1.channels.xml
WDR,epgshare01.online,DE1#WDR.de,de,AMBIGUOUS,WDRFernsehen.de;WDRFernsehen.de@Koln,sites/epgshare01.online/epgshare01.online_DE1.channels.xml
ZDF select (Logo VOD),epgshare01.online,CH1#ZDF.select.(Logo.VOD).ch,de,UNMATCHED,,sites/epgshare01.online/epgshare01.online_CH1.channels.xml
ZDFtivi select (Logo VOD),epgshare01.online,CH1#ZDFtivi.select.(Logo.VOD).ch,de,UNMATCHED,,sites/epgshare01.online/epgshare01.online_CH1.channels.xml
21 Jump Street,i.mjh.nz,PlutoTV/de#686cffbf3ffa5e0c91cdcfb3,de,UNMATCHED,,sites/i.mjh.nz/i.mjh.nz_pluto.channels.xml
90210,i.mjh.nz,PlutoTV/de#65a67dd13af63d0008257f17,de,UNMATCHED,,sites/i.mjh.nz/i.mjh.nz_pluto.channels.xml
Abschnitt 40 / GSG9,i.mjh.nz,SamsungTVPlus/at#AT3400006VA,de,UNMATCHED,,sites/i.mjh.nz/i.mjh.nz_samsung.channels.xml
Abschnitt 40 / GSG9,i.mjh.nz,SamsungTVPlus/ch#CH3400004AF,de,UNMATCHED,,sites/i.mjh.nz/i.mjh.nz_samsung.channels.xml
Abschnitt 40 / GSG9,i.mjh.nz,SamsungTVPlus/de#DE3400005QJ,de,UNMATCHED,,sites/i.mjh.nz/i.mjh.nz_samsung.channels.xml
Actionfilme - Rakuten TV,i.mjh.nz,SamsungTVPlus/at#AT26000054S,de,UNMATCHED,,sites/i.mjh.nz/i.mjh.nz_samsung.channels.xml
Actionfilme - Rakuten TV,i.mjh.nz,SamsungTVPlus/ch#CH2600004R1,de,UNMATCHED,,sites/i.mjh.nz/i.mjh.nz_samsung.channels.xml
Actionfilme - Rakuten TV,i.mjh.nz,SamsungTVPlus/de#DE2600005XA,de,UNMATCHED,,sites/i.mjh.nz/i.mjh.nz_samsung.channels.xml
ADN [FR],i.mjh.nz,SamsungTVPlus/ch#CHBD5100001EF,de,UNMATCHED,,sites/i.mjh.nz/i.mjh.nz_samsung.channels.xml
Alarm für Cobra 11 / Balko,i.mjh.nz,SamsungTVPlus/at#AT300009BI,de,UNMATCHED,,sites/i.mjh.nz/i.mjh.nz_samsung.channels.xml
Alarm für Cobra 11 / Balko,i.mjh.nz,SamsungTVPlus/ch#CH300006UT,de,UNMATCHED,,sites/i.mjh.nz/i.mjh.nz_samsung.channels.xml
Alarm für Cobra 11 / Balko,i.mjh.nz,SamsungTVPlus/de#DE300020D3,de,UNMATCHED,,sites/i.mjh.nz/i.mjh.nz_samsung.channels.xml
Alberto Sordi &amp; Co,i.mjh.nz,SamsungTVPlus/ch#CHBA3300016BA,de,UNMATCHED,,sites/i.mjh.nz/i.mjh.nz_samsung.channels.xml
Alerte Cobra,i.mjh.nz,SamsungTVPlus/ch#CH3600001HH,de,UNMATCHED,,sites/i.mjh.nz/i.mjh.nz_samsung.channels.xml
Alerte à Malibu [FR],i.mjh.nz,SamsungTVPlus/ch#CHBD2000023S,de,UNMATCHED,,sites/i.mjh.nz/i.mjh.nz_samsung.channels.xml
All Romance,i.mjh.nz,SamsungTVPlus/de#DE16000042J,de,UNMATCHED,,sites/i.mjh.nz/i.mjh.nz_samsung.channels.xml
Alle hassen Chris,i.mjh.nz,PlutoTV/de#622f6e1e2792150007e0b2ff,de,UNMATCHED,,sites/i.mjh.nz/i.mjh.nz_pluto.channels.xml
AMC Stories,i.mjh.nz,SamsungTVPlus/at#AT3000006M1,de,UNMATCHED,,sites/i.mjh.nz/i.mjh.nz_samsung.channels.xml
AMC Stories,i.mjh.nz,SamsungTVPlus/de#DE3000009SE,de,UNMATCHED,,sites/i.mjh.nz/i.mjh.nz_samsung.channels.xml
Andromeda,i.mjh.nz,PlutoTV/de#663a163f8ea5560008a3f234,de,AMBIGUOUS,Andromeda.us;Andromeda.us@Italy;Andromeda.us@Spain;Andromeda.us@UK,sites/i.mjh.nz/i.mjh.nz_pluto.channels.xml
Andromeda,i.mjh.nz,SamsungTVPlus/at#AT4400002IB,de,AMBIGUOUS,Andromeda.us;Andromeda.us@Italy;Andromeda.us@Spain;Andromeda.us@UK,sites/i.mjh.nz/i.mjh.nz_samsung.channels.xml
Andromeda,i.mjh.nz,SamsungTVPlus/ch#CH4400002F5,de,AMBIGUOUS,Andromeda.us;Andromeda.us@Italy;Andromeda.us@Spain;Andromeda.us@UK,sites/i.mjh.nz/i.mjh.nz_samsung.channels.xml
Andromeda,i.mjh.nz,SamsungTVPlus/de#DE4400002AE,de,AMBIGUOUS,Andromeda.us;Andromeda.us@Italy;Andromeda.us@Spain;Andromeda.us@UK,sites/i.mjh.nz/i.mjh.nz_samsung.channels.xml
Aniverse TV,i.mjh.nz,SamsungTVPlus/at#ATBD390000167,de,UNMATCHED,,sites/i.mjh.nz/i.mjh.nz_samsung.channels.xml
Aniverse TV,i.mjh.nz,SamsungTVPlus/ch#CHBD39000015L,de,UNMATCHED,,sites/i.mjh.nz/i.mjh.nz_samsung.channels.xml
Aniverse TV,i.mjh.nz,SamsungTVPlus/de#DEBD390000181,de,UNMATCHED,,sites/i.mjh.nz/i.mjh.nz_samsung.channels.xml
ARD Plus Krimi,i.mjh.nz,SamsungTVPlus/de#DE4300001HK,de,UNMATCHED,,sites/i.mjh.nz/i.mjh.nz_samsung.channels.xml
Artflix,i.mjh.nz,SamsungTVPlus/at#ATAJ0500454A,de,UNMATCHED,,sites/i.mjh.nz/i.mjh.nz_samsung.channels.xml
Artflix,i.mjh.nz,SamsungTVPlus/ch#CHAJ0500455A,de,UNMATCHED,,sites/i.mjh.nz/i.mjh.nz_samsung.channels.xml
Artflix,i.mjh.nz,SamsungTVPlus/de#DEAK0500448A,de,UNMATCHED,,sites/i.mjh.nz/i.mjh.nz_samsung.channels.xml
Assassination Classroom,i.mjh.nz,PlutoTV/de#65a7d99f4a10d800086083a9,de,UNMATCHED,,sites/i.mjh.nz/i.mjh.nz_pluto.channels.xml
auto motor und sport,i.mjh.nz,SamsungTVPlus/at#ATAJ0500458A,de,AMBIGUOUS,AutoMotorogSportTV.no@SD;automotorundsportchannel.de@SD,sites/i.mjh.nz/i.mjh.nz_samsung.channels.xml
auto motor und sport,i.mjh.nz,SamsungTVPlus/ch#CHAJ0500459A,de,AMBIGUOUS,AutoMotorogSportTV.no@SD;automotorundsportchannel.de@SD,sites/i.mjh.nz/i.mjh.nz_samsung.channels.xml
auto motor und sport,i.mjh.nz,SamsungTVPlus/de#DEAK0500452A,de,AMBIGUOUS,AutoMotorogSportTV.no@SD;automotorundsportchannel.de@SD,sites/i.mjh.nz/i.mjh.nz_samsung.channels.xml
Awkward,i.mjh.nz,PlutoTV/de#62bc1784120ba80007935aaa,de,UNMATCHED,,sites/i.mjh.nz/i.mjh.nz_pluto.channels.xml
Ax Men - Die Holzfäller,i.mjh.nz,PlutoTV/de#6914913274601d957ae35565,de,UNMATCHED,,sites/i.mjh.nz/i.mjh.nz_pluto.channels.xml
Ax Men - Die Holzfäller,i.mjh.nz,SamsungTVPlus/de#DE46000025H,de,UNMATCHED,,sites/i.mjh.nz/i.mjh.nz_samsung.channels.xml
Axel!,i.mjh.nz,PlutoTV/de#667d63d236a2f90008f72269,de,UNMATCHED,,sites/i.mjh.nz/i.mjh.nz_pluto.channels.xml
Bares für Rares,i.mjh.nz,SamsungTVPlus/de#DEBD30000014M,de,UNMATCHED,,sites/i.mjh.nz/i.mjh.nz_samsung.channels.xml
BBC Earth,i.mjh.nz,SamsungTVPlus/de#DE3200001RI,de,AMBIGUOUS,BBCEarth.uk@Asia;BBCEarth.uk@Canada;BBCEarth.uk@NewZealand;BBCEarth.uk@Nordic;BBCEarth.uk@Poland;BBCEarth.uk@Romania;BBCEarth.uk@Slovenia;BBCEarth.uk@US,sites/i.mjh.nz/i.mjh.nz_samsung.channels.xml
BBC History,i.mjh.nz,SamsungTVPlus/de#DE2900003ED,de,UNMATCHED,,sites/i.mjh.nz/i.mjh.nz_samsung.channels.xml
BBC Series,i.mjh.nz,SamsungTVPlus/at#AT2100004P1,de,AMBIGUOUS,BBCDrama.uk@France;BBCDrama.uk@Spain,sites/i.mjh.nz/i.mjh.nz_samsung.channels.xml
BBC Series,i.mjh.nz,SamsungTVPlus/ch#CH2100003MU,de,AMBIGUOUS,BBCDrama.uk@France;BBCDrama.uk@Spain,sites/i.mjh.nz/i.mjh.nz_samsung.channels.xml
BBC Series,i.mjh.nz,SamsungTVPlus/de#DE21000031Z,de,AMBIGUOUS,BBCDrama.uk@France;BBCDrama.uk@Spain,sites/i.mjh.nz/i.mjh.nz_samsung.channels.xml
Becker,i.mjh.nz,PlutoTV/de#630348a54c48ce00077eb6c7,de,UNMATCHED,,sites/i.mjh.nz/i.mjh.nz_pluto.channels.xml
Beelzebub,i.mjh.nz,PlutoTV/de#67fe498f9ebfe4142424c55d,de,UNMATCHED,,sites/i.mjh.nz/i.mjh.nz_pluto.channels.xml
Beyblade,i.mjh.nz,SamsungTVPlus/at#AT2300003IC,de,UNMATCHED,,sites/i.mjh.nz/i.mjh.nz_samsung.channels.xml
Beyblade,i.mjh.nz,SamsungTVPlus/ch#CH230000401,de,UNMATCHED,,sites/i.mjh.nz/i.mjh.nz_samsung.channels.xml
Beyblade,i.mjh.nz,SamsungTVPlus/de#DE1400001OB,de,UNMATCHED,,sites/i.mjh.nz/i.mjh.nz_samsung.channels.xml
BIG BROTHER CLASSIC,i.mjh.nz,PlutoTV/de#663e09e4b18d700008e48dcf,de,UNMATCHED,,sites/i.mjh.nz/i.mjh.nz_pluto.channels.xml
Big Brother Classics,i.mjh.nz,SamsungTVPlus/at#AT2800001N5,de,UNMATCHED,,sites/i.mjh.nz/i.mjh.nz_samsung.channels.xml
Big Brother Classics,i.mjh.nz,SamsungTVPlus/ch#CH28000014U,de,UNMATCHED,,sites/i.mjh.nz/i.mjh.nz_samsung.channels.xml
Big Brother Classics,i.mjh.nz,SamsungTVPlus/de#DE2800002LK,de,UNMATCHED,,sites/i.mjh.nz/i.mjh.nz_samsung.channels.xml
Bloomberg TV+,i.mjh.nz,SamsungTVPlus/at#ATBA3300018K1,de,AMBIGUOUS,BloombergTV.us@Europe;BloombergTV.us@Plus;BloombergTV.us@US,sites/i.mjh.nz/i.mjh.nz_samsung.channels.xml
Bloomberg TV+,i.mjh.nz,SamsungTVPlus/ch#CHBA3300018TD,de,AMBIGUOUS,BloombergTV.us@Europe;BloombergTV.us@Plus;BloombergTV.us@US,sites/i.mjh.nz/i.mjh.nz_samsung.channels.xml
Bloomberg TV+,i.mjh.nz,SamsungTVPlus/de#DEBA3300027ZJ,de,AMBIGUOUS,BloombergTV.us@Europe;BloombergTV.us@Plus;BloombergTV.us@US,sites/i.mjh.nz/i.mjh.nz_samsung.channels.xml
Blue Mountain State,i.mjh.nz,PlutoTV/de#67ff7dd84906b1acfad97330,de,UNMATCHED,,sites/i.mjh.nz/i.mjh.nz_pluto.channels.xml
Bob Ross: Die Freude am Malen,i.mjh.nz,SamsungTVPlus/de#DE160000644,de,UNMATCHED,,sites/i.mjh.nz/i.mjh.nz_samsung.channels.xml
Bronco,i.mjh.nz,PlutoTV/de#684ac10236c9361b1977f7bc,de,UNMATCHED,,sites/i.mjh.nz/i.mjh.nz_pluto.channels.xml
BVB-Frauen,i.mjh.nz,PlutoTV/de#66337ea1307fa300082c28a0,de,UNMATCHED,,sites/i.mjh.nz/i.mjh.nz_pluto.channels.xml
Call My Agent!,i.mjh.nz,PlutoTV/de#69776f2b2c00406316a01945,de,UNMATCHED,,sites/i.mjh.nz/i.mjh.nz_pluto.channels.xml
CAR CITY ADVENTURES,i.mjh.nz,SamsungTVPlus/at#AT1900003VW,de,UNMATCHED,,sites/i.mjh.nz/i.mjh.nz_samsung.channels.xml
CAR CITY ADVENTURES,i.mjh.nz,SamsungTVPlus/de#DE2000004BG,de,UNMATCHED,,sites/i.mjh.nz/i.mjh.nz_samsung.channels.xml
Chefclub TV [FR],i.mjh.nz,SamsungTVPlus/ch#CHBB3900006JN,de,UNMATCHED,,sites/i.mjh.nz/i.mjh.nz_samsung.channels.xml
CineWestern,i.mjh.nz,SamsungTVPlus/ch#CHAJ3500001Z8,de,UNMATCHED,,sites/i.mjh.nz/i.mjh.nz_samsung.channels.xml
Ciné Nanar [FR],i.mjh.nz,SamsungTVPlus/ch#CHBB3900007I2,de,UNMATCHED,,sites/i.mjh.nz/i.mjh.nz_samsung.channels.xml
CNN,i.mjh.nz,SamsungTVPlus/at#ATBD800001VA,de,AMBIGUOUS,CNN.us@SD;CNNIndonesia.id@SD;CNNInternational.us@AsiaPacific;CNNInternational.us@LatinAmerica;CNNInternational.us@MENA;CNNInternational.us@NorthAmerica,sites/i.mjh.nz/i.mjh.nz_samsung.channels.xml
CNN,i.mjh.nz,SamsungTVPlus/ch#CHBD800001D0,de,AMBIGUOUS,CNN.us@SD;CNNIndonesia.id@SD;CNNInternational.us@AsiaPacific;CNNInternational.us@LatinAmerica;CNNInternational.us@MENA;CNNInternational.us@NorthAmerica,sites/i.mjh.nz/i.mjh.nz_samsung.channels.xml
CNN,i.mjh.nz,SamsungTVPlus/de#DEBD800001S4,de,AMBIGUOUS,CNN.us@SD;CNNIndonesia.id@SD;CNNInternational.us@AsiaPacific;CNNInternational.us@LatinAmerica;CNNInternational.us@MENA;CNNInternational.us@NorthAmerica,sites/i.mjh.nz/i.mjh.nz_samsung.channels.xml
CNN Headlines International,i.mjh.nz,PlutoTV/de#66337e365a402e00087eccaf,de,UNMATCHED,,sites/i.mjh.nz/i.mjh.nz_pluto.channels.xml
CNN Headlines International,i.mjh.nz,SamsungTVPlus/at#ATBD190000101,de,UNMATCHED,,sites/i.mjh.nz/i.mjh.nz_samsung.channels.xml
CNN Headlines International,i.mjh.nz,SamsungTVPlus/ch#CHBD1900001JB,de,UNMATCHED,,sites/i.mjh.nz/i.mjh.nz_samsung.channels.xml
CNN Headlines International,i.mjh.nz,SamsungTVPlus/de#DEBD19000012M,de,UNMATCHED,,sites/i.mjh.nz/i.mjh.nz_samsung.channels.xml
Comedy &amp; Shows,i.mjh.nz,SamsungTVPlus/at#AT3400004QH,de,UNMATCHED,,sites/i.mjh.nz/i.mjh.nz_samsung.channels.xml
Comedy &amp; Shows,i.mjh.nz,SamsungTVPlus/ch#CH340000286,de,UNMATCHED,,sites/i.mjh.nz/i.mjh.nz_samsung.channels.xml
Comedy &amp; Shows,i.mjh.nz,SamsungTVPlus/de#DE3400003PW,de,UNMATCHED,,sites/i.mjh.nz/i.mjh.nz_samsung.channels.xml
Comedy Central Pluto TV,i.mjh.nz,SamsungTVPlus/at#ATAK3504510A,de,AMBIGUOUS,ComedyCentralPlutoTV.us@BR;ComedyCentralPlutoTV.us@LatAm;ComedyCentralPlutoTV.us@US,sites/i.mjh.nz/i.mjh.nz_samsung.channels.xml
Comedy Central Pluto TV,i.mjh.nz,SamsungTVPlus/ch#CHAK3504510A,de,AMBIGUOUS,ComedyCentralPlutoTV.us@BR;ComedyCentralPlutoTV.us@LatAm;ComedyCentralPlutoTV.us@US,sites/i.mjh.nz/i.mjh.nz_samsung.channels.xml
Comedy Central Pluto TV,i.mjh.nz,SamsungTVPlus/de#DEAK3504500A,de,AMBIGUOUS,ComedyCentralPlutoTV.us@BR;ComedyCentralPlutoTV.us@LatAm;ComedyCentralPlutoTV.us@US,sites/i.mjh.nz/i.mjh.nz_samsung.channels.xml
Comedy Mix,i.mjh.nz,SamsungTVPlus/at#ATBD41000046O,de,UNMATCHED,,sites/i.mjh.nz/i.mjh.nz_samsung.channels.xml
Comedy Mix,i.mjh.nz,SamsungTVPlus/ch#CHBD41000043H,de,UNMATCHED,,sites/i.mjh.nz/i.mjh.nz_samsung.channels.xml
Comedy Mix,i.mjh.nz,SamsungTVPlus/de#DEBC3000002Z5,de,UNMATCHED,,sites/i.mjh.nz/i.mjh.nz_samsung.channels.xml
Cool Summer Channel,i.mjh.nz,SamsungTVPlus/de#DE2500001DO,de,UNMATCHED,,sites/i.mjh.nz/i.mjh.nz_samsung.channels.xml
Crime Serien - Rakuten TV,i.mjh.nz,SamsungTVPlus/at#AT260000634,de,UNMATCHED,,sites/i.mjh.nz/i.mjh.nz_samsung.channels.xml
Crime Serien - Rakuten TV,i.mjh.nz,SamsungTVPlus/ch#CH2600007IJ,de,UNMATCHED,,sites/i.mjh.nz/i.mjh.nz_samsung.channels.xml
Crime Serien - Rakuten TV,i.mjh.nz,SamsungTVPlus/de#DE2600004U3,de,UNMATCHED,,sites/i.mjh.nz/i.mjh.nz_samsung.channels.xml
Crimify,i.mjh.nz,SamsungTVPlus/at#AT900003TU,de,UNMATCHED,,sites/i.mjh.nz/i.mjh.nz_samsung.channels.xml
Crimify,i.mjh.nz,SamsungTVPlus/ch#CH900002UF,de,UNMATCHED,,sites/i.mjh.nz/i.mjh.nz_samsung.channels.xml
Crimify,i.mjh.nz,SamsungTVPlus/de#DE1600005LU,de,UNMATCHED,,sites/i.mjh.nz/i.mjh.nz_samsung.channels.xml
CURIOSITY Now,i.mjh.nz,SamsungTVPlus/at#ATBA3300008ZT,de,AMBIGUOUS,CuriosityNOW.de@DE;CuriosityNOW.de@EN,sites/i.mjh.nz/i.mjh.nz_samsung.channels.xml
CURIOSITY Now,i.mjh.nz,SamsungTVPlus/ch#CHBD1400001NP,de,AMBIGUOUS,CuriosityNOW.de@DE;CuriosityNOW.de@EN,sites/i.mjh.nz/i.mjh.nz_samsung.channels.xml
CURIOSITY Now,i.mjh.nz,SamsungTVPlus/de#DEBA3300014CV,de,AMBIGUOUS,CuriosityNOW.de@DE;CuriosityNOW.de@EN,sites/i.mjh.nz/i.mjh.nz_samsung.channels.xml
Dating hinter Gittern,i.mjh.nz,PlutoTV/de#691b2b690d121b44ad4a53ef,de,UNMATCHED,,sites/i.mjh.nz/i.mjh.nz_pluto.channels.xml
Dating hinter Gittern,i.mjh.nz,SamsungTVPlus/at#AT30000053R,de,UNMATCHED,,sites/i.mjh.nz/i.mjh.nz_samsung.channels.xml
Dating hinter Gittern,i.mjh.nz,SamsungTVPlus/ch#CH3000003NM,de,UNMATCHED,,sites/i.mjh.nz/i.mjh.nz_samsung.channels.xml
Dating hinter Gittern,i.mjh.nz,SamsungTVPlus/de#DE3000008RT,de,UNMATCHED,,sites/i.mjh.nz/i.mjh.nz_samsung.channels.xml
DAZN FAST+,i.mjh.nz,SamsungTVPlus/at#ATBC4700001JX,de,UNMATCHED,,sites/i.mjh.nz/i.mjh.nz_samsung.channels.xml
DAZN FAST+,i.mjh.nz,SamsungTVPlus/de#DEBC470000128,de,UNMATCHED,,sites/i.mjh.nz/i.mjh.nz_samsung.channels.xml
DAZN Rise,i.mjh.nz,SamsungTVPlus/at#ATBD700001VF,de,UNMATCHED,,sites/i.mjh.nz/i.mjh.nz_samsung.channels.xml
DAZN Rise,i.mjh.nz,SamsungTVPlus/de#DEBD700001C5,de,UNMATCHED,,sites/i.mjh.nz/i.mjh.nz_samsung.channels.xml
DDR TV-Archiv,i.mjh.nz,SamsungTVPlus/at#AT2400001WV,de,UNMATCHED,,sites/i.mjh.nz/i.mjh.nz_samsung.channels.xml
DDR TV-Archiv,i.mjh.nz,SamsungTVPlus/de#DE2400001DK,de,UNMATCHED,,sites/i.mjh.nz/i.mjh.nz_samsung.channels.xml
DEFA TV,i.mjh.nz,SamsungTVPlus/de#DEBD2700001ID,de,UNMATCHED,,sites/i.mjh.nz/i.mjh.nz_samsung.channels.xml
Deluxe Deutschpop,i.mjh.nz,SamsungTVPlus/at#ATBA1500029H6,de,UNMATCHED,,sites/i.mjh.nz/i.mjh.nz_samsung.channels.xml
Deluxe Deutschpop,i.mjh.nz,SamsungTVPlus/ch#CHBA1500029TL,de,UNMATCHED,,sites/i.mjh.nz/i.mjh.nz_samsung.channels.xml
Deluxe Deutschpop,i.mjh.nz,SamsungTVPlus/de#DEBA150003050,de,UNMATCHED,,sites/i.mjh.nz/i.mjh.nz_samsung.channels.xml
Deluxe Lounge HD,i.mjh.nz,SamsungTVPlus/at#ATAJ0500413A,de,AMBIGUOUS,DeluxeLounge.de@HD;DeluxeLounge.de@SD,sites/i.mjh.nz/i.mjh.nz_samsung.channels.xml
Deluxe Lounge HD,i.mjh.nz,SamsungTVPlus/ch#CHAJ0500413A,de,AMBIGUOUS,DeluxeLounge.de@HD;DeluxeLounge.de@SD,sites/i.mjh.nz/i.mjh.nz_samsung.channels.xml
Deluxe Lounge HD,i.mjh.nz,SamsungTVPlus/de#DEAH3904006A,de,AMBIGUOUS,DeluxeLounge.de@HD;DeluxeLounge.de@SD,sites/i.mjh.nz/i.mjh.nz_samsung.channels.xml
Deluxe Summertime,i.mjh.nz,SamsungTVPlus/at#AT3400007C0,de,UNMATCHED,,sites/i.mjh.nz/i.mjh.nz_samsung.channels.xml
Deluxe Summertime,i.mjh.nz,SamsungTVPlus/ch#CH3400005S4,de,UNMATCHED,,sites/i.mjh.nz/i.mjh.nz_samsung.channels.xml
Deluxe Summertime,i.mjh.nz,SamsungTVPlus/de#DE340000678,de,UNMATCHED,,sites/i.mjh.nz/i.mjh.nz_samsung.channels.xml
Der Bergdoktor,i.mjh.nz,PlutoTV/de#69b0167477cdde1f05c8a625,de,UNMATCHED,,sites/i.mjh.nz/i.mjh.nz_pluto.channels.xml
Der Chef,i.mjh.nz,PlutoTV/de#67dc21ce5a15c0759a07ee19,de,UNMATCHED,,sites/i.mjh.nz/i.mjh.nz_pluto.channels.xml
Der Denver-Clan,i.mjh.nz,PlutoTV/de#62cebd7302478b00073a6b71,de,UNMATCHED,,sites/i.mjh.nz/i.mjh.nz_pluto.channels.xml
Destination Nature [FR],i.mjh.nz,SamsungTVPlus/ch#CHBC4000006ZD,de,UNMATCHED,,sites/i.mjh.nz/i.mjh.nz_samsung.channels.xml
Deutsches Kino - Rakuten TV,i.mjh.nz,SamsungTVPlus/at#AT300000183,de,UNMATCHED,,sites/i.mjh.nz/i.mjh.nz_samsung.channels.xml
Deutsches Kino - Rakuten TV,i.mjh.nz,SamsungTVPlus/ch#CH3000001PT,de,UNMATCHED,,sites/i.mjh.nz/i.mjh.nz_samsung.channels.xml
Deutsches Kino - Rakuten TV,i.mjh.nz,SamsungTVPlus/de#DE30000067I,de,UNMATCHED,,sites/i.mjh.nz/i.mjh.nz_samsung.channels.xml
DF1,i.mjh.nz,SamsungTVPlus/de#DE400010IF,de,AMBIGUOUS,DF1.de@SD;ServusTV.at@SD,sites/i.mjh.nz/i.mjh.nz_samsung.channels.xml
Dhar Mann TV,i.mjh.nz,SamsungTVPlus/at#AT3800001SY,de,UNMATCHED,,sites/i.mjh.nz/i.mjh.nz_samsung.channels.xml
Dhar Mann TV,i.mjh.nz,SamsungTVPlus/ch#CH3800001TJ,de,UNMATCHED,,sites/i.mjh.nz/i.mjh.nz_samsung.channels.xml
Dhar Mann TV,i.mjh.nz,SamsungTVPlus/de#DE3800003CU,de,UNMATCHED,,sites/i.mjh.nz/i.mjh.nz_samsung.channels.xml
Die fliegenden Ärzte,i.mjh.nz,PlutoTV/de#688734b9035d6ef9c34aac16,de,UNMATCHED,,sites/i.mjh.nz/i.mjh.nz_pluto.channels.xml
Die glorreichen Sieben,i.mjh.nz,PlutoTV/de#69c2ac2b14c0213702da7a29,de,UNMATCHED,,sites/i.mjh.nz/i.mjh.nz_pluto.channels.xml
Die Nanny,i.mjh.nz,PlutoTV/de#66c6fc06489bab0008b6f9da,de,UNMATCHED,,sites/i.mjh.nz/i.mjh.nz_pluto.channels.xml
Die Sieben-Millionen-Dollar-Frau,i.mjh.nz,PlutoTV/de#677fb078a4af36ad50111032,de,UNMATCHED,,sites/i.mjh.nz/i.mjh.nz_pluto.channels.xml
Dominance FC TV,i.mjh.nz,PlutoTV/de#685aaec481c345899e4458bb,de,UNMATCHED,,sites/i.mjh.nz/i.mjh.nz_pluto.channels.xml
Don Matteo,i.mjh.nz,PlutoTV/de#686d004094a028da3aac8cb0,de,UNMATCHED,,sites/i.mjh.nz/i.mjh.nz_pluto.channels.xml
Don Matteo,i.mjh.nz,SamsungTVPlus/at#AT4400003Z1,de,UNMATCHED,,sites/i.mjh.nz/i.mjh.nz_samsung.channels.xml
Don Matteo,i.mjh.nz,SamsungTVPlus/ch#CH4400003WV,de,UNMATCHED,,sites/i.mjh.nz/i.mjh.nz_samsung.channels.xml
Don Matteo,i.mjh.nz,SamsungTVPlus/de#DE4400003R3,de,UNMATCHED,,sites/i.mjh.nz/i.mjh.nz_samsung.channels.xml
Drake &amp; Josh,i.mjh.nz,PlutoTV/de#65a67c494a10d800085cab06,de,UNMATCHED,,sites/i.mjh.nz/i.mjh.nz_pluto.channels.xml
Drama Filme - Rakuten TV,i.mjh.nz,SamsungTVPlus/at#AT2600004LH,de,UNMATCHED,,sites/i.mjh.nz/i.mjh.nz_samsung.channels.xml
Drama Filme - Rakuten TV,i.mjh.nz,SamsungTVPlus/ch#CH2600002VE,de,UNMATCHED,,sites/i.mjh.nz/i.mjh.nz_samsung.channels.xml
Drama Filme - Rakuten TV,i.mjh.nz,SamsungTVPlus/de#DE2600007ET,de,UNMATCHED,,sites/i.mjh.nz/i.mjh.nz_samsung.channels.xml
duckTV,i.mjh.nz,SamsungTVPlus/de#DEBC4700007JV,de,AMBIGUOUS,ducktv.sk@HD;ducktv.sk@SD,sites/i.mjh.nz/i.mjh.nz_samsung.channels.xml
Dyn Sport Mix,i.mjh.nz,PlutoTV/de#6866525c8a412a0e95c438b4,de,UNMATCHED,,sites/i.mjh.nz/i.mjh.nz_pluto.channels.xml
Echappées belles &amp; co [FR],i.mjh.nz,SamsungTVPlus/ch#CHBC40000027S,de,UNMATCHED,,sites/i.mjh.nz/i.mjh.nz_samsung.channels.xml
Ein Engel auf Erden,i.mjh.nz,PlutoTV/de#622f487722d9d400075f74dd,de,UNMATCHED,,sites/i.mjh.nz/i.mjh.nz_pluto.channels.xml
Eine himmlische Familie,i.mjh.nz,PlutoTV/de#66a244d5cd0d3100083b1e47,de,UNMATCHED,,sites/i.mjh.nz/i.mjh.nz_pluto.channels.xml
Eine schrecklich nette Familie,i.mjh.nz,PlutoTV/de#67a324d221af380008105d6f,de,UNMATCHED,,sites/i.mjh.nz/i.mjh.nz_pluto.channels.xml
Emily Erdbeer,i.mjh.nz,SamsungTVPlus/de#DE3900001WX,de,UNMATCHED,,sites/i.mjh.nz/i.mjh.nz_samsung.channels.xml
Emotion'L [FR],i.mjh.nz,SamsungTVPlus/ch#CHBB3400001IU,de,UNMATCHED,,sites/i.mjh.nz/i.mjh.nz_samsung.channels.xml
Enquêtes de Choc [FR],i.mjh.nz,SamsungTVPlus/ch#CHBC3500001NJ,de,UNMATCHED,,sites/i.mjh.nz/i.mjh.nz_samsung.channels.xml
Entertainment Mix,i.mjh.nz,SamsungTVPlus/de#DEBC4700002Z2,de,UNMATCHED,,sites/i.mjh.nz/i.mjh.nz_samsung.channels.xml
Euronews LIVE,i.mjh.nz,SamsungTVPlus/at#AT2600002KW,de,UNMATCHED,,sites/i.mjh.nz/i.mjh.nz_samsung.channels.xml
Euronews LIVE,i.mjh.nz,SamsungTVPlus/ch#CH26000037F,de,UNMATCHED,,sites/i.mjh.nz/i.mjh.nz_samsung.channels.xml
Euronews LIVE,i.mjh.nz,SamsungTVPlus/de#DE2600003TR,de,UNMATCHED,,sites/i.mjh.nz/i.mjh.nz_samsung.channels.xml
F.B.I. Files,i.mjh.nz,PlutoTV/de#64eddce19001910008df22b8,de,UNMATCHED,,sites/i.mjh.nz/i.mjh.nz_pluto.channels.xml
Fabella,i.mjh.nz,SamsungTVPlus/at#ATBA1500012BI,de,UNMATCHED,,sites/i.mjh.nz/i.mjh.nz_samsung.channels.xml
Fabella,i.mjh.nz,SamsungTVPlus/ch#CHBA1500012K9,de,UNMATCHED,,sites/i.mjh.nz/i.mjh.nz_samsung.channels.xml
Fabella,i.mjh.nz,SamsungTVPlus/de#DEBA15000130L,de,UNMATCHED,,sites/i.mjh.nz/i.mjh.nz_samsung.channels.xml
FailArmy,i.mjh.nz,SamsungTVPlus/at#ATAJ32000027V,de,AMBIGUOUS,FailArmy.us@Brazil;FailArmy.us@France;FailArmy.us@Italy;FailArmy.us@Spain;FailArmy.us@UK;FailArmy.us@US,sites/i.mjh.nz/i.mjh.nz_samsung.channels.xml
FailArmy,i.mjh.nz,SamsungTVPlus/ch#CHAJ32000026J,de,AMBIGUOUS,FailArmy.us@Brazil;FailArmy.us@France;FailArmy.us@Italy;FailArmy.us@Spain;FailArmy.us@UK;FailArmy.us@US,sites/i.mjh.nz/i.mjh.nz_samsung.channels.xml
FailArmy,i.mjh.nz,SamsungTVPlus/de#DEAJ3200004UF,de,AMBIGUOUS,FailArmy.us@Brazil;FailArmy.us@France;FailArmy.us@Italy;FailArmy.us@Spain;FailArmy.us@UK;FailArmy.us@US,sites/i.mjh.nz/i.mjh.nz_samsung.channels.xml
Faites entrer l'accusé [FR],i.mjh.nz,SamsungTVPlus/ch#CH330000132,de,UNMATCHED,,sites/i.mjh.nz/i.mjh.nz_samsung.channels.xml
Family - Rakuten TV,i.mjh.nz,SamsungTVPlus/at#AT2600007N2,de,UNMATCHED,,sites/i.mjh.nz/i.mjh.nz_samsung.channels.xml
Family - Rakuten TV,i.mjh.nz,SamsungTVPlus/ch#CH26000056O,de,UNMATCHED,,sites/i.mjh.nz/i.mjh.nz_samsung.channels.xml
Family - Rakuten TV,i.mjh.nz,SamsungTVPlus/de#DE26000085Y,de,UNMATCHED,,sites/i.mjh.nz/i.mjh.nz_samsung.channels.xml
Fantasja,i.mjh.nz,SamsungTVPlus/at#ATBA1500010H3,de,UNMATCHED,,sites/i.mjh.nz/i.mjh.nz_samsung.channels.xml
Fantasja,i.mjh.nz,SamsungTVPlus/ch#CHBA150001090,de,UNMATCHED,,sites/i.mjh.nz/i.mjh.nz_samsung.channels.xml
Fantasja,i.mjh.nz,SamsungTVPlus/de#DEBA1500011RJ,de,UNMATCHED,,sites/i.mjh.nz/i.mjh.nz_samsung.channels.xml
Farmland TV,i.mjh.nz,PlutoTV/de#663a15d7cb3ea10008edac88,de,UNMATCHED,,sites/i.mjh.nz/i.mjh.nz_pluto.channels.xml
FIFA+,i.mjh.nz,PlutoTV/de#660bfc032433010008def35a,de,AMBIGUOUS,FIFAPlus.uk;FIFAPlus.uk@English;FIFAPlus.uk@French;FIFAPlus.uk@German;FIFAPlus.uk@HispanicAmerica;FIFAPlus.uk@Italy;FIFAPlus.uk@Portuguese;FIFAPlus.uk@UnitedStates,sites/i.mjh.nz/i.mjh.nz_pluto.channels.xml
FIFA+,i.mjh.nz,SamsungTVPlus/at#ATBA3300007PT,de,AMBIGUOUS,FIFAPlus.uk;FIFAPlus.uk@English;FIFAPlus.uk@French;FIFAPlus.uk@German;FIFAPlus.uk@HispanicAmerica;FIFAPlus.uk@Italy;FIFAPlus.uk@Portuguese;FIFAPlus.uk@UnitedStates,sites/i.mjh.nz/i.mjh.nz_samsung.channels.xml
FIFA+,i.mjh.nz,SamsungTVPlus/ch#CHBA3300010UC,de,AMBIGUOUS,FIFAPlus.uk;FIFAPlus.uk@English;FIFAPlus.uk@French;FIFAPlus.uk@German;FIFAPlus.uk@HispanicAmerica;FIFAPlus.uk@Italy;FIFAPlus.uk@Portuguese;FIFAPlus.uk@UnitedStates,sites/i.mjh.nz/i.mjh.nz_samsung.channels.xml
FIFA+,i.mjh.nz,SamsungTVPlus/de#DEBA3300019EB,de,AMBIGUOUS,FIFAPlus.uk;FIFAPlus.uk@English;FIFAPlus.uk@French;FIFAPlus.uk@German;FIFAPlus.uk@HispanicAmerica;FIFAPlus.uk@Italy;FIFAPlus.uk@Portuguese;FIFAPlus.uk@UnitedStates,sites/i.mjh.nz/i.mjh.nz_samsung.channels.xml
Film Al Femminile - Wedo Movies [IT],i.mjh.nz,SamsungTVPlus/ch#CHBD600003EI,de,UNMATCHED,,sites/i.mjh.nz/i.mjh.nz_samsung.channels.xml
Fireplace Vibes,i.mjh.nz,SamsungTVPlus/at#AT22000019A,de,UNMATCHED,,sites/i.mjh.nz/i.mjh.nz_samsung.channels.xml
Fireplace Vibes,i.mjh.nz,SamsungTVPlus/ch#CH220000164,de,UNMATCHED,,sites/i.mjh.nz/i.mjh.nz_samsung.channels.xml
Fireplace Vibes,i.mjh.nz,SamsungTVPlus/de#DE22000012Y,de,UNMATCHED,,sites/i.mjh.nz/i.mjh.nz_samsung.channels.xml
Flipper,i.mjh.nz,PlutoTV/de#68d277fb12bf71eaaed3e9f1,de,UNMATCHED,,sites/i.mjh.nz/i.mjh.nz_pluto.channels.xml
Fluss Monsters,i.mjh.nz,SamsungTVPlus/at#AT4600002H5,de,UNMATCHED,,sites/i.mjh.nz/i.mjh.nz_samsung.channels.xml
Fluss Monsters,i.mjh.nz,SamsungTVPlus/de#DE3700001F7,de,UNMATCHED,,sites/i.mjh.nz/i.mjh.nz_samsung.channels.xml
Fluss-Monster,i.mjh.nz,PlutoTV/de#62a0b2aff4cf470007e47e29,de,UNMATCHED,,sites/i.mjh.nz/i.mjh.nz_pluto.channels.xml
FRANCE 24 FAST,i.mjh.nz,SamsungTVPlus/at#ATBD1100002TA,de,UNMATCHED,,sites/i.mjh.nz/i.mjh.nz_samsung.channels.xml
FRANCE 24 FAST,i.mjh.nz,SamsungTVPlus/ch#CHBD1100003CW,de,UNMATCHED,,sites/i.mjh.nz/i.mjh.nz_samsung.channels.xml
FRANCE 24 FAST,i.mjh.nz,SamsungTVPlus/de#DEBD1100002II,de,UNMATCHED,,sites/i.mjh.nz/i.mjh.nz_samsung.channels.xml
Frasier,i.mjh.nz,PlutoTV/de#62cebf042ffc6d0007c4e59a,de,UNMATCHED,,sites/i.mjh.nz/i.mjh.nz_pluto.channels.xml
Frasier: Berühmte Gäste,i.mjh.nz,PlutoTV/de#6790fa9e1cfc4aa96dfadcef,de,UNMATCHED,,sites/i.mjh.nz/i.mjh.nz_pluto.channels.xml
Free Comedy,i.mjh.nz,SamsungTVPlus/at#AT12000011L,de,UNMATCHED,,sites/i.mjh.nz/i.mjh.nz_samsung.channels.xml
Free Comedy,i.mjh.nz,SamsungTVPlus/de#DE1200001JW,de,UNMATCHED,,sites/i.mjh.nz/i.mjh.nz_samsung.channels.xml
Fréquence Novelas [FR],i.mjh.nz,SamsungTVPlus/ch#CHBC800006EP,de,UNMATCHED,,sites/i.mjh.nz/i.mjh.nz_samsung.channels.xml
Fury,i.mjh.nz,PlutoTV/de#6270ea4345f5bc0007823048,de,UNMATCHED,,sites/i.mjh.nz/i.mjh.nz_pluto.channels.xml
Germany Shore,i.mjh.nz,PlutoTV/de#6447dea7e94c380008dba94c,de,UNMATCHED,,sites/i.mjh.nz/i.mjh.nz_pluto.channels.xml
Gigolos,i.mjh.nz,PlutoTV/de#68d27437e6767bdeb23f0336,de,UNMATCHED,,sites/i.mjh.nz/i.mjh.nz_pluto.channels.xml
Grjngo,i.mjh.nz,SamsungTVPlus/at#ATAJ0500455A,de,UNMATCHED,,sites/i.mjh.nz/i.mjh.nz_samsung.channels.xml
Grjngo,i.mjh.nz,SamsungTVPlus/ch#CHAJ0500456A,de,UNMATCHED,,sites/i.mjh.nz/i.mjh.nz_samsung.channels.xml
Grjngo,i.mjh.nz,SamsungTVPlus/de#DEAK0500449A,de,UNMATCHED,,sites/i.mjh.nz/i.mjh.nz_samsung.channels.xml
Génération Sitcoms [FR],i.mjh.nz,SamsungTVPlus/ch#CHBD200003G1,de,UNMATCHED,,sites/i.mjh.nz/i.mjh.nz_samsung.channels.xml
H2O &amp; Friends,i.mjh.nz,SamsungTVPlus/at#AT80000194,de,UNMATCHED,,sites/i.mjh.nz/i.mjh.nz_samsung.channels.xml
H2O &amp; Friends,i.mjh.nz,SamsungTVPlus/ch#CH800001RT,de,UNMATCHED,,sites/i.mjh.nz/i.mjh.nz_samsung.channels.xml
H2O &amp; Friends,i.mjh.nz,SamsungTVPlus/de#DE500002LD,de,UNMATCHED,,sites/i.mjh.nz/i.mjh.nz_samsung.channels.xml
Hausmeister Krause,i.mjh.nz,PlutoTV/de#622f6faf65be650007f57aab,de,UNMATCHED,,sites/i.mjh.nz/i.mjh.nz_pluto.channels.xml
Heartland,i.mjh.nz,PlutoTV/de#680f375e6798ccd1185b58f9,de,AMBIGUOUS,Heartland.us@Eastern;Heartland.us@Pacific;Heartland.us@Web,sites/i.mjh.nz/i.mjh.nz_pluto.channels.xml
Hell's Kitchen,i.mjh.nz,PlutoTV/de#644257fe7cb4b100081ed874,de,AMBIGUOUS,HellsKitchen.us;HellsKitchen.us@UK,sites/i.mjh.nz/i.mjh.nz_pluto.channels.xml
Hell's Kitchen,i.mjh.nz,SamsungTVPlus/at#ATBD2600001QK,de,AMBIGUOUS,HellsKitchen.us;HellsKitchen.us@UK,sites/i.mjh.nz/i.mjh.nz_samsung.channels.xml
Hell's Kitchen,i.mjh.nz,SamsungTVPlus/ch#CHBD26000017A,de,AMBIGUOUS,HellsKitchen.us;HellsKitchen.us@UK,sites/i.mjh.nz/i.mjh.nz_samsung.channels.xml
Hell's Kitchen,i.mjh.nz,SamsungTVPlus/de#DEBC47000055Z,de,AMBIGUOUS,HellsKitchen.us;HellsKitchen.us@UK,sites/i.mjh.nz/i.mjh.nz_samsung.channels.xml
Herzfrequenz,i.mjh.nz,SamsungTVPlus/at#AT1500003M7,de,UNMATCHED,,sites/i.mjh.nz/i.mjh.nz_samsung.channels.xml
Herzfrequenz,i.mjh.nz,SamsungTVPlus/de#DE1000001CT,de,UNMATCHED,,sites/i.mjh.nz/i.mjh.nz_samsung.channels.xml
Himmlisches Kino,i.mjh.nz,SamsungTVPlus/at#AT19000012X,de,UNMATCHED,,sites/i.mjh.nz/i.mjh.nz_samsung.channels.xml
Himmlisches Kino,i.mjh.nz,SamsungTVPlus/ch#CH2300002MI,de,UNMATCHED,,sites/i.mjh.nz/i.mjh.nz_samsung.channels.xml
Himmlisches Kino,i.mjh.nz,SamsungTVPlus/de#DE1900001NT,de,UNMATCHED,,sites/i.mjh.nz/i.mjh.nz_samsung.channels.xml
Hochspannung,i.mjh.nz,SamsungTVPlus/at#AT33000033D,de,UNMATCHED,,sites/i.mjh.nz/i.mjh.nz_samsung.channels.xml
Hochspannung,i.mjh.nz,SamsungTVPlus/ch#CH3300002MN,de,UNMATCHED,,sites/i.mjh.nz/i.mjh.nz_samsung.channels.xml
Hochspannung,i.mjh.nz,SamsungTVPlus/de#DE33000025Y,de,UNMATCHED,,sites/i.mjh.nz/i.mjh.nz_samsung.channels.xml
Hochzeit auf den ersten Blick,i.mjh.nz,SamsungTVPlus/at#AT48000012I,de,UNMATCHED,,sites/i.mjh.nz/i.mjh.nz_samsung.channels.xml
Hochzeit auf den ersten Blick,i.mjh.nz,SamsungTVPlus/ch#CH4800001LT,de,UNMATCHED,,sites/i.mjh.nz/i.mjh.nz_samsung.channels.xml
Hochzeit auf den ersten Blick,i.mjh.nz,SamsungTVPlus/de#DE4800003M6,de,UNMATCHED,,sites/i.mjh.nz/i.mjh.nz_samsung.channels.xml
Homicide [FR],i.mjh.nz,SamsungTVPlus/ch#CHBC4000003K9,de,UNMATCHED,,sites/i.mjh.nz/i.mjh.nz_samsung.channels.xml
Horror Comedy,i.mjh.nz,SamsungTVPlus/de#DE3800001CR,de,UNMATCHED,,sites/i.mjh.nz/i.mjh.nz_samsung.channels.xml
Hudson &amp; Rex,i.mjh.nz,SamsungTVPlus/at#AT4800002G5,de,UNMATCHED,,sites/i.mjh.nz/i.mjh.nz_samsung.channels.xml
Hudson &amp; Rex,i.mjh.nz,SamsungTVPlus/ch#CH48000025D,de,UNMATCHED,,sites/i.mjh.nz/i.mjh.nz_samsung.channels.xml
Hudson &amp; Rex,i.mjh.nz,SamsungTVPlus/de#DE4800002GM,de,UNMATCHED,,sites/i.mjh.nz/i.mjh.nz_samsung.channels.xml
Höhenrausch,i.mjh.nz,SamsungTVPlus/at#ATBA1500028F9,de,UNMATCHED,,sites/i.mjh.nz/i.mjh.nz_samsung.channels.xml
Höhenrausch,i.mjh.nz,SamsungTVPlus/ch#CHBA1500028KP,de,UNMATCHED,,sites/i.mjh.nz/i.mjh.nz_samsung.channels.xml
Höhenrausch,i.mjh.nz,SamsungTVPlus/de#DEBA15000298V,de,UNMATCHED,,sites/i.mjh.nz/i.mjh.nz_samsung.channels.xml
iCarly,i.mjh.nz,SamsungTVPlus/at#ATAJ7000065Y,de,AMBIGUOUS,iCarly.us@Germany;iCarly.us@Spain,sites/i.mjh.nz/i.mjh.nz_samsung.channels.xml
iCarly,i.mjh.nz,SamsungTVPlus/ch#CHAJ700006QR,de,AMBIGUOUS,iCarly.us@Germany;iCarly.us@Spain,sites/i.mjh.nz/i.mjh.nz_samsung.channels.xml
iCarly,i.mjh.nz,SamsungTVPlus/de#DEAJ700006MR,de,AMBIGUOUS,iCarly.us@Germany;iCarly.us@Spain,sites/i.mjh.nz/i.mjh.nz_samsung.channels.xml
Ice Pilots,i.mjh.nz,SamsungTVPlus/at#ATAJ700009X4,de,AMBIGUOUS,IcePilots.us@Germany;IcePilots.us@Spain,sites/i.mjh.nz/i.mjh.nz_samsung.channels.xml
Ice Pilots,i.mjh.nz,SamsungTVPlus/ch#CHAJ700009UV,de,AMBIGUOUS,IcePilots.us@Germany;IcePilots.us@Spain,sites/i.mjh.nz/i.mjh.nz_samsung.channels.xml
Ice Pilots,i.mjh.nz,SamsungTVPlus/de#DEAJ7000096L,de,AMBIGUOUS,IcePilots.us@Germany;IcePilots.us@Spain,sites/i.mjh.nz/i.mjh.nz_samsung.channels.xml
INTER 24/7,i.mjh.nz,SamsungTVPlus/at#AT3000009D6,de,UNMATCHED,,sites/i.mjh.nz/i.mjh.nz_samsung.channels.xml
INTER 24/7,i.mjh.nz,SamsungTVPlus/ch#CH3100001XL,de,UNMATCHED,,sites/i.mjh.nz/i.mjh.nz_samsung.channels.xml
INTER 24/7,i.mjh.nz,SamsungTVPlus/de#DE310000218,de,UNMATCHED,,sites/i.mjh.nz/i.mjh.nz_samsung.channels.xml
Just Cooking,i.mjh.nz,SamsungTVPlus/at#ATAJ0500443A,de,UNMATCHED,,sites/i.mjh.nz/i.mjh.nz_samsung.channels.xml
Just Cooking,i.mjh.nz,SamsungTVPlus/ch#CHAJ0500443A,de,UNMATCHED,,sites/i.mjh.nz/i.mjh.nz_samsung.channels.xml
Just Cooking,i.mjh.nz,SamsungTVPlus/de#DEAK0500439A,de,UNMATCHED,,sites/i.mjh.nz/i.mjh.nz_samsung.channels.xml
Just.fishing,i.mjh.nz,PlutoTV/de#61b33085897b9d000702b72e,de,UNMATCHED,,sites/i.mjh.nz/i.mjh.nz_pluto.channels.xml
just.fishing,i.mjh.nz,SamsungTVPlus/at#ATAJ0500431A,de,UNMATCHED,,sites/i.mjh.nz/i.mjh.nz_samsung.channels.xml
just.fishing,i.mjh.nz,SamsungTVPlus/de#DEAJ0500428A,de,UNMATCHED,,sites/i.mjh.nz/i.mjh.nz_samsung.channels.xml
K-POP by CJ ENM,i.mjh.nz,SamsungTVPlus/de#DE3900002R1,de,UNMATCHED,,sites/i.mjh.nz/i.mjh.nz_samsung.channels.xml
Komissar Montalbano,i.mjh.nz,SamsungTVPlus/at#AT3700004SR,de,UNMATCHED,,sites/i.mjh.nz/i.mjh.nz_samsung.channels.xml
Komissar Montalbano,i.mjh.nz,SamsungTVPlus/ch#CH37000043J,de,UNMATCHED,,sites/i.mjh.nz/i.mjh.nz_samsung.channels.xml
Komissar Montalbano,i.mjh.nz,SamsungTVPlus/de#DE3700006DB,de,UNMATCHED,,sites/i.mjh.nz/i.mjh.nz_samsung.channels.xml
Komödien - Rakuten TV,i.mjh.nz,SamsungTVPlus/at#AT2600009ON,de,UNMATCHED,,sites/i.mjh.nz/i.mjh.nz_samsung.channels.xml
Komödien - Rakuten TV,i.mjh.nz,SamsungTVPlus/ch#CH2600001UH,de,UNMATCHED,,sites/i.mjh.nz/i.mjh.nz_samsung.channels.xml
Komödien - Rakuten TV,i.mjh.nz,SamsungTVPlus/de#DE2600006H2,de,UNMATCHED,,sites/i.mjh.nz/i.mjh.nz_samsung.channels.xml
KultKrimi,i.mjh.nz,PlutoTV/de#5cb5cfe5caf83414128f209e,de,UNMATCHED,,sites/i.mjh.nz/i.mjh.nz_pluto.channels.xml
KultKrimi,i.mjh.nz,SamsungTVPlus/at#AT15000015I,de,UNMATCHED,,sites/i.mjh.nz/i.mjh.nz_samsung.channels.xml
KultKrimi,i.mjh.nz,SamsungTVPlus/de#DE400012YD,de,UNMATCHED,,sites/i.mjh.nz/i.mjh.nz_samsung.channels.xml
KultKrimi: Der Alte,i.mjh.nz,PlutoTV/de#65dde5ef28730900089af7cf,de,UNMATCHED,,sites/i.mjh.nz/i.mjh.nz_pluto.channels.xml
KultKrimi: Der Kommissar,i.mjh.nz,PlutoTV/de#65dde626ec9fda0008b3dc89,de,UNMATCHED,,sites/i.mjh.nz/i.mjh.nz_pluto.channels.xml
KultKrimi: Derrick,i.mjh.nz,PlutoTV/de#65dde5848145cb00083277f6,de,UNMATCHED,,sites/i.mjh.nz/i.mjh.nz_pluto.channels.xml
KultKrimi: Die Rettungsflieger,i.mjh.nz,PlutoTV/de#67ed0c86f7c5d70b90889a51,de,UNMATCHED,,sites/i.mjh.nz/i.mjh.nz_pluto.channels.xml
KultKrimi: Ein Fall für zwei,i.mjh.nz,PlutoTV/de#68590366010ddd78ef837d29,de,UNMATCHED,,sites/i.mjh.nz/i.mjh.nz_pluto.channels.xml
KultKrimi: Küstenwache,i.mjh.nz,PlutoTV/de#67ebbdced2832b463faa1e79,de,UNMATCHED,,sites/i.mjh.nz/i.mjh.nz_pluto.channels.xml
Ladykracher,i.mjh.nz,PlutoTV/de#667d3534ca74680008696051,de,UNMATCHED,,sites/i.mjh.nz/i.mjh.nz_pluto.channels.xml
Ladykracher,i.mjh.nz,SamsungTVPlus/at#AT32000109U,de,UNMATCHED,,sites/i.mjh.nz/i.mjh.nz_samsung.channels.xml
Ladykracher,i.mjh.nz,SamsungTVPlus/ch#CH3200009XW,de,UNMATCHED,,sites/i.mjh.nz/i.mjh.nz_samsung.channels.xml
Ladykracher,i.mjh.nz,SamsungTVPlus/de#DE3200015MJ,de,UNMATCHED,,sites/i.mjh.nz/i.mjh.nz_samsung.channels.xml
Landlust TV,i.mjh.nz,SamsungTVPlus/at#AT1100001B5,de,UNMATCHED,,sites/i.mjh.nz/i.mjh.nz_samsung.channels.xml
Landlust TV,i.mjh.nz,SamsungTVPlus/ch#CH3900001DB,de,UNMATCHED,,sites/i.mjh.nz/i.mjh.nz_samsung.channels.xml
Landlust TV,i.mjh.nz,SamsungTVPlus/de#DE1100001CQ,de,UNMATCHED,,sites/i.mjh.nz/i.mjh.nz_samsung.channels.xml
LAOLA1 FAST,i.mjh.nz,SamsungTVPlus/at#AT3300002K2,de,UNMATCHED,,sites/i.mjh.nz/i.mjh.nz_samsung.channels.xml
Les filles d'à côté [FR],i.mjh.nz,SamsungTVPlus/ch#CHBD200004J8,de,UNMATCHED,,sites/i.mjh.nz/i.mjh.nz_samsung.channels.xml
Les Lapins Crétins,i.mjh.nz,SamsungTVPlus/ch#CH41000023N,de,UNMATCHED,,sites/i.mjh.nz/i.mjh.nz_samsung.channels.xml
Liebe Sünde,i.mjh.nz,PlutoTV/de#68d276ce59fd82da32267d0d,de,UNMATCHED,,sites/i.mjh.nz/i.mjh.nz_pluto.channels.xml
Lindenstraße,i.mjh.nz,SamsungTVPlus/at#AT3300001K9,de,UNMATCHED,,sites/i.mjh.nz/i.mjh.nz_samsung.channels.xml
Lindenstraße,i.mjh.nz,SamsungTVPlus/ch#CH4600001X9,de,UNMATCHED,,sites/i.mjh.nz/i.mjh.nz_samsung.channels.xml
Lindenstraße,i.mjh.nz,SamsungTVPlus/de#DE33000013J,de,UNMATCHED,,sites/i.mjh.nz/i.mjh.nz_samsung.channels.xml
LooLoo Kids,i.mjh.nz,SamsungTVPlus/at#AT400001GG,de,UNMATCHED,,sites/i.mjh.nz/i.mjh.nz_samsung.channels.xml
LooLoo Kids,i.mjh.nz,SamsungTVPlus/ch#CHBD4700001DY,de,UNMATCHED,,sites/i.mjh.nz/i.mjh.nz_samsung.channels.xml
LooLoo Kids,i.mjh.nz,SamsungTVPlus/de#DEBD4700001UN,de,UNMATCHED,,sites/i.mjh.nz/i.mjh.nz_samsung.channels.xml
Love Boat,i.mjh.nz,PlutoTV/de#655ca3d1fbc15b00081f1186,de,UNMATCHED,,sites/i.mjh.nz/i.mjh.nz_pluto.channels.xml
Love the Planet,i.mjh.nz,SamsungTVPlus/de#DEBC4700004VZ,de,AMBIGUOUS,LoveThePlanet.es@DE;LoveThePlanet.es@EN,sites/i.mjh.nz/i.mjh.nz_samsung.channels.xml
Mark Rober TV,i.mjh.nz,SamsungTVPlus/at#AT4100001P2,de,UNMATCHED,,sites/i.mjh.nz/i.mjh.nz_samsung.channels.xml
Mark Rober TV,i.mjh.nz,SamsungTVPlus/ch#CH4100001ZY,de,UNMATCHED,,sites/i.mjh.nz/i.mjh.nz_samsung.channels.xml
Mark Rober TV,i.mjh.nz,SamsungTVPlus/de#DE4100001GN,de,UNMATCHED,,sites/i.mjh.nz/i.mjh.nz_samsung.channels.xml
Mascha und der Bär,i.mjh.nz,SamsungTVPlus/de#DE3800002J1,de,UNMATCHED,,sites/i.mjh.nz/i.mjh.nz_samsung.channels.xml
McLeods Töchter,i.mjh.nz,PlutoTV/de#66c6fcfc6838ee00085beb1a,de,UNMATCHED,,sites/i.mjh.nz/i.mjh.nz_pluto.channels.xml
Melrose Place,i.mjh.nz,PlutoTV/de#64be745340962900080b55e7,de,UNMATCHED,,sites/i.mjh.nz/i.mjh.nz_pluto.channels.xml
Merhaba Amour,i.mjh.nz,SamsungTVPlus/de#DE3100005JK,de,UNMATCHED,,sites/i.mjh.nz/i.mjh.nz_samsung.channels.xml
Merhaba Türkische Filme,i.mjh.nz,SamsungTVPlus/de#DE3900004ZH,de,UNMATCHED,,sites/i.mjh.nz/i.mjh.nz_samsung.channels.xml
Merhaba Türkische Serien,i.mjh.nz,PlutoTV/de#6864e8f264d94c1425fb4563,de,UNMATCHED,,sites/i.mjh.nz/i.mjh.nz_pluto.channels.xml
Merhaba Türkische Serien,i.mjh.nz,SamsungTVPlus/de#DEBD4100001ZB,de,UNMATCHED,,sites/i.mjh.nz/i.mjh.nz_samsung.channels.xml
Missions,i.mjh.nz,PlutoTV/de#6824539e1295f98347e95242,de,UNMATCHED,,sites/i.mjh.nz/i.mjh.nz_pluto.channels.xml
Moconomy,i.mjh.nz,SamsungTVPlus/at#ATBA15000088F,de,UNMATCHED,,sites/i.mjh.nz/i.mjh.nz_samsung.channels.xml
Moconomy,i.mjh.nz,SamsungTVPlus/de#DEBA1500009ZY,de,UNMATCHED,,sites/i.mjh.nz/i.mjh.nz_samsung.channels.xml
MODUS Super Series Darts,i.mjh.nz,PlutoTV/de#66337e6ba0a74e000889563b,de,UNMATCHED,,sites/i.mjh.nz/i.mjh.nz_pluto.channels.xml
Mork vom Ork,i.mjh.nz,PlutoTV/de#642ad2127ef83900085f8910,de,UNMATCHED,,sites/i.mjh.nz/i.mjh.nz_pluto.channels.xml
Motorvision,i.mjh.nz,SamsungTVPlus/at#ATBD2600011EO,de,AMBIGUOUS,Motorsporttv.fr@SD;Motorvision.de@SD;MotorvisionPlus.de@SD,sites/i.mjh.nz/i.mjh.nz_samsung.channels.xml
Motorvision,i.mjh.nz,SamsungTVPlus/ch#CHBD26000130C,de,AMBIGUOUS,Motorsporttv.fr@SD;Motorvision.de@SD;MotorvisionPlus.de@SD,sites/i.mjh.nz/i.mjh.nz_samsung.channels.xml
Motorvision,i.mjh.nz,SamsungTVPlus/de#DEBD2600005U6,de,AMBIGUOUS,Motorsporttv.fr@SD;Motorvision.de@SD;MotorvisionPlus.de@SD,sites/i.mjh.nz/i.mjh.nz_samsung.channels.xml
Motorvision Classic,i.mjh.nz,SamsungTVPlus/at#ATBD2600010EC,de,UNMATCHED,,sites/i.mjh.nz/i.mjh.nz_samsung.channels.xml
Motorvision Classic,i.mjh.nz,SamsungTVPlus/ch#CHBD2600012Y6,de,UNMATCHED,,sites/i.mjh.nz/i.mjh.nz_samsung.channels.xml
Motorvision Classic,i.mjh.nz,SamsungTVPlus/de#DEBD2600004U7,de,UNMATCHED,,sites/i.mjh.nz/i.mjh.nz_samsung.channels.xml
Moviedome Family,i.mjh.nz,SamsungTVPlus/at#ATBA330002946,de,UNMATCHED,,sites/i.mjh.nz/i.mjh.nz_samsung.channels.xml
Moviedome Family,i.mjh.nz,SamsungTVPlus/ch#CHBA3300030AJ,de,UNMATCHED,,sites/i.mjh.nz/i.mjh.nz_samsung.channels.xml
Moviedome Family,i.mjh.nz,SamsungTVPlus/de#DEBA3300040CR,de,UNMATCHED,,sites/i.mjh.nz/i.mjh.nz_samsung.channels.xml
Moviesphere by Lionsgate,i.mjh.nz,SamsungTVPlus/de#DE4000002I3,de,AMBIGUOUS,MovieSphere.us@UK;MovieSphere.us@US,sites/i.mjh.nz/i.mjh.nz_samsung.channels.xml
MTV Catfish,i.mjh.nz,SamsungTVPlus/at#ATAK3504517A,de,UNMATCHED,,sites/i.mjh.nz/i.mjh.nz_samsung.channels.xml
MTV Catfish,i.mjh.nz,SamsungTVPlus/ch#CHAK3504517A,de,UNMATCHED,,sites/i.mjh.nz/i.mjh.nz_samsung.channels.xml
MTV Catfish,i.mjh.nz,SamsungTVPlus/de#DEAK3504502A,de,UNMATCHED,,sites/i.mjh.nz/i.mjh.nz_samsung.channels.xml
MTV Pluto TV,i.mjh.nz,SamsungTVPlus/at#ATAJ700002OG,de,AMBIGUOUS,MTVPlutoTV.de@DACH;MTVPlutoTV.de@UK;MTVPlutoTV.us@BR;MTVPlutoTV.us@LatAm;MTVPlutoTV.us@US,sites/i.mjh.nz/i.mjh.nz_samsung.channels.xml
MTV Pluto TV,i.mjh.nz,SamsungTVPlus/ch#CHAJ700002UB,de,AMBIGUOUS,MTVPlutoTV.de@DACH;MTVPlutoTV.de@UK;MTVPlutoTV.us@BR;MTVPlutoTV.us@LatAm;MTVPlutoTV.us@US,sites/i.mjh.nz/i.mjh.nz_samsung.channels.xml
MTV Pluto TV,i.mjh.nz,SamsungTVPlus/de#DEAJ7000033P,de,AMBIGUOUS,MTVPlutoTV.de@DACH;MTVPlutoTV.de@UK;MTVPlutoTV.us@BR;MTVPlutoTV.us@LatAm;MTVPlutoTV.us@US,sites/i.mjh.nz/i.mjh.nz_samsung.channels.xml
MTV Teen Mom,i.mjh.nz,SamsungTVPlus/at#ATAJ7000105F,de,AMBIGUOUS,MTVTeenMom.us@Germany;MTVTeenMom.us@Spain,sites/i.mjh.nz/i.mjh.nz_samsung.channels.xml
MTV Teen Mom,i.mjh.nz,SamsungTVPlus/ch#CHAJ700010NR,de,AMBIGUOUS,MTVTeenMom.us@Germany;MTVTeenMom.us@Spain,sites/i.mjh.nz/i.mjh.nz_samsung.channels.xml
MTV Teen Mom,i.mjh.nz,SamsungTVPlus/de#DEAJ7000105I,de,AMBIGUOUS,MTVTeenMom.us@Germany;MTVTeenMom.us@Spain,sites/i.mjh.nz/i.mjh.nz_samsung.channels.xml
MyTime Movie Network,i.mjh.nz,SamsungTVPlus/at#ATBA3300021BW,de,AMBIGUOUS,MyTimeMovieNetwork.br@SD;MyTimeMovieNetwork.es@SD;MyTimeMovieNetwork.uk@SD;MyTimeMovieNetworkEast.us@SD,sites/i.mjh.nz/i.mjh.nz_samsung.channels.xml
MyTime Movie Network,i.mjh.nz,SamsungTVPlus/ch#CHBC800001N2,de,AMBIGUOUS,MyTimeMovieNetwork.br@SD;MyTimeMovieNetwork.es@SD;MyTimeMovieNetwork.uk@SD;MyTimeMovieNetworkEast.us@SD,sites/i.mjh.nz/i.mjh.nz_samsung.channels.xml
MyTime Movie Network,i.mjh.nz,SamsungTVPlus/de#DEBA3300032UV,de,AMBIGUOUS,MyTimeMovieNetwork.br@SD;MyTimeMovieNetwork.es@SD;MyTimeMovieNetwork.uk@SD;MyTimeMovieNetworkEast.us@SD,sites/i.mjh.nz/i.mjh.nz_samsung.channels.xml
Naruto,i.mjh.nz,SamsungTVPlus/at#ATBC3900002PV,de,AMBIGUOUS,Naruto.us@Brazil;Naruto.us@Germany;Naruto.us@US,sites/i.mjh.nz/i.mjh.nz_samsung.channels.xml
Naruto,i.mjh.nz,SamsungTVPlus/ch#CHBC4000005PW,de,AMBIGUOUS,Naruto.us@Brazil;Naruto.us@Germany;Naruto.us@US,sites/i.mjh.nz/i.mjh.nz_samsung.channels.xml
Naruto,i.mjh.nz,SamsungTVPlus/de#DEBD11000019M,de,AMBIGUOUS,Naruto.us@Brazil;Naruto.us@Germany;Naruto.us@US,sites/i.mjh.nz/i.mjh.nz_samsung.channels.xml
NatureTime [FR],i.mjh.nz,SamsungTVPlus/ch#CHBC80000437,de,UNMATCHED,,sites/i.mjh.nz/i.mjh.nz_samsung.channels.xml
Netzkino,i.mjh.nz,SamsungTVPlus/at#ATAJ0500422A,de,UNMATCHED,,sites/i.mjh.nz/i.mjh.nz_samsung.channels.xml
Netzkino,i.mjh.nz,SamsungTVPlus/ch#CHAJ0500422A,de,UNMATCHED,,sites/i.mjh.nz/i.mjh.nz_samsung.channels.xml
Netzkino,i.mjh.nz,SamsungTVPlus/de#DEAJ0500419A,de,UNMATCHED,,sites/i.mjh.nz/i.mjh.nz_samsung.channels.xml
Nickelodeon Classics,i.mjh.nz,PlutoTV/de#67f3eb800a1beb98767ca748,de,UNMATCHED,,sites/i.mjh.nz/i.mjh.nz_pluto.channels.xml
One Terra,i.mjh.nz,SamsungTVPlus/at#ATBA1500021SL,de,UNMATCHED,,sites/i.mjh.nz/i.mjh.nz_samsung.channels.xml
One Terra,i.mjh.nz,SamsungTVPlus/ch#CHBA1500021M5,de,UNMATCHED,,sites/i.mjh.nz/i.mjh.nz_samsung.channels.xml
One Terra,i.mjh.nz,SamsungTVPlus/de#DEBA15000227H,de,UNMATCHED,,sites/i.mjh.nz/i.mjh.nz_samsung.channels.xml
Pastewka,i.mjh.nz,PlutoTV/de#686cfef52704ca31d85c4bf1,de,UNMATCHED,,sites/i.mjh.nz/i.mjh.nz_pluto.channels.xml
Pastewka,i.mjh.nz,SamsungTVPlus/at#AT3200011S4,de,UNMATCHED,,sites/i.mjh.nz/i.mjh.nz_samsung.channels.xml
Pastewka,i.mjh.nz,SamsungTVPlus/ch#CH3200010F6,de,UNMATCHED,,sites/i.mjh.nz/i.mjh.nz_samsung.channels.xml
Pastewka,i.mjh.nz,SamsungTVPlus/de#DE3200016QF,de,UNMATCHED,,sites/i.mjh.nz/i.mjh.nz_samsung.channels.xml
Plus belle la vie [FR],i.mjh.nz,SamsungTVPlus/ch#CHBD3700002F2,de,UNMATCHED,,sites/i.mjh.nz/i.mjh.nz_samsung.channels.xml
Pluto TV - Star Trek,i.mjh.nz,SamsungTVPlus/at#ATAK3504506A,de,AMBIGUOUS,PlutoTVStarTrek.de@DACH;PlutoTVStarTrek.se@DK;StarTrek.us@BR;StarTrek.us@LatAm,sites/i.mjh.nz/i.mjh.nz_samsung.channels.xml
Pluto TV - Star Trek,i.mjh.nz,SamsungTVPlus/de#DEBA33000038I,de,AMBIGUOUS,PlutoTVStarTrek.de@DACH;PlutoTVStarTrek.se@DK;StarTrek.us@BR;StarTrek.us@LatAm,sites/i.mjh.nz/i.mjh.nz_samsung.channels.xml
Pluto TV Animals,i.mjh.nz,SamsungTVPlus/at#ATAK3504500A,de,AMBIGUOUS,PlutoTVAnimals.de@DACH;PlutoTVAnimals.de@UK,sites/i.mjh.nz/i.mjh.nz_samsung.channels.xml
Pluto TV Animals,i.mjh.nz,SamsungTVPlus/ch#CHAK3504500A,de,AMBIGUOUS,PlutoTVAnimals.de@DACH;PlutoTVAnimals.de@UK,sites/i.mjh.nz/i.mjh.nz_samsung.channels.xml
Pluto TV Animals,i.mjh.nz,SamsungTVPlus/de#DEAK3504503A,de,AMBIGUOUS,PlutoTVAnimals.de@DACH;PlutoTVAnimals.de@UK,sites/i.mjh.nz/i.mjh.nz_samsung.channels.xml
Pluto TV Bud &amp; Terence,i.mjh.nz,PlutoTV/de#64be7398e4391c0008cdedfe,de,AMBIGUOUS,PlutoTVBudTerence.se@DK;PlutoTVBudTerence.se@NO;PlutoTVBudTerence.se@SE,sites/i.mjh.nz/i.mjh.nz_pluto.channels.xml
Pluto TV Camp,i.mjh.nz,PlutoTV/de#661801e871e8c30008a73f7b,de,UNMATCHED,,sites/i.mjh.nz/i.mjh.nz_pluto.channels.xml
Pluto TV Food,i.mjh.nz,SamsungTVPlus/at#ATAK3504501A,de,AMBIGUOUS,PlutoTVFood.de@DACH;PlutoTVFood.de@UK,sites/i.mjh.nz/i.mjh.nz_samsung.channels.xml
Pluto TV Food,i.mjh.nz,SamsungTVPlus/ch#CHAK3504501A,de,AMBIGUOUS,PlutoTVFood.de@DACH;PlutoTVFood.de@UK,sites/i.mjh.nz/i.mjh.nz_samsung.channels.xml
Pluto TV Food,i.mjh.nz,SamsungTVPlus/de#DEBA3300001L9,de,AMBIGUOUS,PlutoTVFood.de@DACH;PlutoTVFood.de@UK,sites/i.mjh.nz/i.mjh.nz_samsung.channels.xml
Pluto TV Haialarm,i.mjh.nz,PlutoTV/de#69b015c5d29cc97de7da4af8,de,UNMATCHED,,sites/i.mjh.nz/i.mjh.nz_pluto.channels.xml
Pluto TV Laughs in Spanish,i.mjh.nz,PlutoTV/de#69a554179a3f3bb488c7d2be,de,UNMATCHED,,sites/i.mjh.nz/i.mjh.nz_pluto.channels.xml
Pluto TV Movies,i.mjh.nz,SamsungTVPlus/at#ATAK3504514A,de,AMBIGUOUS,PlutoTVMovies.de@DACH;PlutoTVMovies.de@UK,sites/i.mjh.nz/i.mjh.nz_samsung.channels.xml
Pluto TV Movies,i.mjh.nz,SamsungTVPlus/ch#CHAK3504514A,de,AMBIGUOUS,PlutoTVMovies.de@DACH;PlutoTVMovies.de@UK,sites/i.mjh.nz/i.mjh.nz_samsung.channels.xml
Pluto TV Movies,i.mjh.nz,SamsungTVPlus/de#DEAK3504517A,de,AMBIGUOUS,PlutoTVMovies.de@DACH;PlutoTVMovies.de@UK,sites/i.mjh.nz/i.mjh.nz_samsung.channels.xml
Pluto TV Paranormal,i.mjh.nz,SamsungTVPlus/at#ATAJ70000866,de,AMBIGUOUS,PlutoTVParanormal.de@DACH;PlutoTVParanormal.de@ES;PlutoTVParanormal.de@FR;PlutoTVParanormal.de@IT;PlutoTVParanormal.de@UK;PlutoTVParanormal.de@UKPlus;PlutoTVParanormal.se@DK;PlutoTVParanormal.se@SE;PlutoTVParanormal.us@CA;PlutoTVParanormal.us@US,sites/i.mjh.nz/i.mjh.nz_samsung.channels.xml
Pluto TV Paranormal,i.mjh.nz,SamsungTVPlus/ch#CHAJ7000084D,de,AMBIGUOUS,PlutoTVParanormal.de@DACH;PlutoTVParanormal.de@ES;PlutoTVParanormal.de@FR;PlutoTVParanormal.de@IT;PlutoTVParanormal.de@UK;PlutoTVParanormal.de@UKPlus;PlutoTVParanormal.se@DK;PlutoTVParanormal.se@SE;PlutoTVParanormal.us@CA;PlutoTVParanormal.us@US,sites/i.mjh.nz/i.mjh.nz_samsung.channels.xml
Pluto TV Paranormal,i.mjh.nz,SamsungTVPlus/de#DEAJ700008WL,de,AMBIGUOUS,PlutoTVParanormal.de@DACH;PlutoTVParanormal.de@ES;PlutoTVParanormal.de@FR;PlutoTVParanormal.de@IT;PlutoTVParanormal.de@UK;PlutoTVParanormal.de@UKPlus;PlutoTVParanormal.se@DK;PlutoTVParanormal.se@SE;PlutoTVParanormal.us@CA;PlutoTVParanormal.us@US,sites/i.mjh.nz/i.mjh.nz_samsung.channels.xml
Pluto TV Romance,i.mjh.nz,PlutoTV/de#5dc287ce3086a20009f5024c,de,AMBIGUOUS,PlutoTVRomance.de@UKPlus;PlutoTVRomance.us@US,sites/i.mjh.nz/i.mjh.nz_pluto.channels.xml
Pluto TV Science,i.mjh.nz,SamsungTVPlus/at#ATAK3504503A,de,AMBIGUOUS,PlutoTVScience.de@DACH;PlutoTVScience.de@UK;PlutoTVScience.us@US,sites/i.mjh.nz/i.mjh.nz_samsung.channels.xml
Pluto TV Science,i.mjh.nz,SamsungTVPlus/ch#CHAK3504503A,de,AMBIGUOUS,PlutoTVScience.de@DACH;PlutoTVScience.de@UK;PlutoTVScience.us@US,sites/i.mjh.nz/i.mjh.nz_samsung.channels.xml
Pluto TV Science,i.mjh.nz,SamsungTVPlus/de#DEAK3504506A,de,AMBIGUOUS,PlutoTVScience.de@DACH;PlutoTVScience.de@UK;PlutoTVScience.us@US,sites/i.mjh.nz/i.mjh.nz_samsung.channels.xml
Pluto TV Serie,i.mjh.nz,SamsungTVPlus/at#ATAJ70000741,de,AMBIGUOUS,PlutoTVSerie.de@DACH;PlutoTVSerie.de@DACHPlus;PlutoTVSerie.de@IT;PlutoTVSerie.de@ITPlus,sites/i.mjh.nz/i.mjh.nz_samsung.channels.xml
Pluto TV Serie,i.mjh.nz,SamsungTVPlus/ch#CHAJ700007XE,de,AMBIGUOUS,PlutoTVSerie.de@DACH;PlutoTVSerie.de@DACHPlus;PlutoTVSerie.de@IT;PlutoTVSerie.de@ITPlus,sites/i.mjh.nz/i.mjh.nz_samsung.channels.xml
Pluto TV Serie,i.mjh.nz,SamsungTVPlus/de#DEAJ700007OT,de,AMBIGUOUS,PlutoTVSerie.de@DACH;PlutoTVSerie.de@DACHPlus;PlutoTVSerie.de@IT;PlutoTVSerie.de@ITPlus,sites/i.mjh.nz/i.mjh.nz_samsung.channels.xml
Pluto TV Sitcoms,i.mjh.nz,SamsungTVPlus/at#ATAK3504505A,de,AMBIGUOUS,PlutoTVSitcoms.de@DACH;PlutoTVSitcoms.de@DACHPlus;PlutoTVSitcoms.de@UK,sites/i.mjh.nz/i.mjh.nz_samsung.channels.xml
Pluto TV Sitcoms,i.mjh.nz,SamsungTVPlus/ch#CHAK3504505A,de,AMBIGUOUS,PlutoTVSitcoms.de@DACH;PlutoTVSitcoms.de@DACHPlus;PlutoTVSitcoms.de@UK,sites/i.mjh.nz/i.mjh.nz_samsung.channels.xml
Pluto TV Sitcoms,i.mjh.nz,SamsungTVPlus/de#DEAK3504508A,de,AMBIGUOUS,PlutoTVSitcoms.de@DACH;PlutoTVSitcoms.de@DACHPlus;PlutoTVSitcoms.de@UK,sites/i.mjh.nz/i.mjh.nz_samsung.channels.xml
Pluto TV Weihnachten im Sommer,i.mjh.nz,PlutoTV/de#642ad072283aa4000806148c,de,UNMATCHED,,sites/i.mjh.nz/i.mjh.nz_pluto.channels.xml
Pocoyo,i.mjh.nz,SamsungTVPlus/de#DE700001BN,de,UNMATCHED,,sites/i.mjh.nz/i.mjh.nz_samsung.channels.xml
Poldark,i.mjh.nz,SamsungTVPlus/at#AT300045YS,de,UNMATCHED,,sites/i.mjh.nz/i.mjh.nz_samsung.channels.xml
Poldark,i.mjh.nz,SamsungTVPlus/ch#CH300042FH,de,UNMATCHED,,sites/i.mjh.nz/i.mjh.nz_samsung.channels.xml
Poldark,i.mjh.nz,SamsungTVPlus/de#DE300061W7,de,UNMATCHED,,sites/i.mjh.nz/i.mjh.nz_samsung.channels.xml
PR1DE free,i.mjh.nz,SamsungTVPlus/at#ATBD2500001A8,de,UNMATCHED,,sites/i.mjh.nz/i.mjh.nz_samsung.channels.xml
PR1DE free,i.mjh.nz,SamsungTVPlus/ch#CHBD2500001SY,de,UNMATCHED,,sites/i.mjh.nz/i.mjh.nz_samsung.channels.xml
PR1DE free,i.mjh.nz,SamsungTVPlus/de#DEBD2400001PC,de,UNMATCHED,,sites/i.mjh.nz/i.mjh.nz_samsung.channels.xml
Profiling Paris,i.mjh.nz,PlutoTV/de#67d984c989788ef7f058b084,de,UNMATCHED,,sites/i.mjh.nz/i.mjh.nz_pluto.channels.xml
Quantum Leap,i.mjh.nz,PlutoTV/de#677fafd91da79bfe4fb0b4ec,de,UNMATCHED,,sites/i.mjh.nz/i.mjh.nz_pluto.channels.xml
Rabbids Invasion,i.mjh.nz,SamsungTVPlus/at#AT4100002MY,de,UNMATCHED,,sites/i.mjh.nz/i.mjh.nz_samsung.channels.xml
Rabbids Invasion,i.mjh.nz,SamsungTVPlus/de#DE4100002KC,de,UNMATCHED,,sites/i.mjh.nz/i.mjh.nz_samsung.channels.xml
Rally.TV FAST+,i.mjh.nz,SamsungTVPlus/at#AT5100001HE,de,UNMATCHED,,sites/i.mjh.nz/i.mjh.nz_samsung.channels.xml
Rally.TV FAST+,i.mjh.nz,SamsungTVPlus/ch#CH5100001XI,de,UNMATCHED,,sites/i.mjh.nz/i.mjh.nz_samsung.channels.xml
Rally.TV FAST+,i.mjh.nz,SamsungTVPlus/de#DE5100001TC,de,UNMATCHED,,sites/i.mjh.nz/i.mjh.nz_samsung.channels.xml
Rauchende Colts,i.mjh.nz,PlutoTV/de#638f2bc7bc363100072f02dd,de,UNMATCHED,,sites/i.mjh.nz/i.mjh.nz_pluto.channels.xml
Rawhide - Tausend Meilen Staub,i.mjh.nz,PlutoTV/de#638f2983dcd9100008c2374d,de,UNMATCHED,,sites/i.mjh.nz/i.mjh.nz_pluto.channels.xml
Red Bull TV,i.mjh.nz,SamsungTVPlus/at#ATBD1500003ES,de,AMBIGUOUS,RedBullTV.at@SD;RedBullTV.at@US,sites/i.mjh.nz/i.mjh.nz_samsung.channels.xml
Red Bull TV,i.mjh.nz,SamsungTVPlus/de#DEBC2300001EU,de,AMBIGUOUS,RedBullTV.at@SD;RedBullTV.at@US,sites/i.mjh.nz/i.mjh.nz_samsung.channels.xml
Red Bull TV Motorsport,i.mjh.nz,SamsungTVPlus/de#DE32000079E,de,UNMATCHED,,sites/i.mjh.nz/i.mjh.nz_samsung.channels.xml
Red Shoe Diaries,i.mjh.nz,PlutoTV/de#645a0ddfe1979c00086d83ff,de,UNMATCHED,,sites/i.mjh.nz/i.mjh.nz_pluto.channels.xml
Redbull TV,i.mjh.nz,SamsungTVPlus/ch#CH4700001E1,de,UNMATCHED,,sites/i.mjh.nz/i.mjh.nz_samsung.channels.xml
Reuters,i.mjh.nz,SamsungTVPlus/de#DEBD4900001QV,de,UNMATCHED,,sites/i.mjh.nz/i.mjh.nz_samsung.channels.xml
RoboCop,i.mjh.nz,PlutoTV/de#6628e513cee0d90008639b46,de,UNMATCHED,,sites/i.mjh.nz/i.mjh.nz_pluto.channels.xml
Rookie Blue,i.mjh.nz,PlutoTV/de#680f462556ff83bcd6ba2816,de,UNMATCHED,,sites/i.mjh.nz/i.mjh.nz_pluto.channels.xml
Royalworld - Adel &amp; Dynastien,i.mjh.nz,SamsungTVPlus/at#ATBD2700004VR,de,UNMATCHED,,sites/i.mjh.nz/i.mjh.nz_samsung.channels.xml
Royalworld - Adel &amp; Dynastien,i.mjh.nz,SamsungTVPlus/de#DEBD2700003W5,de,UNMATCHED,,sites/i.mjh.nz/i.mjh.nz_samsung.channels.xml
Rules of Engagement,i.mjh.nz,PlutoTV/de#64be635a40962900080aaca5,de,UNMATCHED,,sites/i.mjh.nz/i.mjh.nz_pluto.channels.xml
Sabrina - Total verhext!,i.mjh.nz,PlutoTV/de#622f40c901d4b70007ad7609,de,UNMATCHED,,sites/i.mjh.nz/i.mjh.nz_pluto.channels.xml
Saving Hope,i.mjh.nz,PlutoTV/de#666fe4768768aa0008c31ddf,de,UNMATCHED,,sites/i.mjh.nz/i.mjh.nz_pluto.channels.xml
Saving Hope,i.mjh.nz,SamsungTVPlus/at#AT3700005NP,de,UNMATCHED,,sites/i.mjh.nz/i.mjh.nz_samsung.channels.xml
Saving Hope,i.mjh.nz,SamsungTVPlus/ch#CH37000057T,de,UNMATCHED,,sites/i.mjh.nz/i.mjh.nz_samsung.channels.xml
Saving Hope,i.mjh.nz,SamsungTVPlus/de#DE3700007RY,de,UNMATCHED,,sites/i.mjh.nz/i.mjh.nz_samsung.channels.xml
Schlosshotel Orth,i.mjh.nz,PlutoTV/de#69b01641a9b840a456a11c18,de,UNMATCHED,,sites/i.mjh.nz/i.mjh.nz_pluto.channels.xml
Schlosshotel Orth,i.mjh.nz,SamsungTVPlus/at#AT4400004GQ,de,UNMATCHED,,sites/i.mjh.nz/i.mjh.nz_samsung.channels.xml
Schlosshotel Orth,i.mjh.nz,SamsungTVPlus/ch#CH4400004DK,de,UNMATCHED,,sites/i.mjh.nz/i.mjh.nz_samsung.channels.xml
Schlosshotel Orth,i.mjh.nz,SamsungTVPlus/de#DE44000048T,de,UNMATCHED,,sites/i.mjh.nz/i.mjh.nz_samsung.channels.xml
Schnell ermittelt,i.mjh.nz,PlutoTV/de#69b968a58323ef2714d1aa36,de,UNMATCHED,,sites/i.mjh.nz/i.mjh.nz_pluto.channels.xml
Schnell ermittelt &amp; Cop stories,i.mjh.nz,SamsungTVPlus/at#AT4400006FA,de,UNMATCHED,,sites/i.mjh.nz/i.mjh.nz_samsung.channels.xml
Schnell ermittelt &amp; Cop stories,i.mjh.nz,SamsungTVPlus/ch#CH4400006BZ,de,UNMATCHED,,sites/i.mjh.nz/i.mjh.nz_samsung.channels.xml
Schnell ermittelt &amp; Cop stories,i.mjh.nz,SamsungTVPlus/de#DE4400006F5,de,UNMATCHED,,sites/i.mjh.nz/i.mjh.nz_samsung.channels.xml
Scooore,i.mjh.nz,SamsungTVPlus/at#ATBD26000124P,de,UNMATCHED,,sites/i.mjh.nz/i.mjh.nz_samsung.channels.xml
Scooore,i.mjh.nz,SamsungTVPlus/ch#CHBD2600014C0,de,UNMATCHED,,sites/i.mjh.nz/i.mjh.nz_samsung.channels.xml
Scooore,i.mjh.nz,SamsungTVPlus/de#DEBD260000692,de,UNMATCHED,,sites/i.mjh.nz/i.mjh.nz_samsung.channels.xml
Scream'IN [FR],i.mjh.nz,SamsungTVPlus/ch#CHBB46000021V,de,UNMATCHED,,sites/i.mjh.nz/i.mjh.nz_samsung.channels.xml
Sea Patrol,i.mjh.nz,PlutoTV/de#688735087b2cf33d01a2d411,de,UNMATCHED,,sites/i.mjh.nz/i.mjh.nz_pluto.channels.xml
Seaquest,i.mjh.nz,PlutoTV/de#69b14863dd687227e1e4b6b2,de,UNMATCHED,,sites/i.mjh.nz/i.mjh.nz_pluto.channels.xml
SMTOWN,i.mjh.nz,SamsungTVPlus/de#DE1000002V4,de,UNMATCHED,,sites/i.mjh.nz/i.mjh.nz_samsung.channels.xml
Sony One Action HITS,i.mjh.nz,SamsungTVPlus/at#AT300007S8,de,UNMATCHED,,sites/i.mjh.nz/i.mjh.nz_samsung.channels.xml
Sony One Action HITS,i.mjh.nz,SamsungTVPlus/de#DE30000489,de,UNMATCHED,,sites/i.mjh.nz/i.mjh.nz_samsung.channels.xml
Sony One Best Of,i.mjh.nz,SamsungTVPlus/de#DE300005NB,de,UNMATCHED,,sites/i.mjh.nz/i.mjh.nz_samsung.channels.xml
Sony One Comedy Hits,i.mjh.nz,SamsungTVPlus/at#AT300008JS,de,UNMATCHED,,sites/i.mjh.nz/i.mjh.nz_samsung.channels.xml
Sony One Comedy HITS,i.mjh.nz,SamsungTVPlus/de#DE300002CL,de,UNMATCHED,,sites/i.mjh.nz/i.mjh.nz_samsung.channels.xml
Sony One Comedy TV,i.mjh.nz,SamsungTVPlus/at#AT2100002QM,de,UNMATCHED,,sites/i.mjh.nz/i.mjh.nz_samsung.channels.xml
Sony One Comedy TV,i.mjh.nz,SamsungTVPlus/de#DE3000016Q,de,UNMATCHED,,sites/i.mjh.nz/i.mjh.nz_samsung.channels.xml
Sony One Thriller TV,i.mjh.nz,SamsungTVPlus/de#DE300003AV,de,UNMATCHED,,sites/i.mjh.nz/i.mjh.nz_samsung.channels.xml
South Park Armageddon,i.mjh.nz,PlutoTV/de#660c010ce8fba800084f0697,de,UNMATCHED,,sites/i.mjh.nz/i.mjh.nz_pluto.channels.xml
South Park Rocks!,i.mjh.nz,PlutoTV/de#664f12bb3d173b0008168c1f,de,UNMATCHED,,sites/i.mjh.nz/i.mjh.nz_pluto.channels.xml
South Park: Butters Collection,i.mjh.nz,PlutoTV/de#646b14a0e94c3800082a8d3a,de,UNMATCHED,,sites/i.mjh.nz/i.mjh.nz_pluto.channels.xml
South Park: Cartman Collection,i.mjh.nz,PlutoTV/de#646b14747cb4b1000875724d,de,UNMATCHED,,sites/i.mjh.nz/i.mjh.nz_pluto.channels.xml
South Park: Kenny Collection,i.mjh.nz,PlutoTV/de#646b1404ee6a2f00082b5d66,de,UNMATCHED,,sites/i.mjh.nz/i.mjh.nz_pluto.channels.xml
South Park: Kyle Collection,i.mjh.nz,PlutoTV/de#646b14d0e1979c0008915a09,de,UNMATCHED,,sites/i.mjh.nz/i.mjh.nz_pluto.channels.xml
South Park: Original Version,i.mjh.nz,PlutoTV/de#646b150a15939400089e2702,de,UNMATCHED,,sites/i.mjh.nz/i.mjh.nz_pluto.channels.xml
South Park: Stan Collection,i.mjh.nz,PlutoTV/de#646b1438e94c3800082a8cff,de,UNMATCHED,,sites/i.mjh.nz/i.mjh.nz_pluto.channels.xml
South Park: Stars &amp; Sternchen,i.mjh.nz,PlutoTV/de#664f0d373d173b0008164948,de,UNMATCHED,,sites/i.mjh.nz/i.mjh.nz_pluto.channels.xml
Space Live,i.mjh.nz,PlutoTV/de#69a554497ed3b3fff0b9ca80,de,UNMATCHED,,sites/i.mjh.nz/i.mjh.nz_pluto.channels.xml
Sparkle Movies,i.mjh.nz,SamsungTVPlus/at#AT430000288,de,UNMATCHED,,sites/i.mjh.nz/i.mjh.nz_samsung.channels.xml
Sparkle Movies,i.mjh.nz,SamsungTVPlus/ch#CH4300002NC,de,UNMATCHED,,sites/i.mjh.nz/i.mjh.nz_samsung.channels.xml
Sparkle Movies,i.mjh.nz,SamsungTVPlus/de#DE43000043H,de,UNMATCHED,,sites/i.mjh.nz/i.mjh.nz_samsung.channels.xml
Spiegel TV action + crime,i.mjh.nz,SamsungTVPlus/at#AT900005FB,de,UNMATCHED,,sites/i.mjh.nz/i.mjh.nz_samsung.channels.xml
Spiegel TV action + crime,i.mjh.nz,SamsungTVPlus/ch#CH900001R9,de,UNMATCHED,,sites/i.mjh.nz/i.mjh.nz_samsung.channels.xml
Spiegel TV action+crime,i.mjh.nz,SamsungTVPlus/de#DE1400003DP,de,UNMATCHED,,sites/i.mjh.nz/i.mjh.nz_samsung.channels.xml
SPIEGEL TV Konflikte,i.mjh.nz,PlutoTV/de#65b9268fc798e800085add89,de,UNMATCHED,,sites/i.mjh.nz/i.mjh.nz_pluto.channels.xml
SPIEGEL TV Konflikte,i.mjh.nz,SamsungTVPlus/at#ATBA3300009MF,de,UNMATCHED,,sites/i.mjh.nz/i.mjh.nz_samsung.channels.xml
SPIEGEL TV Konflikte,i.mjh.nz,SamsungTVPlus/ch#CHBD1400002AK,de,UNMATCHED,,sites/i.mjh.nz/i.mjh.nz_samsung.channels.xml
SPIEGEL TV Konflikte,i.mjh.nz,SamsungTVPlus/de#DEAJ2900001NG,de,UNMATCHED,,sites/i.mjh.nz/i.mjh.nz_samsung.channels.xml
Spooks (MI-5),i.mjh.nz,SamsungTVPlus/de#DE33000032K,de,UNMATCHED,,sites/i.mjh.nz/i.mjh.nz_samsung.channels.xml
Sport 1 Motor,i.mjh.nz,SamsungTVPlus/at#ATBD2300001PY,de,UNMATCHED,,sites/i.mjh.nz/i.mjh.nz_samsung.channels.xml
Sport 1 Motor,i.mjh.nz,SamsungTVPlus/ch#CHBD2300001ZB,de,UNMATCHED,,sites/i.mjh.nz/i.mjh.nz_samsung.channels.xml
Sport 1 Motor,i.mjh.nz,SamsungTVPlus/de#DEBD2300001ND,de,UNMATCHED,,sites/i.mjh.nz/i.mjh.nz_samsung.channels.xml
Sportdigital Free,i.mjh.nz,SamsungTVPlus/at#ATAJ0500433A,de,UNMATCHED,,sites/i.mjh.nz/i.mjh.nz_samsung.channels.xml
Sportdigital Free,i.mjh.nz,SamsungTVPlus/ch#CHAJ0500433A,de,UNMATCHED,,sites/i.mjh.nz/i.mjh.nz_samsung.channels.xml
Sportdigital Free,i.mjh.nz,SamsungTVPlus/de#DEAJ0500429A,de,UNMATCHED,,sites/i.mjh.nz/i.mjh.nz_samsung.channels.xml
SportOutdoor.tv [IT],i.mjh.nz,SamsungTVPlus/ch#CHBA3300008LD,de,UNMATCHED,,sites/i.mjh.nz/i.mjh.nz_samsung.channels.xml
Stand-up Comedy,i.mjh.nz,PlutoTV/de#663e09b341af640008c1b68c,de,UNMATCHED,,sites/i.mjh.nz/i.mjh.nz_pluto.channels.xml
Star Trek: The Next Generation,i.mjh.nz,PlutoTV/de#69776ce979545c21a1220bff,de,UNMATCHED,,sites/i.mjh.nz/i.mjh.nz_pluto.channels.xml
Star Trek: The Original Series,i.mjh.nz,PlutoTV/de#69776b58036e883f39e5ab8a,de,UNMATCHED,,sites/i.mjh.nz/i.mjh.nz_pluto.channels.xml
StoryZoo &amp; Friends,i.mjh.nz,SamsungTVPlus/at#AT3200001DJ,de,UNMATCHED,,sites/i.mjh.nz/i.mjh.nz_samsung.channels.xml
StoryZoo &amp; Friends,i.mjh.nz,SamsungTVPlus/de#DE3200003U8,de,UNMATCHED,,sites/i.mjh.nz/i.mjh.nz_samsung.channels.xml
Stromberg,i.mjh.nz,PlutoTV/de#686cff3224918d4300fa542b,de,UNMATCHED,,sites/i.mjh.nz/i.mjh.nz_pluto.channels.xml
Stromberg,i.mjh.nz,SamsungTVPlus/at#AT3200012MN,de,UNMATCHED,,sites/i.mjh.nz/i.mjh.nz_samsung.channels.xml
Stromberg,i.mjh.nz,SamsungTVPlus/ch#CH3200011YH,de,UNMATCHED,,sites/i.mjh.nz/i.mjh.nz_samsung.channels.xml
Stromberg,i.mjh.nz,SamsungTVPlus/de#DE32000175T,de,UNMATCHED,,sites/i.mjh.nz/i.mjh.nz_samsung.channels.xml
SUMO Paris 2026,i.mjh.nz,PlutoTV/de#68d669f9508ba507f075b5fe,de,UNMATCHED,,sites/i.mjh.nz/i.mjh.nz_pluto.channels.xml
SuperToons TV,i.mjh.nz,SamsungTVPlus/de#DEBD5100001XP,de,UNMATCHED,,sites/i.mjh.nz/i.mjh.nz_samsung.channels.xml
Swamp People,i.mjh.nz,PlutoTV/de#691491c6bb69fb3258c3524a,de,UNMATCHED,,sites/i.mjh.nz/i.mjh.nz_pluto.channels.xml
Swamp People - überleben im sumpf,i.mjh.nz,SamsungTVPlus/de#DE4600003OS,de,UNMATCHED,,sites/i.mjh.nz/i.mjh.nz_samsung.channels.xml
Teen Nick,i.mjh.nz,SamsungTVPlus/at#ATAJ700004UZ,de,UNMATCHED,,sites/i.mjh.nz/i.mjh.nz_samsung.channels.xml
Teen Nick,i.mjh.nz,SamsungTVPlus/ch#CHAJ700004GX,de,UNMATCHED,,sites/i.mjh.nz/i.mjh.nz_samsung.channels.xml
Teen Nick,i.mjh.nz,SamsungTVPlus/de#DEAJ700004BT,de,UNMATCHED,,sites/i.mjh.nz/i.mjh.nz_samsung.channels.xml
Telenovela ZDF,i.mjh.nz,PlutoTV/de#5cb5d043a461406ffe3fb2de,de,UNMATCHED,,sites/i.mjh.nz/i.mjh.nz_pluto.channels.xml
Telenovela ZDF,i.mjh.nz,SamsungTVPlus/at#AT1500002N1,de,UNMATCHED,,sites/i.mjh.nz/i.mjh.nz_samsung.channels.xml
Telenovela ZDF,i.mjh.nz,SamsungTVPlus/de#DE400011F2,de,UNMATCHED,,sites/i.mjh.nz/i.mjh.nz_samsung.channels.xml
Tempora,i.mjh.nz,SamsungTVPlus/at#ATAJ0500456A,de,UNMATCHED,,sites/i.mjh.nz/i.mjh.nz_samsung.channels.xml
Tempora,i.mjh.nz,SamsungTVPlus/ch#CHAJ0500457A,de,UNMATCHED,,sites/i.mjh.nz/i.mjh.nz_samsung.channels.xml
Tempora,i.mjh.nz,SamsungTVPlus/de#DEAK0500450A,de,UNMATCHED,,sites/i.mjh.nz/i.mjh.nz_samsung.channels.xml
Tennis Channel Deutschland,i.mjh.nz,SamsungTVPlus/de#DEBA2200008NL,de,UNMATCHED,,sites/i.mjh.nz/i.mjh.nz_samsung.channels.xml
Tennis+,i.mjh.nz,SamsungTVPlus/de#DE2000007B5,de,UNMATCHED,,sites/i.mjh.nz/i.mjh.nz_samsung.channels.xml
Terra X,i.mjh.nz,SamsungTVPlus/de#DEBC3000003IG,de,UNMATCHED,,sites/i.mjh.nz/i.mjh.nz_samsung.channels.xml
The Good Wife,i.mjh.nz,SamsungTVPlus/at#AT3700006RS,de,UNMATCHED,,sites/i.mjh.nz/i.mjh.nz_samsung.channels.xml
The Good Wife,i.mjh.nz,SamsungTVPlus/ch#CH3700006B9,de,UNMATCHED,,sites/i.mjh.nz/i.mjh.nz_samsung.channels.xml
The Good Wife,i.mjh.nz,SamsungTVPlus/de#DE3700008VR,de,UNMATCHED,,sites/i.mjh.nz/i.mjh.nz_samsung.channels.xml
The L Word – Wenn Frauen lieben,i.mjh.nz,PlutoTV/de#68d2759a59fd82da3226492d,de,UNMATCHED,,sites/i.mjh.nz/i.mjh.nz_pluto.channels.xml
The Last Flight,i.mjh.nz,PlutoTV/de#67b481cc1a5ca760801c6c5e,de,UNMATCHED,,sites/i.mjh.nz/i.mjh.nz_pluto.channels.xml
The Librarians,i.mjh.nz,PlutoTV/de#6989b64839dd847194cadcd7,de,UNMATCHED,,sites/i.mjh.nz/i.mjh.nz_pluto.channels.xml
The Nanny &amp; Mr Sheffield - A Fine Romance,i.mjh.nz,PlutoTV/de#6996f0335452cb4f0a2c4153,de,UNMATCHED,,sites/i.mjh.nz/i.mjh.nz_pluto.channels.xml
The Outer Limits,i.mjh.nz,PlutoTV/de#68ad90673efb41cd97c95825,de,UNMATCHED,,sites/i.mjh.nz/i.mjh.nz_pluto.channels.xml
The Pet Collective,i.mjh.nz,SamsungTVPlus/at#ATAJ3200003W3,de,AMBIGUOUS,ThePetCollective.us@Brazil;ThePetCollective.us@UK;ThePetCollective.us@US,sites/i.mjh.nz/i.mjh.nz_samsung.channels.xml
The Pet Collective,i.mjh.nz,SamsungTVPlus/ch#CHAJ3200003RF,de,AMBIGUOUS,ThePetCollective.us@Brazil;ThePetCollective.us@UK;ThePetCollective.us@US,sites/i.mjh.nz/i.mjh.nz_samsung.channels.xml
The Pet Collective,i.mjh.nz,SamsungTVPlus/de#DEAJ3200005JH,de,AMBIGUOUS,ThePetCollective.us@Brazil;ThePetCollective.us@UK;ThePetCollective.us@US,sites/i.mjh.nz/i.mjh.nz_samsung.channels.xml
The Real Housewives,i.mjh.nz,PlutoTV/de#677fb0231da79bfe4fb0bf4e,de,UNMATCHED,,sites/i.mjh.nz/i.mjh.nz_pluto.channels.xml
The Wicked Tuna Channel,i.mjh.nz,SamsungTVPlus/at#ATBC3900001W3,de,UNMATCHED,,sites/i.mjh.nz/i.mjh.nz_samsung.channels.xml
The Wicked Tuna Channel,i.mjh.nz,SamsungTVPlus/ch#CHBC40000011Y,de,UNMATCHED,,sites/i.mjh.nz/i.mjh.nz_samsung.channels.xml
The Wicked Tuna Channel,i.mjh.nz,SamsungTVPlus/de#DEBC220000422,de,UNMATCHED,,sites/i.mjh.nz/i.mjh.nz_samsung.channels.xml
Tierwelt,i.mjh.nz,SamsungTVPlus/at#ATAJ0500427A,de,UNMATCHED,,sites/i.mjh.nz/i.mjh.nz_samsung.channels.xml
Tierwelt,i.mjh.nz,SamsungTVPlus/ch#CHAJ0500427A,de,UNMATCHED,,sites/i.mjh.nz/i.mjh.nz_samsung.channels.xml
Tierwelt,i.mjh.nz,SamsungTVPlus/de#DEAJ0500423A,de,UNMATCHED,,sites/i.mjh.nz/i.mjh.nz_samsung.channels.xml
Top Filme,i.mjh.nz,SamsungTVPlus/at#ATBD5000001SF,de,UNMATCHED,,sites/i.mjh.nz/i.mjh.nz_samsung.channels.xml
Top Filme,i.mjh.nz,SamsungTVPlus/ch#CHBD5000002CB,de,UNMATCHED,,sites/i.mjh.nz/i.mjh.nz_samsung.channels.xml
Top Filme,i.mjh.nz,SamsungTVPlus/de#DEBD5000001VL,de,UNMATCHED,,sites/i.mjh.nz/i.mjh.nz_samsung.channels.xml
Top Filme - Rakuten TV,i.mjh.nz,SamsungTVPlus/at#AT260000326,de,UNMATCHED,,sites/i.mjh.nz/i.mjh.nz_samsung.channels.xml
Top Filme - Rakuten TV,i.mjh.nz,SamsungTVPlus/ch#CH2600006TR,de,UNMATCHED,,sites/i.mjh.nz/i.mjh.nz_samsung.channels.xml
Top Filme - Rakuten TV,i.mjh.nz,SamsungTVPlus/de#DE26000096S,de,UNMATCHED,,sites/i.mjh.nz/i.mjh.nz_samsung.channels.xml
Top Gear Challenge,i.mjh.nz,PlutoTV/de#66a10384d5125900089dfd04,de,UNMATCHED,,sites/i.mjh.nz/i.mjh.nz_pluto.channels.xml
Top Sci-Fi,i.mjh.nz,SamsungTVPlus/at#AT230000238,de,UNMATCHED,,sites/i.mjh.nz/i.mjh.nz_samsung.channels.xml
Top Sci-Fi,i.mjh.nz,SamsungTVPlus/ch#CH23000031M,de,UNMATCHED,,sites/i.mjh.nz/i.mjh.nz_samsung.channels.xml
Top Sci-Fi,i.mjh.nz,SamsungTVPlus/de#DE2300002KX,de,UNMATCHED,,sites/i.mjh.nz/i.mjh.nz_samsung.channels.xml
Trace Latina [FR],i.mjh.nz,SamsungTVPlus/ch#CHBC800003LH,de,UNMATCHED,,sites/i.mjh.nz/i.mjh.nz_samsung.channels.xml
Trace Urban,i.mjh.nz,SamsungTVPlus/de#DEBA3300030O1,de,AMBIGUOUS,TraceUrban.fr@SD;TraceUrban.pt@HD,sites/i.mjh.nz/i.mjh.nz_samsung.channels.xml
Täterjagd,i.mjh.nz,PlutoTV/de#642abea1283aa4000805bb5b,de,UNMATCHED,,sites/i.mjh.nz/i.mjh.nz_pluto.channels.xml
Unentdeckt – Mörder unter uns,i.mjh.nz,PlutoTV/de#650adc3198020f000862eed4,de,UNMATCHED,,sites/i.mjh.nz/i.mjh.nz_pluto.channels.xml
Vera,i.mjh.nz,SamsungTVPlus/at#AT300044H2,de,UNMATCHED,,sites/i.mjh.nz/i.mjh.nz_samsung.channels.xml
Vera,i.mjh.nz,SamsungTVPlus/ch#CH2000332L,de,UNMATCHED,,sites/i.mjh.nz/i.mjh.nz_samsung.channels.xml
Vera,i.mjh.nz,SamsungTVPlus/de#DE200044MH,de,UNMATCHED,,sites/i.mjh.nz/i.mjh.nz_samsung.channels.xml
Vevo Schlager Pop,i.mjh.nz,SamsungTVPlus/de#DEBC21000022L,de,UNMATCHED,,sites/i.mjh.nz/i.mjh.nz_samsung.channels.xml
Vier Frauen &amp; ein Todesfall,i.mjh.nz,SamsungTVPlus/at#AT4400005XG,de,UNMATCHED,,sites/i.mjh.nz/i.mjh.nz_samsung.channels.xml
Vier Frauen &amp; ein Todesfall,i.mjh.nz,SamsungTVPlus/ch#CH4400005U9,de,UNMATCHED,,sites/i.mjh.nz/i.mjh.nz_samsung.channels.xml
Vier Frauen &amp; ein Todesfall,i.mjh.nz,SamsungTVPlus/de#DE4400005PI,de,UNMATCHED,,sites/i.mjh.nz/i.mjh.nz_samsung.channels.xml
Vier Frauen und ein Todesfall,i.mjh.nz,PlutoTV/de#69b0160da9b840a456a11b4a,de,UNMATCHED,,sites/i.mjh.nz/i.mjh.nz_pluto.channels.xml
wedo movies,i.mjh.nz,SamsungTVPlus/at#ATBA3300023X4,de,UNMATCHED,,sites/i.mjh.nz/i.mjh.nz_samsung.channels.xml
wedo movies,i.mjh.nz,SamsungTVPlus/ch#CHBA3300023SN,de,UNMATCHED,,sites/i.mjh.nz/i.mjh.nz_samsung.channels.xml
wedo movies,i.mjh.nz,SamsungTVPlus/de#DEBA3300034HH,de,UNMATCHED,,sites/i.mjh.nz/i.mjh.nz_samsung.channels.xml
wedotv Big Stories [IT],i.mjh.nz,SamsungTVPlus/ch#CHBC40000040J,de,UNMATCHED,,sites/i.mjh.nz/i.mjh.nz_samsung.channels.xml
Wicked Tuna,i.mjh.nz,PlutoTV/de#65253d66c52b3600083d8dd2,de,UNMATCHED,,sites/i.mjh.nz/i.mjh.nz_pluto.channels.xml
Wilder Planet,i.mjh.nz,SamsungTVPlus/at#ATBA3300031VR,de,UNMATCHED,,sites/i.mjh.nz/i.mjh.nz_samsung.channels.xml
Wilder Planet,i.mjh.nz,SamsungTVPlus/ch#CHBA3300028G3,de,UNMATCHED,,sites/i.mjh.nz/i.mjh.nz_samsung.channels.xml
Wilder Planet,i.mjh.nz,SamsungTVPlus/de#DEBA3300042XG,de,UNMATCHED,,sites/i.mjh.nz/i.mjh.nz_samsung.channels.xml
Will&amp;Grace,i.mjh.nz,PlutoTV/de#697a0577f9c3aa5a215a4ef8,de,UNMATCHED,,sites/i.mjh.nz/i.mjh.nz_pluto.channels.xml
World of Freesports - WoF,i.mjh.nz,SamsungTVPlus/at#ATBD5000002B1,de,UNMATCHED,,sites/i.mjh.nz/i.mjh.nz_samsung.channels.xml
World of Freesports - WoF,i.mjh.nz,SamsungTVPlus/ch#CHBD5000001T0,de,UNMATCHED,,sites/i.mjh.nz/i.mjh.nz_samsung.channels.xml
World of Freesports - WoF,i.mjh.nz,SamsungTVPlus/de#DEBD5000002EW,de,UNMATCHED,,sites/i.mjh.nz/i.mjh.nz_samsung.channels.xml
World Poker Tour,i.mjh.nz,SamsungTVPlus/at#ATBD290000127,de,AMBIGUOUS,WorldPokerTour.us@Germany;WorldPokerTour.us@Italy;WorldPokerTour.us@Spain;WorldPokerTour.us@UK;WorldPokerTour.us@US,sites/i.mjh.nz/i.mjh.nz_samsung.channels.xml
World Poker Tour,i.mjh.nz,SamsungTVPlus/ch#CHBD2900001LI,de,AMBIGUOUS,WorldPokerTour.us@Germany;WorldPokerTour.us@Italy;WorldPokerTour.us@Spain;WorldPokerTour.us@UK;WorldPokerTour.us@US,sites/i.mjh.nz/i.mjh.nz_samsung.channels.xml
World Poker Tour,i.mjh.nz,SamsungTVPlus/de#DEBD29000013S,de,AMBIGUOUS,WorldPokerTour.us@Germany;WorldPokerTour.us@Italy;WorldPokerTour.us@Spain;WorldPokerTour.us@UK;WorldPokerTour.us@US,sites/i.mjh.nz/i.mjh.nz_samsung.channels.xml
X-Factor: Das Unfassbare,i.mjh.nz,PlutoTV/de#642d7e029189ce0008958af5,de,UNMATCHED,,sites/i.mjh.nz/i.mjh.nz_pluto.channels.xml
XITE Hits,i.mjh.nz,SamsungTVPlus/de#DEBA2200007V6,de,AMBIGUOUS,XITEHits.nl@Germany;XITEHits.nl@NL;XITEHits.nl@UK;XITEHits.nl@US,sites/i.mjh.nz/i.mjh.nz_samsung.channels.xml
XITE R&amp;B Classic Jams,i.mjh.nz,SamsungTVPlus/de#DE1300001XL,de,UNMATCHED,,sites/i.mjh.nz/i.mjh.nz_samsung.channels.xml
Xplore,i.mjh.nz,SamsungTVPlus/at#ATAJ0500428A,de,AMBIGUOUS,Xplore.de@SD;XploreTV.us@SD,sites/i.mjh.nz/i.mjh.nz_samsung.channels.xml
Xplore,i.mjh.nz,SamsungTVPlus/de#DEAJ0500422A,de,AMBIGUOUS,Xplore.de@SD;XploreTV.us@SD,sites/i.mjh.nz/i.mjh.nz_samsung.channels.xml
Y'a que la vérité qui compte [FR],i.mjh.nz,SamsungTVPlus/ch#CHBB49000023B,de,UNMATCHED,,sites/i.mjh.nz/i.mjh.nz_samsung.channels.xml
ZDF kocht!,i.mjh.nz,SamsungTVPlus/de#DEBD3700002HO,de,UNMATCHED,,sites/i.mjh.nz/i.mjh.nz_samsung.channels.xml
ZDF zu Hause,i.mjh.nz,SamsungTVPlus/de#DE37000038D,de,UNMATCHED,,sites/i.mjh.nz/i.mjh.nz_samsung.channels.xml
Zee One,i.mjh.nz,SamsungTVPlus/at#ATBA3300006WH,de,AMBIGUOUS,ZeeOne.uk@German;ZeeOne.uk@UK;ZeeOneAfrica.za@SD,sites/i.mjh.nz/i.mjh.nz_samsung.channels.xml
Zee One,i.mjh.nz,SamsungTVPlus/ch#CHBD27000011N,de,AMBIGUOUS,ZeeOne.uk@German;ZeeOne.uk@UK;ZeeOneAfrica.za@SD,sites/i.mjh.nz/i.mjh.nz_samsung.channels.xml
Zee One,i.mjh.nz,SamsungTVPlus/de#DEAJ2900003CN,de,AMBIGUOUS,ZeeOne.uk@German;ZeeOne.uk@UK;ZeeOneAfrica.za@SD,sites/i.mjh.nz/i.mjh.nz_samsung.channels.xml
Zee TV HD DE,i.mjh.nz,SamsungTVPlus/at#AT1400001YL,de,UNMATCHED,,sites/i.mjh.nz/i.mjh.nz_samsung.channels.xml
Zee TV HD DE,i.mjh.nz,SamsungTVPlus/ch#CH1400001FA,de,UNMATCHED,,sites/i.mjh.nz/i.mjh.nz_samsung.channels.xml
Zee TV HD DE,i.mjh.nz,SamsungTVPlus/de#DE1400002W0,de,UNMATCHED,,sites/i.mjh.nz/i.mjh.nz_samsung.channels.xml
Arte,neo.io,arte,de,AMBIGUOUS,Arte.de@France;arte.de@SD;arte.fr@SD,sites/neo.io/neo.io.channels.xml
Super RTL,neo.io,super-rtl,de,AMBIGUOUS,CartoonitoMENA.uk@SD;RTLSuper.de@SD;SuperRTL.pt@SD,sites/neo.io/neo.io.channels.xml
BRF TV,pickx.be,UID58335,de,UNMATCHED,,sites/pickx.be/pickx.be.channels.xml
BRF TV HD,pickx.be,UID2348,de,UNMATCHED,,sites/pickx.be/pickx.be.channels.xml
Big Brother Classics,plex.tv,68160d8b6da958281f1f7a65,de,UNMATCHED,,sites/plex.tv/plex.tv_de.channels.xml
Bronco,plex.tv,6967ddc9d09de5839997b5fb,de,UNMATCHED,,sites/plex.tv/plex.tv_de.channels.xml
Crime Scene TV,plex.tv,685f158e6c220c4e9e333a02,de,UNMATCHED,,sites/plex.tv/plex.tv_de.channels.xml
Deutsche Filme,plex.tv,688d2376324d7b6bc1161bef,de,UNMATCHED,,sites/plex.tv/plex.tv_de.channels.xml
Fabella,plex.tv,68e9428d141091437e6c4311,de,UNMATCHED,,sites/plex.tv/plex.tv_de.channels.xml
FarmlandTV,plex.tv,690cdc61718f73527d832925,de,UNMATCHED,,sites/plex.tv/plex.tv_de.channels.xml
FilmRise Binge Watch,plex.tv,65e9d0ad8fe4ef7053c3c866,de,UNMATCHED,,sites/plex.tv/plex.tv_de.channels.xml
FilmRise Serien,plex.tv,65e9d0ad8fe4ef7053c3c875,de,UNMATCHED,,sites/plex.tv/plex.tv_de.channels.xml
Fluss Monster,plex.tv,68dcb71467386a41d59918dd,de,UNMATCHED,,sites/plex.tv/plex.tv_de.channels.xml
Free Comedy,plex.tv,68e93e81572e41763b90a582,de,UNMATCHED,,sites/plex.tv/plex.tv_de.channels.xml
Heimatkino,plex.tv,68e9418fda6bb987138625c5,de,UNMATCHED,,sites/plex.tv/plex.tv_de.channels.xml
Hell's Kitchen,plex.tv,69c19fff389fe3969ae5b8bd,de,AMBIGUOUS,HellsKitchen.us;HellsKitchen.us@UK,sites/plex.tv/plex.tv_de.channels.xml
Horror-Comedy,plex.tv,688d222aa6fe30698ab41f67,de,UNMATCHED,,sites/plex.tv/plex.tv_de.channels.xml
Ladykracher by myspass,plex.tv,68829275815c36c280b16938,de,UNMATCHED,,sites/plex.tv/plex.tv_de.channels.xml
Motorvision Classic,plex.tv,675a3c2067838c2b166105d6,de,UNMATCHED,,sites/plex.tv/plex.tv_de.channels.xml
Moviedome Family,plex.tv,68e94019141091437e6c430f,de,UNMATCHED,,sites/plex.tv/plex.tv_de.channels.xml
myspass Comedy & Shows,plex.tv,67c2513645ae99120c071590,de,UNMATCHED,,sites/plex.tv/plex.tv_de.channels.xml
Natur,plex.tv,666e1e35ce73ed6023b55a15,de,UNMATCHED,,sites/plex.tv/plex.tv_de.channels.xml
Netzkino,plex.tv,690cd9447e937a2031d9bbf1,de,UNMATCHED,,sites/plex.tv/plex.tv_de.channels.xml
Pastewka powered by myspass,plex.tv,688d2040a6fe30698ab41f29,de,UNMATCHED,,sites/plex.tv/plex.tv_de.channels.xml
Profiling Paris,plex.tv,67ddcc4fa61a020842b92a3e,de,UNMATCHED,,sites/plex.tv/plex.tv_de.channels.xml
Sony One | Action Hits,plex.tv,69212d585028288613484a7e,de,UNMATCHED,,sites/plex.tv/plex.tv_de.channels.xml
Sony One | Action Hits,plex.tv,692224145cbe620c1f9b6bb7,de,UNMATCHED,,sites/plex.tv/plex.tv_at.channels.xml
Sony One | Best Of,plex.tv,69212b045cbe620c1f9b6bb1,de,UNMATCHED,,sites/plex.tv/plex.tv_de.channels.xml
Sony One | Best Of,plex.tv,692224c75028288613484a80,de,UNMATCHED,,sites/plex.tv/plex.tv_at.channels.xml
Sony One | Comedy Hits,plex.tv,6921277f5028288613484a7c,de,UNMATCHED,,sites/plex.tv/plex.tv_de.channels.xml
Sony One | Comedy Hits,plex.tv,692223725cbe620c1f9b6bb5,de,UNMATCHED,,sites/plex.tv/plex.tv_at.channels.xml
Sony One | Comedy TV,plex.tv,6921287a50fe592fd6d5b7dc,de,UNMATCHED,,sites/plex.tv/plex.tv_de.channels.xml
Sony One | Thriller TV,plex.tv,69212dfb5cbe620c1f9b6bb3,de,UNMATCHED,,sites/plex.tv/plex.tv_de.channels.xml
Sony One | Thriller TV,plex.tv,6922259c5028288613484a82,de,UNMATCHED,,sites/plex.tv/plex.tv_at.channels.xml
SPIEGEL TV Konflikte,plex.tv,654d1d8f2a4f3ba59c3ce2d4,de,UNMATCHED,,sites/plex.tv/plex.tv_de.channels.xml
SPIEGEL TV Konflikte,plex.tv,654d1ee0b68c82816f548ddf,de,UNMATCHED,,sites/plex.tv/plex.tv_at.channels.xml
Stand-Up Comedy,plex.tv,68160d8b6da958281f1f7a63,de,UNMATCHED,,sites/plex.tv/plex.tv_de.channels.xml
Stromberg by myspass,plex.tv,68b7434fb5b437bf872b6b6a,de,UNMATCHED,,sites/plex.tv/plex.tv_de.channels.xml
Tempora TV,plex.tv,68e942fd141091437e6c4313,de,UNMATCHED,,sites/plex.tv/plex.tv_de.channels.xml
The Wicked Tuna Channel,plex.tv,6623c279ed4918437ed56ebe,de,UNMATCHED,,sites/plex.tv/plex.tv_de.channels.xml
Tierra vor der Kamera,plex.tv,671ab36359ad9a223f0a5dc1,de,UNMATCHED,,sites/plex.tv/plex.tv_de.channels.xml
TRAILERS,plex.tv,6720027229bcfe7b69d4fefb,de,AMBIGUOUS,Trailers.es@FR;Trailers.es@IT,sites/plex.tv/plex.tv_de.channels.xml
Täterjagd,plex.tv,666e2248d91d13cb4c8cbb77,de,UNMATCHED,,sites/plex.tv/plex.tv_de.channels.xml
Utopja,plex.tv,690cdec57e937a2031d9bbf3,de,UNMATCHED,,sites/plex.tv/plex.tv_de.channels.xml
wedo movies,plex.tv,642d66522476824150b0a6e7,de,UNMATCHED,,sites/plex.tv/plex.tv_de.channels.xml
wedo sports,plex.tv,64e6ed5627a915f9b5184e9c,de,UNMATCHED,,sites/plex.tv/plex.tv_de.channels.xml
wedotv true stories,plex.tv,673d316c0d39ac306d6f2ced,de,UNMATCHED,,sites/plex.tv/plex.tv_de.channels.xml
21 Jump Street,pluto.tv,686cffbf3ffa5e0c91cdcfb3,de,UNMATCHED,,sites/pluto.tv/pluto.tv_de.channels.xml
90210,pluto.tv,65a67dd13af63d0008257f17,de,UNMATCHED,,sites/pluto.tv/pluto.tv_de.channels.xml
Alle hassen Chris,pluto.tv,622f6e1e2792150007e0b2ff,de,UNMATCHED,,sites/pluto.tv/pluto.tv_de.channels.xml
Andromeda,pluto.tv,663a163f8ea5560008a3f234,de,AMBIGUOUS,Andromeda.us;Andromeda.us@Italy;Andromeda.us@Spain;Andromeda.us@UK,sites/pluto.tv/pluto.tv_de.channels.xml
Assassination Classroom,pluto.tv,65a7d99f4a10d800086083a9,de,UNMATCHED,,sites/pluto.tv/pluto.tv_de.channels.xml
Awkward,pluto.tv,62bc1784120ba80007935aaa,de,UNMATCHED,,sites/pluto.tv/pluto.tv_de.channels.xml
Ax Men - Die Holzfäller,pluto.tv,6914913274601d957ae35565,de,UNMATCHED,,sites/pluto.tv/pluto.tv_de.channels.xml
Axel!,pluto.tv,667d63d236a2f90008f72269,de,UNMATCHED,,sites/pluto.tv/pluto.tv_de.channels.xml
Becker,pluto.tv,630348a54c48ce00077eb6c7,de,UNMATCHED,,sites/pluto.tv/pluto.tv_de.channels.xml
Beelzebub,pluto.tv,67fe498f9ebfe4142424c55d,de,UNMATCHED,,sites/pluto.tv/pluto.tv_de.channels.xml
BIG BROTHER CLASSIC,pluto.tv,663e09e4b18d700008e48dcf,de,UNMATCHED,,sites/pluto.tv/pluto.tv_de.channels.xml
Blue Mountain State,pluto.tv,67ff7dd84906b1acfad97330,de,UNMATCHED,,sites/pluto.tv/pluto.tv_de.channels.xml
Bronco,pluto.tv,684ac10236c9361b1977f7bc,de,UNMATCHED,,sites/pluto.tv/pluto.tv_de.channels.xml
BVB-Frauen,pluto.tv,66337ea1307fa300082c28a0,de,UNMATCHED,,sites/pluto.tv/pluto.tv_de.channels.xml
Call My Agent!,pluto.tv,69776f2b2c00406316a01945,de,UNMATCHED,,sites/pluto.tv/pluto.tv_de.channels.xml
CNN Headlines International,pluto.tv,66337e365a402e00087eccaf,de,UNMATCHED,,sites/pluto.tv/pluto.tv_de.channels.xml
Dating hinter Gittern,pluto.tv,691b2b690d121b44ad4a53ef,de,UNMATCHED,,sites/pluto.tv/pluto.tv_de.channels.xml
Der Bergdoktor,pluto.tv,69b0167477cdde1f05c8a625,de,UNMATCHED,,sites/pluto.tv/pluto.tv_de.channels.xml
Der Chef,pluto.tv,67dc21ce5a15c0759a07ee19,de,UNMATCHED,,sites/pluto.tv/pluto.tv_de.channels.xml
Der Denver-Clan,pluto.tv,62cebd7302478b00073a6b71,de,UNMATCHED,,sites/pluto.tv/pluto.tv_de.channels.xml
Die fliegenden Ärzte,pluto.tv,688734b9035d6ef9c34aac16,de,UNMATCHED,,sites/pluto.tv/pluto.tv_de.channels.xml
Die glorreichen Sieben,pluto.tv,69c2ac2b14c0213702da7a29,de,UNMATCHED,,sites/pluto.tv/pluto.tv_de.channels.xml
Die Nanny,pluto.tv,66c6fc06489bab0008b6f9da,de,UNMATCHED,,sites/pluto.tv/pluto.tv_de.channels.xml
Die Sieben-Millionen-Dollar-Frau,pluto.tv,677fb078a4af36ad50111032,de,UNMATCHED,,sites/pluto.tv/pluto.tv_de.channels.xml
Dominance FC TV,pluto.tv,685aaec481c345899e4458bb,de,UNMATCHED,,sites/pluto.tv/pluto.tv_de.channels.xml
Don Matteo,pluto.tv,686d004094a028da3aac8cb0,de,UNMATCHED,,sites/pluto.tv/pluto.tv_de.channels.xml
Drake & Josh,pluto.tv,65a67c494a10d800085cab06,de,UNMATCHED,,sites/pluto.tv/pluto.tv_de.channels.xml
Dyn Sport Mix,pluto.tv,6866525c8a412a0e95c438b4,de,UNMATCHED,,sites/pluto.tv/pluto.tv_de.channels.xml
Ein Engel auf Erden,pluto.tv,622f487722d9d400075f74dd,de,UNMATCHED,,sites/pluto.tv/pluto.tv_de.channels.xml
Eine himmlische Familie,pluto.tv,66a244d5cd0d3100083b1e47,de,UNMATCHED,,sites/pluto.tv/pluto.tv_de.channels.xml
Eine schrecklich nette Familie,pluto.tv,67a324d221af380008105d6f,de,UNMATCHED,,sites/pluto.tv/pluto.tv_de.channels.xml
F.B.I. Files,pluto.tv,64eddce19001910008df22b8,de,UNMATCHED,,sites/pluto.tv/pluto.tv_de.channels.xml
Farmland TV,pluto.tv,663a15d7cb3ea10008edac88,de,UNMATCHED,,sites/pluto.tv/pluto.tv_de.channels.xml
FIFA+,pluto.tv,660bfc032433010008def35a,de,AMBIGUOUS,FIFAPlus.uk;FIFAPlus.uk@English;FIFAPlus.uk@French;FIFAPlus.uk@German;FIFAPlus.uk@HispanicAmerica;FIFAPlus.uk@Italy;FIFAPlus.uk@Portuguese;FIFAPlus.uk@UnitedStates,sites/pluto.tv/pluto.tv_de.channels.xml
Flipper,pluto.tv,68d277fb12bf71eaaed3e9f1,de,UNMATCHED,,sites/pluto.tv/pluto.tv_de.channels.xml
Fluss-Monster,pluto.tv,62a0b2aff4cf470007e47e29,de,UNMATCHED,,sites/pluto.tv/pluto.tv_de.channels.xml
Frasier,pluto.tv,62cebf042ffc6d0007c4e59a,de,UNMATCHED,,sites/pluto.tv/pluto.tv_de.channels.xml
Frasier: Berühmte Gäste,pluto.tv,6790fa9e1cfc4aa96dfadcef,de,UNMATCHED,,sites/pluto.tv/pluto.tv_de.channels.xml
Fury,pluto.tv,6270ea4345f5bc0007823048,de,UNMATCHED,,sites/pluto.tv/pluto.tv_de.channels.xml
Germany Shore,pluto.tv,6447dea7e94c380008dba94c,de,UNMATCHED,,sites/pluto.tv/pluto.tv_de.channels.xml
Gigolos,pluto.tv,68d27437e6767bdeb23f0336,de,UNMATCHED,,sites/pluto.tv/pluto.tv_de.channels.xml
Hausmeister Krause,pluto.tv,622f6faf65be650007f57aab,de,UNMATCHED,,sites/pluto.tv/pluto.tv_de.channels.xml
Heartland,pluto.tv,680f375e6798ccd1185b58f9,de,AMBIGUOUS,Heartland.us@Eastern;Heartland.us@Pacific;Heartland.us@Web,sites/pluto.tv/pluto.tv_de.channels.xml
Hell's Kitchen,pluto.tv,644257fe7cb4b100081ed874,de,AMBIGUOUS,HellsKitchen.us;HellsKitchen.us@UK,sites/pluto.tv/pluto.tv_de.channels.xml
Just.fishing,pluto.tv,61b33085897b9d000702b72e,de,UNMATCHED,,sites/pluto.tv/pluto.tv_de.channels.xml
KultKrimi,pluto.tv,5cb5cfe5caf83414128f209e,de,UNMATCHED,,sites/pluto.tv/pluto.tv_de.channels.xml
KultKrimi: Der Alte,pluto.tv,65dde5ef28730900089af7cf,de,UNMATCHED,,sites/pluto.tv/pluto.tv_de.channels.xml
KultKrimi: Der Kommissar,pluto.tv,65dde626ec9fda0008b3dc89,de,UNMATCHED,,sites/pluto.tv/pluto.tv_de.channels.xml
KultKrimi: Derrick,pluto.tv,65dde5848145cb00083277f6,de,UNMATCHED,,sites/pluto.tv/pluto.tv_de.channels.xml
KultKrimi: Die Rettungsflieger,pluto.tv,67ed0c86f7c5d70b90889a51,de,UNMATCHED,,sites/pluto.tv/pluto.tv_de.channels.xml
KultKrimi: Ein Fall für zwei,pluto.tv,68590366010ddd78ef837d29,de,UNMATCHED,,sites/pluto.tv/pluto.tv_de.channels.xml
KultKrimi: Küstenwache,pluto.tv,67ebbdced2832b463faa1e79,de,UNMATCHED,,sites/pluto.tv/pluto.tv_de.channels.xml
Ladykracher,pluto.tv,667d3534ca74680008696051,de,UNMATCHED,,sites/pluto.tv/pluto.tv_de.channels.xml
Liebe Sünde,pluto.tv,68d276ce59fd82da32267d0d,de,UNMATCHED,,sites/pluto.tv/pluto.tv_de.channels.xml
Love Boat,pluto.tv,655ca3d1fbc15b00081f1186,de,UNMATCHED,,sites/pluto.tv/pluto.tv_de.channels.xml
McLeods Töchter,pluto.tv,66c6fcfc6838ee00085beb1a,de,UNMATCHED,,sites/pluto.tv/pluto.tv_de.channels.xml
Melrose Place,pluto.tv,64be745340962900080b55e7,de,UNMATCHED,,sites/pluto.tv/pluto.tv_de.channels.xml
Merhaba Türkische Serien,pluto.tv,6864e8f264d94c1425fb4563,de,UNMATCHED,,sites/pluto.tv/pluto.tv_de.channels.xml
Missions,pluto.tv,6824539e1295f98347e95242,de,UNMATCHED,,sites/pluto.tv/pluto.tv_de.channels.xml
MODUS Super Series Darts,pluto.tv,66337e6ba0a74e000889563b,de,UNMATCHED,,sites/pluto.tv/pluto.tv_de.channels.xml
Mork vom Ork,pluto.tv,642ad2127ef83900085f8910,de,UNMATCHED,,sites/pluto.tv/pluto.tv_de.channels.xml
Nickelodeon Classics,pluto.tv,67f3eb800a1beb98767ca748,de,UNMATCHED,,sites/pluto.tv/pluto.tv_de.channels.xml
Pastewka,pluto.tv,686cfef52704ca31d85c4bf1,de,UNMATCHED,,sites/pluto.tv/pluto.tv_de.channels.xml
Pluto TV Bud & Terence,pluto.tv,64be7398e4391c0008cdedfe,de,AMBIGUOUS,PlutoTVBudTerence.de@FI;PlutoTVBudTerence.se@DK;PlutoTVBudTerence.se@NO;PlutoTVBudTerence.se@SE,sites/pluto.tv/pluto.tv_de.channels.xml
Pluto TV Camp,pluto.tv,661801e871e8c30008a73f7b,de,UNMATCHED,,sites/pluto.tv/pluto.tv_de.channels.xml
Pluto TV Haialarm,pluto.tv,69b015c5d29cc97de7da4af8,de,UNMATCHED,,sites/pluto.tv/pluto.tv_de.channels.xml
Pluto TV Laughs in Spanish,pluto.tv,69a554179a3f3bb488c7d2be,de,UNMATCHED,,sites/pluto.tv/pluto.tv_de.channels.xml
Pluto TV Romance,pluto.tv,5dc287ce3086a20009f5024c,de,AMBIGUOUS,PlutoTVRomance.de@UKPlus;PlutoTVRomance.us@US,sites/pluto.tv/pluto.tv_de.channels.xml
Pluto TV Weihnachten im Sommer,pluto.tv,642ad072283aa4000806148c,de,UNMATCHED,,sites/pluto.tv/pluto.tv_de.channels.xml
Profiling Paris,pluto.tv,67d984c989788ef7f058b084,de,UNMATCHED,,sites/pluto.tv/pluto.tv_de.channels.xml
Quantum Leap,pluto.tv,677fafd91da79bfe4fb0b4ec,de,UNMATCHED,,sites/pluto.tv/pluto.tv_de.channels.xml
Rauchende Colts,pluto.tv,638f2bc7bc363100072f02dd,de,UNMATCHED,,sites/pluto.tv/pluto.tv_de.channels.xml
Rawhide - Tausend Meilen Staub,pluto.tv,638f2983dcd9100008c2374d,de,UNMATCHED,,sites/pluto.tv/pluto.tv_de.channels.xml
Red Shoe Diaries,pluto.tv,645a0ddfe1979c00086d83ff,de,UNMATCHED,,sites/pluto.tv/pluto.tv_de.channels.xml
RoboCop,pluto.tv,6628e513cee0d90008639b46,de,UNMATCHED,,sites/pluto.tv/pluto.tv_de.channels.xml
Rookie Blue,pluto.tv,680f462556ff83bcd6ba2816,de,UNMATCHED,,sites/pluto.tv/pluto.tv_de.channels.xml
Rules of Engagement,pluto.tv,64be635a40962900080aaca5,de,UNMATCHED,,sites/pluto.tv/pluto.tv_de.channels.xml
Sabrina - Total verhext!,pluto.tv,622f40c901d4b70007ad7609,de,UNMATCHED,,sites/pluto.tv/pluto.tv_de.channels.xml
Saving Hope,pluto.tv,666fe4768768aa0008c31ddf,de,UNMATCHED,,sites/pluto.tv/pluto.tv_de.channels.xml
Schlosshotel Orth,pluto.tv,69b01641a9b840a456a11c18,de,UNMATCHED,,sites/pluto.tv/pluto.tv_de.channels.xml
Schnell ermittelt,pluto.tv,69b968a58323ef2714d1aa36,de,UNMATCHED,,sites/pluto.tv/pluto.tv_de.channels.xml
Sea Patrol,pluto.tv,688735087b2cf33d01a2d411,de,UNMATCHED,,sites/pluto.tv/pluto.tv_de.channels.xml
Seaquest,pluto.tv,69b14863dd687227e1e4b6b2,de,UNMATCHED,,sites/pluto.tv/pluto.tv_de.channels.xml
South Park Armageddon,pluto.tv,660c010ce8fba800084f0697,de,UNMATCHED,,sites/pluto.tv/pluto.tv_de.channels.xml
South Park Rocks!,pluto.tv,664f12bb3d173b0008168c1f,de,UNMATCHED,,sites/pluto.tv/pluto.tv_de.channels.xml
South Park: Butters Collection,pluto.tv,646b14a0e94c3800082a8d3a,de,UNMATCHED,,sites/pluto.tv/pluto.tv_de.channels.xml
South Park: Cartman Collection,pluto.tv,646b14747cb4b1000875724d,de,UNMATCHED,,sites/pluto.tv/pluto.tv_de.channels.xml
South Park: Kenny Collection,pluto.tv,646b1404ee6a2f00082b5d66,de,UNMATCHED,,sites/pluto.tv/pluto.tv_de.channels.xml
South Park: Kyle Collection,pluto.tv,646b14d0e1979c0008915a09,de,UNMATCHED,,sites/pluto.tv/pluto.tv_de.channels.xml
South Park: Stan Collection,pluto.tv,646b1438e94c3800082a8cff,de,UNMATCHED,,sites/pluto.tv/pluto.tv_de.channels.xml
South Park: Stars & Sternchen,pluto.tv,664f0d373d173b0008164948,de,UNMATCHED,,sites/pluto.tv/pluto.tv_de.channels.xml
Space Live,pluto.tv,69a554497ed3b3fff0b9ca80,de,UNMATCHED,,sites/pluto.tv/pluto.tv_de.channels.xml
SPIEGEL TV Konflikte,pluto.tv,65b9268fc798e800085add89,de,UNMATCHED,,sites/pluto.tv/pluto.tv_de.channels.xml
Stand-up Comedy,pluto.tv,663e09b341af640008c1b68c,de,UNMATCHED,,sites/pluto.tv/pluto.tv_de.channels.xml
Star Trek: The Next Generation,pluto.tv,69776ce979545c21a1220bff,de,UNMATCHED,,sites/pluto.tv/pluto.tv_de.channels.xml
Star Trek: The Original Series,pluto.tv,69776b58036e883f39e5ab8a,de,UNMATCHED,,sites/pluto.tv/pluto.tv_de.channels.xml
Stromberg,pluto.tv,686cff3224918d4300fa542b,de,UNMATCHED,,sites/pluto.tv/pluto.tv_de.channels.xml
SUMO Paris 2026,pluto.tv,68d669f9508ba507f075b5fe,de,UNMATCHED,,sites/pluto.tv/pluto.tv_de.channels.xml
Swamp People,pluto.tv,691491c6bb69fb3258c3524a,de,UNMATCHED,,sites/pluto.tv/pluto.tv_de.channels.xml
Telenovela ZDF,pluto.tv,5cb5d043a461406ffe3fb2de,de,UNMATCHED,,sites/pluto.tv/pluto.tv_de.channels.xml
The L Word – Wenn Frauen lieben,pluto.tv,68d2759a59fd82da3226492d,de,UNMATCHED,,sites/pluto.tv/pluto.tv_de.channels.xml
The Last Flight,pluto.tv,67b481cc1a5ca760801c6c5e,de,UNMATCHED,,sites/pluto.tv/pluto.tv_de.channels.xml
The Librarians,pluto.tv,6989b64839dd847194cadcd7,de,UNMATCHED,,sites/pluto.tv/pluto.tv_de.channels.xml
The Nanny & Mr Sheffield - A Fine Romance,pluto.tv,6996f0335452cb4f0a2c4153,de,UNMATCHED,,sites/pluto.tv/pluto.tv_de.channels.xml
The Outer Limits,pluto.tv,68ad90673efb41cd97c95825,de,UNMATCHED,,sites/pluto.tv/pluto.tv_de.channels.xml
The Real Housewives,pluto.tv,677fb0231da79bfe4fb0bf4e,de,UNMATCHED,,sites/pluto.tv/pluto.tv_de.channels.xml
Top Gear Challenge,pluto.tv,66a10384d5125900089dfd04,de,UNMATCHED,,sites/pluto.tv/pluto.tv_de.channels.xml
Täterjagd,pluto.tv,642abea1283aa4000805bb5b,de,UNMATCHED,,sites/pluto.tv/pluto.tv_de.channels.xml
Unentdeckt – Mörder unter uns,pluto.tv,650adc3198020f000862eed4,de,UNMATCHED,,sites/pluto.tv/pluto.tv_de.channels.xml
Vier Frauen und ein Todesfall,pluto.tv,69b0160da9b840a456a11b4a,de,UNMATCHED,,sites/pluto.tv/pluto.tv_de.channels.xml
Wicked Tuna,pluto.tv,65253d66c52b3600083d8dd2,de,UNMATCHED,,sites/pluto.tv/pluto.tv_de.channels.xml
Will&Grace,pluto.tv,697a0577f9c3aa5a215a4ef8,de,UNMATCHED,,sites/pluto.tv/pluto.tv_de.channels.xml
X-Factor: Das Unfassbare,pluto.tv,642d7e029189ce0008958af5,de,UNMATCHED,,sites/pluto.tv/pluto.tv_de.channels.xml
1LIVE diGGi,sky.com,DE#1430,de,UNMATCHED,,sites/sky.com/sky.com.channels.xml
ANTENNE BAYERN,sky.com,DE#170,de,UNMATCHED,,sites/sky.com/sky.com.channels.xml
Antenne Brbg.,sky.com,DE#1431,de,UNMATCHED,,sites/sky.com/sky.com.channels.xml
AXN White HD,sky.com,DE#2028,de,UNMATCHED,,sites/sky.com/sky.com.channels.xml
Bayern 1,sky.com,DE#1040,de,UNMATCHED,,sites/sky.com/sky.com.channels.xml
Bayern 2,sky.com,DE#1401,de,UNMATCHED,,sites/sky.com/sky.com.channels.xml
BAYERN 3,sky.com,DE#1402,de,UNMATCHED,,sites/sky.com/sky.com.channels.xml
BR Heimat,sky.com,DE#1408,de,UNMATCHED,,sites/sky.com/sky.com.channels.xml
BR Schlager,sky.com,DE#1406,de,UNMATCHED,,sites/sky.com/sky.com.channels.xml
BR-KLASSIK,sky.com,DE#403,de,UNMATCHED,,sites/sky.com/sky.com.channels.xml
BR24,sky.com,DE#1404,de,UNMATCHED,,sites/sky.com/sky.com.channels.xml
BR24live,sky.com,DE#1405,de,UNMATCHED,,sites/sky.com/sky.com.channels.xml
Bremen Eins,sky.com,DE#1426,de,UNMATCHED,,sites/sky.com/sky.com.channels.xml
Bremen NEXT,sky.com,DE#1407,de,UNMATCHED,,sites/sky.com/sky.com.channels.xml
Bremen Vier,sky.com,DE#1428,de,UNMATCHED,,sites/sky.com/sky.com.channels.xml
Bremen Zwei,sky.com,DE#1427,de,UNMATCHED,,sites/sky.com/sky.com.channels.xml
Crime Time HD,sky.com,DE#2015,de,UNMATCHED,,sites/sky.com/sky.com.channels.xml
Die Maus,sky.com,DE#1458,de,UNMATCHED,,sites/sky.com/sky.com.channels.xml
Dlf,sky.com,DE#8013,de,UNMATCHED,,sites/sky.com/sky.com.channels.xml
Dlf Kultur,sky.com,DE#8012,de,UNMATCHED,,sites/sky.com/sky.com.channels.xml
Dlf Nova,sky.com,DE#8017,de,UNMATCHED,,sites/sky.com/sky.com.channels.xml
DRadio DokDeb,sky.com,DE#8015,de,UNMATCHED,,sites/sky.com/sky.com.channels.xml
Dyn Sport Mix,sky.com,DE#103,de,UNMATCHED,,sites/sky.com/sky.com.channels.xml
egoFM,sky.com,DE#172,de,UNMATCHED,,sites/sky.com/sky.com.channels.xml
ffn,sky.com,DE#1409,de,UNMATCHED,,sites/sky.com/sky.com.channels.xml
Franken Plus HD,sky.com,DE#5809,de,UNMATCHED,,sites/sky.com/sky.com.channels.xml
Fritz,sky.com,DE#1489,de,UNMATCHED,,sites/sky.com/sky.com.channels.xml
Genius Trend,sky.com,DE#897,de,UNMATCHED,,sites/sky.com/sky.com.channels.xml
HD Test 2,sky.com,DE#9502,de,UNMATCHED,,sites/sky.com/sky.com.channels.xml
HD Test1,sky.com,DE#9501,de,UNMATCHED,,sites/sky.com/sky.com.channels.xml
Hoehenrausch HD,sky.com,DE#2016,de,UNMATCHED,,sites/sky.com/sky.com.channels.xml
Hoehenrausch SD,sky.com,DE#2019,de,UNMATCHED,,sites/sky.com/sky.com.channels.xml
hr INFO,sky.com,DE#1470,de,UNMATCHED,,sites/sky.com/sky.com.channels.xml
hr1,sky.com,DE#1465,de,UNMATCHED,,sites/sky.com/sky.com.channels.xml
hr2,sky.com,DE#1466,de,UNMATCHED,,sites/sky.com/sky.com.channels.xml
hr3,sky.com,DE#1467,de,UNMATCHED,,sites/sky.com/sky.com.channels.xml
hr4,sky.com,DE#1468,de,UNMATCHED,,sites/sky.com/sky.com.channels.xml
Immer etwas Neues TV,sky.com,DE#514,de,UNMATCHED,,sites/sky.com/sky.com.channels.xml
JAM FM,sky.com,DE#177,de,UNMATCHED,,sites/sky.com/sky.com.channels.xml
Just Cooking,sky.com,DE#2001,de,UNMATCHED,,sites/sky.com/sky.com.channels.xml
Just Cooking HD,sky.com,DE#2011,de,UNMATCHED,,sites/sky.com/sky.com.channels.xml
Just Fishing,sky.com,DE#2022,de,UNMATCHED,,sites/sky.com/sky.com.channels.xml
Just Fishing HD,sky.com,DE#2018,de,UNMATCHED,,sites/sky.com/sky.com.channels.xml
LT1-OOE,sky.com,DE#3104,de,UNMATCHED,,sites/sky.com/sky.com.channels.xml
MDR AKTUELL,sky.com,DE#1480,de,UNMATCHED,,sites/sky.com/sky.com.channels.xml
MDR JUMP,sky.com,DE#1478,de,UNMATCHED,,sites/sky.com/sky.com.channels.xml
MDR KLASSIK,sky.com,DE#1410,de,UNMATCHED,,sites/sky.com/sky.com.channels.xml
MDR KULTUR,sky.com,DE#1477,de,UNMATCHED,,sites/sky.com/sky.com.channels.xml
MDR S-ANHALT MD,sky.com,DE#1475,de,UNMATCHED,,sites/sky.com/sky.com.channels.xml
MDR SACHSEN DD,sky.com,DE#1474,de,UNMATCHED,,sites/sky.com/sky.com.channels.xml
MDR SPUTNIK,sky.com,DE#1479,de,UNMATCHED,,sites/sky.com/sky.com.channels.xml
MDR THÜR Mitte-W,sky.com,DE#1476,de,UNMATCHED,,sites/sky.com/sky.com.channels.xml
N-JOY,sky.com,DE#1415,de,UNMATCHED,,sites/sky.com/sky.com.channels.xml
NDR 1 Nieders. HAN,sky.com,DE#1419,de,UNMATCHED,,sites/sky.com/sky.com.channels.xml
NDR 1 Radio MV SN,sky.com,DE#1418,de,UNMATCHED,,sites/sky.com/sky.com.channels.xml
NDR 1 Welle Nord KI,sky.com,DE#1417,de,UNMATCHED,,sites/sky.com/sky.com.channels.xml
NDR 2 NDS,sky.com,DE#1412,de,UNMATCHED,,sites/sky.com/sky.com.channels.xml
"NDR 90,3",sky.com,DE#1416,de,UNMATCHED,,sites/sky.com/sky.com.channels.xml
NDR Blue,sky.com,DE#1411,de,UNMATCHED,,sites/sky.com/sky.com.channels.xml
NDR Info NDS,sky.com,DE#1414,de,UNMATCHED,,sites/sky.com/sky.com.channels.xml
NDR Info Spezial,sky.com,DE#1420,de,UNMATCHED,,sites/sky.com/sky.com.channels.xml
NDR Kultur,sky.com,DE#1413,de,UNMATCHED,,sites/sky.com/sky.com.channels.xml
NDR Schlager,sky.com,DE#1421,de,UNMATCHED,,sites/sky.com/sky.com.channels.xml
OLDIE ANTENNE,sky.com,DE#1403,de,UNMATCHED,,sites/sky.com/sky.com.channels.xml
One TERRA HD,sky.com,DE#2014,de,UNMATCHED,,sites/sky.com/sky.com.channels.xml
Placeholder 1,sky.com,DE#9504,de,UNMATCHED,,sites/sky.com/sky.com.channels.xml
Placeholder 2,sky.com,DE#9505,de,UNMATCHED,,sites/sky.com/sky.com.channels.xml
Prime Sportsbar,sky.com,DE#3029,de,UNMATCHED,,sites/sky.com/sky.com.channels.xml
Prime Sportsbar,sky.com,DE#341,de,UNMATCHED,,sites/sky.com/sky.com.channels.xml
Pro7Sat.1 UHD,sky.com,DE#6205,de,UNMATCHED,,sites/sky.com/sky.com.channels.xml
PULS,sky.com,DE#1047,de,UNMATCHED,,sites/sky.com/sky.com.channels.xml
QVC UHD,sky.com,DE#4230,de,UNMATCHED,,sites/sky.com/sky.com.channels.xml
Radio Horeb,sky.com,DE#1422,de,UNMATCHED,,sites/sky.com/sky.com.channels.xml
Radio Paloma,sky.com,DE#1423,de,UNMATCHED,,sites/sky.com/sky.com.channels.xml
radio3,sky.com,DE#1485,de,UNMATCHED,,sites/sky.com/sky.com.channels.xml
radioeins,sky.com,DE#1488,de,UNMATCHED,,sites/sky.com/sky.com.channels.xml
rbb 88.8,sky.com,DE#1487,de,UNMATCHED,,sites/sky.com/sky.com.channels.xml
rbb24 Inforadio,sky.com,DE#1484,de,UNMATCHED,,sites/sky.com/sky.com.channels.xml
Regio TV,sky.com,DE#2047,de,UNMATCHED,,sites/sky.com/sky.com.channels.xml
RTL RADIO,sky.com,DE#1425,de,UNMATCHED,,sites/sky.com/sky.com.channels.xml
RTL Sport 1,sky.com,DE#115,de,UNMATCHED,,sites/sky.com/sky.com.channels.xml
RTL UHD,sky.com,DE#2410,de,UNMATCHED,,sites/sky.com/sky.com.channels.xml
Schlager Radio,sky.com,DE#1436,de,UNMATCHED,,sites/sky.com/sky.com.channels.xml
Sky Cinema 1,sky.com,DE#11,de,UNMATCHED,,sites/sky.com/sky.com.channels.xml
Sky Cinema 4,sky.com,DE#135,de,UNMATCHED,,sites/sky.com/sky.com.channels.xml
Sky Cinema Action HD +24,sky.com,DE#407,de,UNMATCHED,,sites/sky.com/sky.com.channels.xml
Sky Cinema Blockbuster HD,sky.com,DE#330,de,UNMATCHED,,sites/sky.com/sky.com.channels.xml
Sky Cinema Blockbuster HD +24,sky.com,DE#332,de,UNMATCHED,,sites/sky.com/sky.com.channels.xml
Sky Cinema Classics HD +24,sky.com,DE#409,de,UNMATCHED,,sites/sky.com/sky.com.channels.xml
Sky Cinema Feelgood HD,sky.com,DE#331,de,UNMATCHED,,sites/sky.com/sky.com.channels.xml
Sky Cinema Feelgood HD +24,sky.com,DE#333,de,UNMATCHED,,sites/sky.com/sky.com.channels.xml
Sky Sport Bundesliga 11,sky.com,DE#151,de,UNMATCHED,,sites/sky.com/sky.com.channels.xml
Sky Sport Bundesliga 12,sky.com,DE#152,de,UNMATCHED,,sites/sky.com/sky.com.channels.xml
Sky Sport Swiss 01,sky.com,DE#195,de,UNMATCHED,,sites/sky.com/sky.com.channels.xml
Sky Sport Swiss 02,sky.com,DE#196,de,UNMATCHED,,sites/sky.com/sky.com.channels.xml
Spirit TV Germany,sky.com,DE#5004,de,UNMATCHED,,sites/sky.com/sky.com.channels.xml
Sportdigital EDGE,sky.com,DE#4303,de,UNMATCHED,,sites/sky.com/sky.com.channels.xml
SR 1 Europawelle,sky.com,DE#1432,de,UNMATCHED,,sites/sky.com/sky.com.channels.xml
SR 3 Saarlandwelle,sky.com,DE#1434,de,UNMATCHED,,sites/sky.com/sky.com.channels.xml
SR kultur,sky.com,DE#1433,de,UNMATCHED,,sites/sky.com/sky.com.channels.xml
STEST1,sky.com,DE#800,de,UNMATCHED,,sites/sky.com/sky.com.channels.xml
STEST2,sky.com,DE#801,de,UNMATCHED,,sites/sky.com/sky.com.channels.xml
sunshine live,sky.com,DE#169,de,UNMATCHED,,sites/sky.com/sky.com.channels.xml
SWR Aktuell,sky.com,DE#1447,de,UNMATCHED,,sites/sky.com/sky.com.channels.xml
SWR Kultur,sky.com,DE#1442,de,UNMATCHED,,sites/sky.com/sky.com.channels.xml
SWR1 BW,sky.com,DE#1440,de,UNMATCHED,,sites/sky.com/sky.com.channels.xml
SWR1 RP,sky.com,DE#1441,de,UNMATCHED,,sites/sky.com/sky.com.channels.xml
SWR2 5.1,sky.com,DE#1437,de,UNMATCHED,,sites/sky.com/sky.com.channels.xml
SWR3,sky.com,DE#1443,de,UNMATCHED,,sites/sky.com/sky.com.channels.xml
SWR4 BW,sky.com,DE#1444,de,UNMATCHED,,sites/sky.com/sky.com.channels.xml
SWR4 RP,sky.com,DE#1445,de,UNMATCHED,,sites/sky.com/sky.com.channels.xml
TOGGO Radio,sky.com,DE#1438,de,UNMATCHED,,sites/sky.com/sky.com.channels.xml
UHD Test1,sky.com,DE#9503,de,UNMATCHED,,sites/sky.com/sky.com.channels.xml
UHD1 by ASTRA / HD+,sky.com,DE#2,de,UNMATCHED,,sites/sky.com/sky.com.channels.xml
WDR 2,sky.com,DE#1452,de,UNMATCHED,,sites/sky.com/sky.com.channels.xml
WDR 3,sky.com,DE#1453,de,UNMATCHED,,sites/sky.com/sky.com.channels.xml
WDR 4,sky.com,DE#1454,de,UNMATCHED,,sites/sky.com/sky.com.channels.xml
WDR 5,sky.com,DE#1455,de,UNMATCHED,,sites/sky.com/sky.com.channels.xml
WDR Event,sky.com,DE#1459,de,UNMATCHED,,sites/sky.com/sky.com.channels.xml
YOU FM,sky.com,DE#1469,de,UNMATCHED,,sites/sky.com/sky.com.channels.xml
MySports EDGE,teleboy.ch,633,de,UNMATCHED,,sites/teleboy.ch/teleboy.ch.channels.xml
MySports Uno,teleboy.ch,632,de,UNMATCHED,,sites/teleboy.ch/teleboy.ch.channels.xml
Rocket Beans TV,teleboy.ch,491,de,UNMATCHED,,sites/teleboy.ch/teleboy.ch.channels.xml
Top Filme,teleboy.ch,613,de,UNMATCHED,,sites/teleboy.ch/teleboy.ch.channels.xml
wedo movies,teleboy.ch,593,de,UNMATCHED,,sites/teleboy.ch/teleboy.ch.channels.xml
3D Demo,tv.blue.ch,5,de,UNMATCHED,,sites/tv.blue.ch/tv.blue.ch.channels.xml
Amazon Prime Video,tv.blue.ch,1758,de,UNMATCHED,,sites/tv.blue.ch/tv.blue.ch.channels.xml
ARD Plus (Logo VOD),tv.blue.ch,1827,de,UNMATCHED,,sites/tv.blue.ch/tv.blue.ch.channels.xml
ARD Plus Kids (Logo VOD),tv.blue.ch,1828,de,UNMATCHED,,sites/tv.blue.ch/tv.blue.ch.channels.xml
AXN Deutschland,tv.blue.ch,1066,de,UNMATCHED,,sites/tv.blue.ch/tv.blue.ch.channels.xml
Best of ESC,tv.blue.ch,2145,de,UNMATCHED,,sites/tv.blue.ch/tv.blue.ch.channels.xml
blue Event D 1,tv.blue.ch,2026,de,UNMATCHED,,sites/tv.blue.ch/tv.blue.ch.channels.xml
blue Music D 2,tv.blue.ch,1995,de,UNMATCHED,,sites/tv.blue.ch/tv.blue.ch.channels.xml
blue Music D 3,tv.blue.ch,1996,de,UNMATCHED,,sites/tv.blue.ch/tv.blue.ch.channels.xml
blue Sport 1 Live,tv.blue.ch,663,de,UNMATCHED,,sites/tv.blue.ch/tv.blue.ch.channels.xml
blue Sport 1 Live D,tv.blue.ch,1000,de,UNMATCHED,,sites/tv.blue.ch/tv.blue.ch.channels.xml
blue Sport 10 Live,tv.blue.ch,486,de,UNMATCHED,,sites/tv.blue.ch/tv.blue.ch.channels.xml
blue Sport 11 Live,tv.blue.ch,487,de,UNMATCHED,,sites/tv.blue.ch/tv.blue.ch.channels.xml
blue Sport 12 Live,tv.blue.ch,488,de,UNMATCHED,,sites/tv.blue.ch/tv.blue.ch.channels.xml
blue Sport 13 Live,tv.blue.ch,489,de,UNMATCHED,,sites/tv.blue.ch/tv.blue.ch.channels.xml
blue Sport 14 Live,tv.blue.ch,490,de,UNMATCHED,,sites/tv.blue.ch/tv.blue.ch.channels.xml
blue Sport 15 Live,tv.blue.ch,491,de,UNMATCHED,,sites/tv.blue.ch/tv.blue.ch.channels.xml
blue Sport 16 Live,tv.blue.ch,492,de,UNMATCHED,,sites/tv.blue.ch/tv.blue.ch.channels.xml
blue Sport 17 Live,tv.blue.ch,493,de,UNMATCHED,,sites/tv.blue.ch/tv.blue.ch.channels.xml
blue Sport 18 Live,tv.blue.ch,495,de,UNMATCHED,,sites/tv.blue.ch/tv.blue.ch.channels.xml
blue Sport 19 Live,tv.blue.ch,496,de,UNMATCHED,,sites/tv.blue.ch/tv.blue.ch.channels.xml
blue Sport 2 Live,tv.blue.ch,511,de,UNMATCHED,,sites/tv.blue.ch/tv.blue.ch.channels.xml
blue Sport 2 Live D,tv.blue.ch,1249,de,UNMATCHED,,sites/tv.blue.ch/tv.blue.ch.channels.xml
blue Sport 20 Live,tv.blue.ch,497,de,UNMATCHED,,sites/tv.blue.ch/tv.blue.ch.channels.xml
blue Sport 21 Live,tv.blue.ch,498,de,UNMATCHED,,sites/tv.blue.ch/tv.blue.ch.channels.xml
blue Sport 22 Live,tv.blue.ch,499,de,UNMATCHED,,sites/tv.blue.ch/tv.blue.ch.channels.xml
blue Sport 23 Live,tv.blue.ch,500,de,UNMATCHED,,sites/tv.blue.ch/tv.blue.ch.channels.xml
blue Sport 24 Live,tv.blue.ch,501,de,UNMATCHED,,sites/tv.blue.ch/tv.blue.ch.channels.xml
blue Sport 25 Live,tv.blue.ch,502,de,UNMATCHED,,sites/tv.blue.ch/tv.blue.ch.channels.xml
blue Sport 26 Live,tv.blue.ch,503,de,UNMATCHED,,sites/tv.blue.ch/tv.blue.ch.channels.xml
blue Sport 27 Live,tv.blue.ch,504,de,UNMATCHED,,sites/tv.blue.ch/tv.blue.ch.channels.xml
blue Sport 28 Live,tv.blue.ch,924,de,UNMATCHED,,sites/tv.blue.ch/tv.blue.ch.channels.xml
blue Sport 29 Live,tv.blue.ch,926,de,UNMATCHED,,sites/tv.blue.ch/tv.blue.ch.channels.xml
blue Sport 3 Live,tv.blue.ch,512,de,UNMATCHED,,sites/tv.blue.ch/tv.blue.ch.channels.xml
blue Sport 3 Live D,tv.blue.ch,1250,de,UNMATCHED,,sites/tv.blue.ch/tv.blue.ch.channels.xml
blue Sport 30 Live,tv.blue.ch,928,de,UNMATCHED,,sites/tv.blue.ch/tv.blue.ch.channels.xml
blue Sport 31 Live,tv.blue.ch,1415,de,UNMATCHED,,sites/tv.blue.ch/tv.blue.ch.channels.xml
blue Sport 32 Live,tv.blue.ch,1427,de,UNMATCHED,,sites/tv.blue.ch/tv.blue.ch.channels.xml
blue Sport 33 Live,tv.blue.ch,1428,de,UNMATCHED,,sites/tv.blue.ch/tv.blue.ch.channels.xml
blue Sport 34 Live,tv.blue.ch,1429,de,UNMATCHED,,sites/tv.blue.ch/tv.blue.ch.channels.xml
blue Sport 35 Live,tv.blue.ch,1430,de,UNMATCHED,,sites/tv.blue.ch/tv.blue.ch.channels.xml
blue Sport 36 Live,tv.blue.ch,1431,de,UNMATCHED,,sites/tv.blue.ch/tv.blue.ch.channels.xml
blue Sport 37 Live,tv.blue.ch,1432,de,UNMATCHED,,sites/tv.blue.ch/tv.blue.ch.channels.xml
blue Sport 38 Live,tv.blue.ch,1433,de,UNMATCHED,,sites/tv.blue.ch/tv.blue.ch.channels.xml
blue Sport 39 Live,tv.blue.ch,1442,de,UNMATCHED,,sites/tv.blue.ch/tv.blue.ch.channels.xml
blue Sport 4 Live,tv.blue.ch,513,de,UNMATCHED,,sites/tv.blue.ch/tv.blue.ch.channels.xml
blue Sport 4 Live D,tv.blue.ch,1440,de,UNMATCHED,,sites/tv.blue.ch/tv.blue.ch.channels.xml
blue Sport 5 Live,tv.blue.ch,514,de,UNMATCHED,,sites/tv.blue.ch/tv.blue.ch.channels.xml
blue Sport 6 Live,tv.blue.ch,515,de,UNMATCHED,,sites/tv.blue.ch/tv.blue.ch.channels.xml
blue Sport 7 Live,tv.blue.ch,516,de,UNMATCHED,,sites/tv.blue.ch/tv.blue.ch.channels.xml
blue Sport 8 Live,tv.blue.ch,484,de,UNMATCHED,,sites/tv.blue.ch/tv.blue.ch.channels.xml
blue Sport 9 Live,tv.blue.ch,485,de,UNMATCHED,,sites/tv.blue.ch/tv.blue.ch.channels.xml
blue Sport Event 1,tv.blue.ch,1002,de,UNMATCHED,,sites/tv.blue.ch/tv.blue.ch.channels.xml
blue Sport Event 1,tv.blue.ch,661,de,UNMATCHED,,sites/tv.blue.ch/tv.blue.ch.channels.xml
blue Sport Event 10,tv.blue.ch,481,de,UNMATCHED,,sites/tv.blue.ch/tv.blue.ch.channels.xml
blue Sport Event 11,tv.blue.ch,423,de,UNMATCHED,,sites/tv.blue.ch/tv.blue.ch.channels.xml
blue Sport Event 12,tv.blue.ch,425,de,UNMATCHED,,sites/tv.blue.ch/tv.blue.ch.channels.xml
blue Sport Event 13,tv.blue.ch,427,de,UNMATCHED,,sites/tv.blue.ch/tv.blue.ch.channels.xml
blue Sport Event 14,tv.blue.ch,429,de,UNMATCHED,,sites/tv.blue.ch/tv.blue.ch.channels.xml
blue Sport Event 15,tv.blue.ch,431,de,UNMATCHED,,sites/tv.blue.ch/tv.blue.ch.channels.xml
blue Sport Event 16,tv.blue.ch,433,de,UNMATCHED,,sites/tv.blue.ch/tv.blue.ch.channels.xml
blue Sport Event 17,tv.blue.ch,435,de,UNMATCHED,,sites/tv.blue.ch/tv.blue.ch.channels.xml
blue Sport Event 18,tv.blue.ch,437,de,UNMATCHED,,sites/tv.blue.ch/tv.blue.ch.channels.xml
blue Sport Event 19,tv.blue.ch,439,de,UNMATCHED,,sites/tv.blue.ch/tv.blue.ch.channels.xml
blue Sport Event 2,tv.blue.ch,1245,de,UNMATCHED,,sites/tv.blue.ch/tv.blue.ch.channels.xml
blue Sport Event 2,tv.blue.ch,422,de,UNMATCHED,,sites/tv.blue.ch/tv.blue.ch.channels.xml
blue Sport Event 20,tv.blue.ch,441,de,UNMATCHED,,sites/tv.blue.ch/tv.blue.ch.channels.xml
blue Sport Event 21,tv.blue.ch,445,de,UNMATCHED,,sites/tv.blue.ch/tv.blue.ch.channels.xml
blue Sport Event 22,tv.blue.ch,447,de,UNMATCHED,,sites/tv.blue.ch/tv.blue.ch.channels.xml
blue Sport Event 23,tv.blue.ch,449,de,UNMATCHED,,sites/tv.blue.ch/tv.blue.ch.channels.xml
blue Sport Event 24,tv.blue.ch,451,de,UNMATCHED,,sites/tv.blue.ch/tv.blue.ch.channels.xml
blue Sport Event 25,tv.blue.ch,453,de,UNMATCHED,,sites/tv.blue.ch/tv.blue.ch.channels.xml
blue Sport Event 26,tv.blue.ch,455,de,UNMATCHED,,sites/tv.blue.ch/tv.blue.ch.channels.xml
blue Sport Event 27,tv.blue.ch,457,de,UNMATCHED,,sites/tv.blue.ch/tv.blue.ch.channels.xml
blue Sport Event 28,tv.blue.ch,990,de,UNMATCHED,,sites/tv.blue.ch/tv.blue.ch.channels.xml
blue Sport Event 29,tv.blue.ch,992,de,UNMATCHED,,sites/tv.blue.ch/tv.blue.ch.channels.xml
blue Sport Event 3,tv.blue.ch,1246,de,UNMATCHED,,sites/tv.blue.ch/tv.blue.ch.channels.xml
blue Sport Event 3,tv.blue.ch,443,de,UNMATCHED,,sites/tv.blue.ch/tv.blue.ch.channels.xml
blue Sport Event 30,tv.blue.ch,994,de,UNMATCHED,,sites/tv.blue.ch/tv.blue.ch.channels.xml
blue Sport Event 31,tv.blue.ch,1416,de,UNMATCHED,,sites/tv.blue.ch/tv.blue.ch.channels.xml
blue Sport Event 32,tv.blue.ch,1419,de,UNMATCHED,,sites/tv.blue.ch/tv.blue.ch.channels.xml
blue Sport Event 33,tv.blue.ch,1420,de,UNMATCHED,,sites/tv.blue.ch/tv.blue.ch.channels.xml
blue Sport Event 34,tv.blue.ch,1421,de,UNMATCHED,,sites/tv.blue.ch/tv.blue.ch.channels.xml
blue Sport Event 35,tv.blue.ch,1422,de,UNMATCHED,,sites/tv.blue.ch/tv.blue.ch.channels.xml
blue Sport Event 36,tv.blue.ch,1423,de,UNMATCHED,,sites/tv.blue.ch/tv.blue.ch.channels.xml
blue Sport Event 37,tv.blue.ch,1424,de,UNMATCHED,,sites/tv.blue.ch/tv.blue.ch.channels.xml
blue Sport Event 38,tv.blue.ch,1425,de,UNMATCHED,,sites/tv.blue.ch/tv.blue.ch.channels.xml
blue Sport Event 39,tv.blue.ch,1426,de,UNMATCHED,,sites/tv.blue.ch/tv.blue.ch.channels.xml
blue Sport Event 4,tv.blue.ch,1417,de,UNMATCHED,,sites/tv.blue.ch/tv.blue.ch.channels.xml
blue Sport Event 4,tv.blue.ch,465,de,UNMATCHED,,sites/tv.blue.ch/tv.blue.ch.channels.xml
blue Sport Event 5,tv.blue.ch,471,de,UNMATCHED,,sites/tv.blue.ch/tv.blue.ch.channels.xml
blue Sport Event 6,tv.blue.ch,473,de,UNMATCHED,,sites/tv.blue.ch/tv.blue.ch.channels.xml
blue Sport Event 7,tv.blue.ch,475,de,UNMATCHED,,sites/tv.blue.ch/tv.blue.ch.channels.xml
blue Sport Event 8,tv.blue.ch,477,de,UNMATCHED,,sites/tv.blue.ch/tv.blue.ch.channels.xml
blue Sport Event 9,tv.blue.ch,479,de,UNMATCHED,,sites/tv.blue.ch/tv.blue.ch.channels.xml
blue Sport Extra,tv.blue.ch,1240,de,UNMATCHED,,sites/tv.blue.ch/tv.blue.ch.channels.xml
blue Vision TV,tv.blue.ch,917,de,UNMATCHED,,sites/tv.blue.ch/tv.blue.ch.channels.xml
Body in Balance,tv.blue.ch,50,de,UNMATCHED,,sites/tv.blue.ch/tv.blue.ch.channels.xml
BärnSPORT,tv.blue.ch,1872,de,UNMATCHED,,sites/tv.blue.ch/tv.blue.ch.channels.xml
Canal B D,tv.blue.ch,2179,de,UNMATCHED,,sites/tv.blue.ch/tv.blue.ch.channels.xml
CCONE,tv.blue.ch,100,de,UNMATCHED,,sites/tv.blue.ch/tv.blue.ch.channels.xml
CHTV,tv.blue.ch,95,de,UNMATCHED,,sites/tv.blue.ch/tv.blue.ch.channels.xml
Collection,tv.blue.ch,108,de,UNMATCHED,,sites/tv.blue.ch/tv.blue.ch.channels.xml
Craction TV,tv.blue.ch,1804,de,UNMATCHED,,sites/tv.blue.ch/tv.blue.ch.channels.xml
Deluxe Rock,tv.blue.ch,2045,de,UNMATCHED,,sites/tv.blue.ch/tv.blue.ch.channels.xml
Disney Cinemagic,tv.blue.ch,1067,de,UNMATCHED,,sites/tv.blue.ch/tv.blue.ch.channels.xml
Disney Cinemagic,tv.blue.ch,99,de,UNMATCHED,,sites/tv.blue.ch/tv.blue.ch.channels.xml
Disney Junior D,tv.blue.ch,131,de,UNMATCHED,,sites/tv.blue.ch/tv.blue.ch.channels.xml
Disney XD D,tv.blue.ch,133,de,UNMATCHED,,sites/tv.blue.ch/tv.blue.ch.channels.xml
E! Entertainment Deutschland,tv.blue.ch,143,de,UNMATCHED,,sites/tv.blue.ch/tv.blue.ch.channels.xml
Eins Plus,tv.blue.ch,148,de,UNMATCHED,,sites/tv.blue.ch/tv.blue.ch.channels.xml
Energy TV,tv.blue.ch,149,de,UNMATCHED,,sites/tv.blue.ch/tv.blue.ch.channels.xml
Enjoy St. Moritz TV,tv.blue.ch,1444,de,UNMATCHED,,sites/tv.blue.ch/tv.blue.ch.channels.xml
EU Parliament,tv.blue.ch,1992,de,UNMATCHED,,sites/tv.blue.ch/tv.blue.ch.channels.xml
EU Parliament+,tv.blue.ch,1993,de,UNMATCHED,,sites/tv.blue.ch/tv.blue.ch.channels.xml
Explore (Logo VOD),tv.blue.ch,2016,de,UNMATCHED,,sites/tv.blue.ch/tv.blue.ch.channels.xml
Höhenrausch,tv.blue.ch,2135,de,UNMATCHED,,sites/tv.blue.ch/tv.blue.ch.channels.xml
Info Channel,tv.blue.ch,2150,de,UNMATCHED,,sites/tv.blue.ch/tv.blue.ch.channels.xml
Info TV Davos Klosters,tv.blue.ch,116,de,UNMATCHED,,sites/tv.blue.ch/tv.blue.ch.channels.xml
Inhouse Channel,tv.blue.ch,1727,de,UNMATCHED,,sites/tv.blue.ch/tv.blue.ch.channels.xml
joiz,tv.blue.ch,222,de,UNMATCHED,,sites/tv.blue.ch/tv.blue.ch.channels.xml
Just Cooking,tv.blue.ch,2041,de,UNMATCHED,,sites/tv.blue.ch/tv.blue.ch.channels.xml
Just.fishing,tv.blue.ch,2098,de,UNMATCHED,,sites/tv.blue.ch/tv.blue.ch.channels.xml
Lionsgate+ (Logo VOD),tv.blue.ch,1726,de,UNMATCHED,,sites/tv.blue.ch/tv.blue.ch.channels.xml
Maintime,tv.blue.ch,1780,de,UNMATCHED,,sites/tv.blue.ch/tv.blue.ch.channels.xml
MGM,tv.blue.ch,259,de,UNMATCHED,,sites/tv.blue.ch/tv.blue.ch.channels.xml
MTV Brand New,tv.blue.ch,267,de,UNMATCHED,,sites/tv.blue.ch/tv.blue.ch.channels.xml
MySports 10 D Event,tv.blue.ch,1945,de,UNMATCHED,,sites/tv.blue.ch/tv.blue.ch.channels.xml
MySports 2 D Event,tv.blue.ch,1734,de,UNMATCHED,,sites/tv.blue.ch/tv.blue.ch.channels.xml
MySports 3 D Event,tv.blue.ch,1735,de,UNMATCHED,,sites/tv.blue.ch/tv.blue.ch.channels.xml
MySports 4 D Event,tv.blue.ch,1736,de,UNMATCHED,,sites/tv.blue.ch/tv.blue.ch.channels.xml
MySports 5 D Event,tv.blue.ch,1737,de,UNMATCHED,,sites/tv.blue.ch/tv.blue.ch.channels.xml
MySports 6 D Event,tv.blue.ch,1738,de,UNMATCHED,,sites/tv.blue.ch/tv.blue.ch.channels.xml
MySports 7 D Event,tv.blue.ch,1739,de,UNMATCHED,,sites/tv.blue.ch/tv.blue.ch.channels.xml
MySports 8 D Event,tv.blue.ch,1740,de,UNMATCHED,,sites/tv.blue.ch/tv.blue.ch.channels.xml
MySports 9 D Event,tv.blue.ch,1741,de,UNMATCHED,,sites/tv.blue.ch/tv.blue.ch.channels.xml
MySports EDGE Event,tv.blue.ch,1946,de,UNMATCHED,,sites/tv.blue.ch/tv.blue.ch.channels.xml
MySports Eins Event,tv.blue.ch,1733,de,UNMATCHED,,sites/tv.blue.ch/tv.blue.ch.channels.xml
MySports Preview D,tv.blue.ch,1542,de,UNMATCHED,,sites/tv.blue.ch/tv.blue.ch.channels.xml
MySports Uno I,tv.blue.ch,1944,de,UNMATCHED,,sites/tv.blue.ch/tv.blue.ch.channels.xml
Netflix,tv.blue.ch,1080,de,UNMATCHED,,sites/tv.blue.ch/tv.blue.ch.channels.xml
Network-TV,tv.blue.ch,2090,de,UNMATCHED,,sites/tv.blue.ch/tv.blue.ch.channels.xml
oneplus,tv.blue.ch,2025,de,UNMATCHED,,sites/tv.blue.ch/tv.blue.ch.channels.xml
RTL GEO Wild (Logo VOD),tv.blue.ch,2134,de,UNMATCHED,,sites/tv.blue.ch/tv.blue.ch.channels.xml
Schlagerparadies TV,tv.blue.ch,1903,de,UNMATCHED,,sites/tv.blue.ch/tv.blue.ch.channels.xml
Session Council Of States,tv.blue.ch,1326,de,UNMATCHED,,sites/tv.blue.ch/tv.blue.ch.channels.xml
Session Council Of States WEB,tv.blue.ch,2143,de,UNMATCHED,,sites/tv.blue.ch/tv.blue.ch.channels.xml
Session National Council,tv.blue.ch,1325,de,UNMATCHED,,sites/tv.blue.ch/tv.blue.ch.channels.xml
Session National Council WEB,tv.blue.ch,2144,de,UNMATCHED,,sites/tv.blue.ch/tv.blue.ch.channels.xml
Sky (Logo VOD),tv.blue.ch,2017,de,UNMATCHED,,sites/tv.blue.ch/tv.blue.ch.channels.xml
Sky 1+ 1,tv.blue.ch,1270,de,UNMATCHED,,sites/tv.blue.ch/tv.blue.ch.channels.xml
Sky Cinema (Logo VOD),tv.blue.ch,1826,de,UNMATCHED,,sites/tv.blue.ch/tv.blue.ch.channels.xml
Sky Cinema D,tv.blue.ch,1900,de,UNMATCHED,,sites/tv.blue.ch/tv.blue.ch.channels.xml
Sport Szene Fernsehen,tv.blue.ch,402,de,UNMATCHED,,sites/tv.blue.ch/tv.blue.ch.channels.xml
TC Flash D,tv.blue.ch,419,de,UNMATCHED,,sites/tv.blue.ch/tv.blue.ch.channels.xml
Tele Top SH,tv.blue.ch,580,de,UNMATCHED,,sites/tv.blue.ch/tv.blue.ch.channels.xml
Tele Top TG,tv.blue.ch,581,de,UNMATCHED,,sites/tv.blue.ch/tv.blue.ch.channels.xml
tm3,tv.blue.ch,174,de,UNMATCHED,,sites/tv.blue.ch/tv.blue.ch.channels.xml
TV Central,tv.blue.ch,1504,de,UNMATCHED,,sites/tv.blue.ch/tv.blue.ch.channels.xml
Twitch,tv.blue.ch,1759,de,UNMATCHED,,sites/tv.blue.ch/tv.blue.ch.channels.xml
ULS Network,tv.blue.ch,1065,de,UNMATCHED,,sites/tv.blue.ch/tv.blue.ch.channels.xml
ZDF select (Logo VOD),tv.blue.ch,1829,de,UNMATCHED,,sites/tv.blue.ch/tv.blue.ch.channels.xml
ZDF.kultur,tv.blue.ch,657,de,UNMATCHED,,sites/tv.blue.ch/tv.blue.ch.channels.xml
ZDFtivi select (Logo VOD),tv.blue.ch,1830,de,UNMATCHED,,sites/tv.blue.ch/tv.blue.ch.channels.xml
1 LIVE diggi,tv.magenta.at,225895464253,de,UNMATCHED,,sites/tv.magenta.at/tv.magenta.at.channels.xml
Antenne Bayern,tv.magenta.at,224889384048,de,UNMATCHED,,sites/tv.magenta.at/tv.magenta.at.channels.xml
Baby TV,tv.magenta.at,207381032321,de,AMBIGUOUS,BabyTV.uk@France;BabyTV.uk@UK,sites/tv.magenta.at/tv.magenta.at.channels.xml
Bayern 1,tv.magenta.at,224890919993,de,UNMATCHED,,sites/tv.magenta.at/tv.magenta.at.channels.xml
Bayern 2,tv.magenta.at,225893928433,de,UNMATCHED,,sites/tv.magenta.at/tv.magenta.at.channels.xml
Bayern 3,tv.magenta.at,225895464225,de,UNMATCHED,,sites/tv.magenta.at/tv.magenta.at.channels.xml
BBC English,tv.magenta.at,225895464407,de,UNMATCHED,,sites/tv.magenta.at/tv.magenta.at.channels.xml
BBC News HD,tv.magenta.at,206966824417,de,AMBIGUOUS,BBCNews.uk@AsiaPacific;BBCNews.uk@UKHD,sites/tv.magenta.at/tv.magenta.at.channels.xml
BR Fernsehen HD,tv.magenta.at,206965800334,de,UNMATCHED,,sites/tv.magenta.at/tv.magenta.at.channels.xml
BR-Klassik,tv.magenta.at,224872488137,de,UNMATCHED,,sites/tv.magenta.at/tv.magenta.at.channels.xml
BR24,tv.magenta.at,225895976011,de,UNMATCHED,,sites/tv.magenta.at/tv.magenta.at.channels.xml
Bremen Zwei,tv.magenta.at,225896488066,de,UNMATCHED,,sites/tv.magenta.at/tv.magenta.at.channels.xml
CGTN,tv.magenta.at,206969896108,de,AMBIGUOUS,CGTN.cn@SD;CGTNDocumentary.cn@SD;CGTNFrench.cn@SD;CGTNRussian.cn@SD,sites/tv.magenta.at/tv.magenta.at.channels.xml
Deutschland Radio Kultur,tv.magenta.at,225897000046,de,UNMATCHED,,sites/tv.magenta.at/tv.magenta.at.channels.xml
Deutschlandfunk,tv.magenta.at,225897000030,de,UNMATCHED,,sites/tv.magenta.at/tv.magenta.at.channels.xml
ERF Plus,tv.magenta.at,225897000223,de,UNMATCHED,,sites/tv.magenta.at/tv.magenta.at.channels.xml
Eurosport Türkiye,tv.magenta.at,207381032393,de,UNMATCHED,,sites/tv.magenta.at/tv.magenta.at.channels.xml
FM4,tv.magenta.at,225894952285,de,UNMATCHED,,sites/tv.magenta.at/tv.magenta.at.channels.xml
Fritz,tv.magenta.at,225896488098,de,UNMATCHED,,sites/tv.magenta.at/tv.magenta.at.channels.xml
Hitradio OE3 HD,tv.magenta.at,206967848295,de,UNMATCHED,,sites/tv.magenta.at/tv.magenta.at.channels.xml
hr2-kultur,tv.magenta.at,225895976033,de,UNMATCHED,,sites/tv.magenta.at/tv.magenta.at.channels.xml
Klassik Radio,tv.magenta.at,225895464216,de,UNMATCHED,,sites/tv.magenta.at/tv.magenta.at.channels.xml
Laola1.TV HD,tv.magenta.at,206966312315,de,UNMATCHED,,sites/tv.magenta.at/tv.magenta.at.channels.xml
LoungeFM,tv.magenta.at,225894952409,de,UNMATCHED,,sites/tv.magenta.at/tv.magenta.at.channels.xml
Magenta HD,tv.magenta.at,206965288083,de,UNMATCHED,,sites/tv.magenta.at/tv.magenta.at.channels.xml
Magenta On Demand,tv.magenta.at,206970408253,de,UNMATCHED,,sites/tv.magenta.at/tv.magenta.at.channels.xml
MDR Fernsehen HD,tv.magenta.at,206966823986,de,UNMATCHED,,sites/tv.magenta.at/tv.magenta.at.channels.xml
MDR Sputnik,tv.magenta.at,225895976140,de,UNMATCHED,,sites/tv.magenta.at/tv.magenta.at.channels.xml
N-JOY,tv.magenta.at,225896488105,de,UNMATCHED,,sites/tv.magenta.at/tv.magenta.at.channels.xml
NDR Fernsehen HD,tv.magenta.at,206966312140,de,UNMATCHED,,sites/tv.magenta.at/tv.magenta.at.channels.xml
NDR Info,tv.magenta.at,225895464329,de,UNMATCHED,,sites/tv.magenta.at/tv.magenta.at.channels.xml
NDR Kultur,tv.magenta.at,225895976219,de,UNMATCHED,,sites/tv.magenta.at/tv.magenta.at.channels.xml
NDR2,tv.magenta.at,225895464322,de,UNMATCHED,,sites/tv.magenta.at/tv.magenta.at.channels.xml
Nick Junior,tv.magenta.at,207381032356,de,AMBIGUOUS,NickJr.es@SD;NickJr.in@SD;NickJr.it@SD;NickJr.uk@SD;NickJrAsia.sg@SD,sites/tv.magenta.at/tv.magenta.at.channels.xml
Nickelodeon HD,tv.magenta.at,206966824059,de,AMBIGUOUS,Nickelodeon.gr@SD;Nickelodeon.ru@SD;Nickelodeon.tr@SD;Nickelodeon.uk@HD;NickelodeonArabia.ae@SD;NickelodeonAsia.sg@SD,sites/tv.magenta.at/tv.magenta.at.channels.xml
QVC 2 HD,tv.magenta.at,206967847966,de,UNMATCHED,,sites/tv.magenta.at/tv.magenta.at.channels.xml
radio 88.6,tv.magenta.at,225894440419,de,UNMATCHED,,sites/tv.magenta.at/tv.magenta.at.channels.xml
Radio Arabella,tv.magenta.at,225895464173,de,UNMATCHED,,sites/tv.magenta.at/tv.magenta.at.channels.xml
Radio Energy,tv.magenta.at,225895975957,de,UNMATCHED,,sites/tv.magenta.at/tv.magenta.at.channels.xml
Radio Exterior de Espana,tv.magenta.at,225896488308,de,UNMATCHED,,sites/tv.magenta.at/tv.magenta.at.channels.xml
Radio Horeb,tv.magenta.at,225895464394,de,UNMATCHED,,sites/tv.magenta.at/tv.magenta.at.channels.xml
radio klassik Stephansdom,tv.magenta.at,225894952377,de,UNMATCHED,,sites/tv.magenta.at/tv.magenta.at.channels.xml
RADIO MARIA,tv.magenta.at,225894440398,de,UNMATCHED,,sites/tv.magenta.at/tv.magenta.at.channels.xml
"Radio Orange 94,0",tv.magenta.at,225893928399,de,UNMATCHED,,sites/tv.magenta.at/tv.magenta.at.channels.xml
Radio Osttirol,tv.magenta.at,225895464441,de,UNMATCHED,,sites/tv.magenta.at/tv.magenta.at.channels.xml
Radio SRF 1,tv.magenta.at,225895464353,de,UNMATCHED,,sites/tv.magenta.at/tv.magenta.at.channels.xml
Radio SRF 2 Kultur,tv.magenta.at,225896488118,de,UNMATCHED,,sites/tv.magenta.at/tv.magenta.at.channels.xml
Radio Swiss Classic,tv.magenta.at,225897000125,de,UNMATCHED,,sites/tv.magenta.at/tv.magenta.at.channels.xml
Radio Swiss Jazz,tv.magenta.at,225897000148,de,UNMATCHED,,sites/tv.magenta.at/tv.magenta.at.channels.xml
Radio Swiss Pop,tv.magenta.at,225895976189,de,UNMATCHED,,sites/tv.magenta.at/tv.magenta.at.channels.xml
Radio Ö24,tv.magenta.at,225895464193,de,UNMATCHED,,sites/tv.magenta.at/tv.magenta.at.channels.xml
radioeins,tv.magenta.at,225895976110,de,UNMATCHED,,sites/tv.magenta.at/tv.magenta.at.channels.xml
rbb HD,tv.magenta.at,206966824018,de,UNMATCHED,,sites/tv.magenta.at/tv.magenta.at.channels.xml
Rete Uno,tv.magenta.at,225896488354,de,UNMATCHED,,sites/tv.magenta.at/tv.magenta.at.channels.xml
RFI Francais,tv.magenta.at,225896488344,de,UNMATCHED,,sites/tv.magenta.at/tv.magenta.at.channels.xml
RNE 1 Radio Nacional,tv.magenta.at,225896488138,de,UNMATCHED,,sites/tv.magenta.at/tv.magenta.at.channels.xml
RTL Radio,tv.magenta.at,225895976120,de,UNMATCHED,,sites/tv.magenta.at/tv.magenta.at.channels.xml
Sky Cinema Halloween HD,tv.magenta.at,207381032388,de,UNMATCHED,,sites/tv.magenta.at/tv.magenta.at.channels.xml
Sky Cinema Spooky HD,tv.magenta.at,207381032385,de,UNMATCHED,,sites/tv.magenta.at/tv.magenta.at.channels.xml
SR HD,tv.magenta.at,206966824037,de,UNMATCHED,,sites/tv.magenta.at/tv.magenta.at.channels.xml
Superfly.fm,tv.magenta.at,225894440407,de,UNMATCHED,,sites/tv.magenta.at/tv.magenta.at.channels.xml
SWR 2,tv.magenta.at,225895976074,de,UNMATCHED,,sites/tv.magenta.at/tv.magenta.at.channels.xml
SWR 3,tv.magenta.at,225895464336,de,UNMATCHED,,sites/tv.magenta.at/tv.magenta.at.channels.xml
SWR 4 Baden-Württemberg,tv.magenta.at,225896488283,de,UNMATCHED,,sites/tv.magenta.at/tv.magenta.at.channels.xml
SWR HD,tv.magenta.at,206966823998,de,UNMATCHED,,sites/tv.magenta.at/tv.magenta.at.channels.xml
WDR 2,tv.magenta.at,225896488223,de,UNMATCHED,,sites/tv.magenta.at/tv.magenta.at.channels.xml
WDR 3,tv.magenta.at,225896488075,de,UNMATCHED,,sites/tv.magenta.at/tv.magenta.at.channels.xml
WDR Fernsehen HD,tv.magenta.at,206966312109,de,UNMATCHED,,sites/tv.magenta.at/tv.magenta.at.channels.xml
WNTV HD,tv.magenta.at,206969895991,de,UNMATCHED,,sites/tv.magenta.at/tv.magenta.at.channels.xml
WRN English Europe,tv.magenta.at,225895976320,de,UNMATCHED,,sites/tv.magenta.at/tv.magenta.at.channels.xml
Ö1,tv.magenta.at,225894952366,de,UNMATCHED,,sites/tv.magenta.at/tv.magenta.at.channels.xml
Ö1 DD,tv.magenta.at,225894952372,de,UNMATCHED,,sites/tv.magenta.at/tv.magenta.at.channels.xml
Ö2 Burgenland,tv.magenta.at,225893928278,de,UNMATCHED,,sites/tv.magenta.at/tv.magenta.at.channels.xml
Ö2 Kärnten,tv.magenta.at,225895464086,de,UNMATCHED,,sites/tv.magenta.at/tv.magenta.at.channels.xml
Ö2 Niederösterreich,tv.magenta.at,225894440291,de,UNMATCHED,,sites/tv.magenta.at/tv.magenta.at.channels.xml
Ö2 Oberösterreich,tv.magenta.at,225894440332,de,UNMATCHED,,sites/tv.magenta.at/tv.magenta.at.channels.xml
Ö2 Salzburg,tv.magenta.at,225894440342,de,UNMATCHED,,sites/tv.magenta.at/tv.magenta.at.channels.xml
Ö2 Steiermark,tv.magenta.at,225894952331,de,UNMATCHED,,sites/tv.magenta.at/tv.magenta.at.channels.xml
Ö2 Tirol,tv.magenta.at,225895464109,de,UNMATCHED,,sites/tv.magenta.at/tv.magenta.at.channels.xml
Ö2 Vorarlberg,tv.magenta.at,225893928312,de,UNMATCHED,,sites/tv.magenta.at/tv.magenta.at.channels.xml
Ö2 Wien,tv.magenta.at,225894952304,de,UNMATCHED,,sites/tv.magenta.at/tv.magenta.at.channels.xml
ARTE (DE),tv.post.lu,8163baf0-8095-11e9-b5ca-f345a2ed0fbe,de,AMBIGUOUS,arte.de@SD;arte.fr@SD,sites/tv.post.lu/tv.post.lu.channels.xml
AXN White,tv.post.lu,1a9ee330-719f-11e9-a762-3be38d7f533c,de,AMBIGUOUS,AXNWhite.pt@HD;AXNWhite.us@Portugal;AXNWhite.us@SD;SonyChannel.de@SD,sites/tv.post.lu/tv.post.lu.channels.xml
Bayerisches Fernsehen,tv.post.lu,c3c96930-8095-11e9-b5ca-f345a2ed0fbe,de,UNMATCHED,,sites/tv.post.lu/tv.post.lu.channels.xml
Comedy Central VIVA,tv.post.lu,3b881a00-836d-11e9-a0f7-b16899773165,de,UNMATCHED,,sites/tv.post.lu/tv.post.lu.channels.xml
Curiosity Channel,tv.post.lu,7c4b28f0-719f-11e9-a762-3be38d7f533c,de,AMBIGUOUS,CuriosityChannel.de@SD;CuriosityChannel.us@SD,sites/tv.post.lu/tv.post.lu.channels.xml
Curiosity Channel,tv.post.lu,ade8f5a0-785d-11ec-a2e3-4d7cb1a4d333,de,AMBIGUOUS,CuriosityChannel.de@SD;CuriosityChannel.us@SD,sites/tv.post.lu/tv.post.lu.channels.xml
Deutsche Welle TV,tv.post.lu,ae6cd370-8099-11e9-b5ca-f345a2ed0fbe,de,UNMATCHED,,sites/tv.post.lu/tv.post.lu.channels.xml
Discovery Channel DE,tv.post.lu,7f18f930-77e5-11e9-b5ca-f345a2ed0fbe,de,UNMATCHED,,sites/tv.post.lu/tv.post.lu.channels.xml
Home & Garden TV,tv.post.lu,386998e0-1e7a-11eb-953f-eb0eedf1f375,de,AMBIGUOUS,HGTV.de@SD;HGTV.pt@SD,sites/tv.post.lu/tv.post.lu.channels.xml
MDR Fernsehen,tv.post.lu,e9435fe0-8095-11e9-b5ca-f345a2ed0fbe,de,UNMATCHED,,sites/tv.post.lu/tv.post.lu.channels.xml
NDR Fernsehen,tv.post.lu,d3c5d170-8095-11e9-b5ca-f345a2ed0fbe,de,AMBIGUOUS,NDRFernsehen.de@Hamburg;NDRFernsehenInternational.de@SD,sites/tv.post.lu/tv.post.lu.channels.xml
Nick Jr.,tv.post.lu,ff8a2210-7406-11ea-b687-7daaca9636ce,de,AMBIGUOUS,NickJr.au@SD;NickJr.bg@SD;NickJr.br@SD;NickJr.cz@SD;NickJr.de@SD;NickJr.es@SD;NickJr.hu@SD;NickJr.ie@SD;NickJr.in@SD;NickJr.it@SD;NickJr.nl@SD;NickJr.pl@SD;NickJr.pt@SD;NickJr.ro@SD;NickJr.ru@SD;NickJr.si@SD;NickJr.tr@SD;NickJr.uk@SD;NickJr.us@East;NickJrAsia.sg@HD;NickJrAsia.sg@SD;NickJrLatinAmerica.us@Panregional;NickJrLatinAmerica.us@South;NickJrScandinavia.nl@SD;NickelodeonJunior.fr@SD,sites/tv.post.lu/tv.post.lu.channels.xml
Nickelodeon / Comedy Central +1,tv.post.lu,5574e970-836d-11e9-a0f7-b16899773165,de,UNMATCHED,,sites/tv.post.lu/tv.post.lu.channels.xml
OutTV,tv.post.lu,dc3618f0-8d25-11e9-ac99-079f5aa46735,de,AMBIGUOUS,OUTtv.ca@SD;OUTtv.nl@SD;OUTtv.pt@SD,sites/tv.post.lu/tv.post.lu.channels.xml
RBB Fernsehen,tv.post.lu,f2da3560-8095-11e9-b5ca-f345a2ed0fbe,de,UNMATCHED,,sites/tv.post.lu/tv.post.lu.channels.xml
Romance TV,tv.post.lu,892e25b0-785c-11ec-a2e3-4d7cb1a4d333,de,AMBIGUOUS,RomanceTV.de@SD;RomanceTV.pl@SD,sites/tv.post.lu/tv.post.lu.channels.xml
Sky Showcase,tv.post.lu,d43635d0-f628-11ec-b553-8f3707d45bfd,de,AMBIGUOUS,SkyShowcase.de@SD;SkyShowcase.uk@SD,sites/tv.post.lu/tv.post.lu.channels.xml
Sky Sport Bundesliga,tv.post.lu,528a2190-0fcd-11ed-9d81-9190482c84bf,de,AMBIGUOUS,SkySportBundesliga.de@SD;SkySportBundesliga1.de@SD,sites/tv.post.lu/tv.post.lu.channels.xml
Sky Sport Bundesliga,tv.post.lu,791bd8c0-fed5-11ec-b553-8f3707d45bfd,de,AMBIGUOUS,SkySportBundesliga.de@SD;SkySportBundesliga1.de@SD,sites/tv.post.lu/tv.post.lu.channels.xml
Sky Sport Bundesliga,tv.post.lu,9aadf470-0fcc-11ed-9d81-9190482c84bf,de,AMBIGUOUS,SkySportBundesliga.de@SD;SkySportBundesliga1.de@SD,sites/tv.post.lu/tv.post.lu.channels.xml
Sky Sport Bundesliga,tv.post.lu,c7692a50-fed5-11ec-b553-8f3707d45bfd,de,AMBIGUOUS,SkySportBundesliga.de@SD;SkySportBundesliga1.de@SD,sites/tv.post.lu/tv.post.lu.channels.xml
Sky Sport Golf,tv.post.lu,5b7d8570-eeef-11ec-b553-8f3707d45bfd,de,AMBIGUOUS,SkySportGolf.de@SD;SkySportGolf.it@HD;SkySportGolf.it@SD,sites/tv.post.lu/tv.post.lu.channels.xml
Sky Sport Golf,tv.post.lu,d14b3240-0fef-11ed-9d81-9190482c84bf,de,AMBIGUOUS,SkySportGolf.de@SD;SkySportGolf.it@HD;SkySportGolf.it@SD,sites/tv.post.lu/tv.post.lu.channels.xml
Sky Sport Mix,tv.post.lu,3decde00-0fee-11ed-9d81-9190482c84bf,de,AMBIGUOUS,SkySportMix.it@HD;SkySportMix.it@SD,sites/tv.post.lu/tv.post.lu.channels.xml
Sky Sport Mix,tv.post.lu,ccbf6d40-eeed-11ec-b553-8f3707d45bfd,de,AMBIGUOUS,SkySportMix.it@HD;SkySportMix.it@SD,sites/tv.post.lu/tv.post.lu.channels.xml
Sky Sport Tennis,tv.post.lu,4eda7520-0fcf-11ed-9d81-9190482c84bf,de,AMBIGUOUS,SkySport2.de@SD;SkySportTennis.it@HD;SkySportTennis.it@SD,sites/tv.post.lu/tv.post.lu.channels.xml
Sky Sport Tennis,tv.post.lu,b4a2a660-fc34-11ec-b553-8f3707d45bfd,de,AMBIGUOUS,SkySport2.de@SD;SkySportTennis.it@HD;SkySportTennis.it@SD,sites/tv.post.lu/tv.post.lu.channels.xml
Suisse 1,tv.post.lu,601a2780-8095-11e9-b5ca-f345a2ed0fbe,de,UNMATCHED,,sites/tv.post.lu/tv.post.lu.channels.xml
Suisse 2,tv.post.lu,788008d0-8095-11e9-b5ca-f345a2ed0fbe,de,UNMATCHED,,sites/tv.post.lu/tv.post.lu.channels.xml
SWR Fernsehen,tv.post.lu,ba5f7010-8095-11e9-b5ca-f345a2ed0fbe,de,UNMATCHED,,sites/tv.post.lu/tv.post.lu.channels.xml
Tageschau 24,tv.post.lu,14093bf0-8096-11e9-b5ca-f345a2ed0fbe,de,UNMATCHED,,sites/tv.post.lu/tv.post.lu.channels.xml
WDR,tvheute.at,wdr,de,AMBIGUOUS,WDRFernsehen.de;WDRFernsehen.de@Koln,sites/tvheute.at/tvheute.at.channels.xml
13th Street DE,tvprofil.com,at/tvprogramm#13th-street-de,de,UNMATCHED,,sites/tvprofil.com/tvprofil.com.channels.xml
13th Street DE,tvprofil.com,de/tvprogramm#13th-street-de,de,UNMATCHED,,sites/tvprofil.com/tvprofil.com.channels.xml
3 Plus CH,tvprofil.com,at/tvprogramm#3-plus-ch,de,UNMATCHED,,sites/tvprofil.com/tvprofil.com.channels.xml
3 Plus CH,tvprofil.com,ch/tv-programm#3-plus-ch,de,UNMATCHED,,sites/tvprofil.com/tvprofil.com.channels.xml
3 Plus CH,tvprofil.com,de/tvprogramm#3-plus-ch,de,UNMATCHED,,sites/tvprofil.com/tvprofil.com.channels.xml
4 Plus,tvprofil.com,at/tvprogramm#4-plus,de,UNMATCHED,,sites/tvprofil.com/tvprofil.com.channels.xml
4 Plus,tvprofil.com,ch/tv-programm#4-plus,de,UNMATCHED,,sites/tvprofil.com/tvprofil.com.channels.xml
4 Plus,tvprofil.com,de/tvprogramm#4-plus,de,UNMATCHED,,sites/tvprofil.com/tvprofil.com.channels.xml
4 Seven,tvprofil.com,ch/tv-programm#4seven,de,UNMATCHED,,sites/tvprofil.com/tvprofil.com.channels.xml
4FunTV,tvprofil.com,at/tvprogramm#4funtv,de,UNMATCHED,,sites/tvprofil.com/tvprofil.com.channels.xml
4FunTV,tvprofil.com,ch/tv-programm#4funtv,de,UNMATCHED,,sites/tvprofil.com/tvprofil.com.channels.xml
4FunTV,tvprofil.com,de/tvprogramm#4funtv,de,UNMATCHED,,sites/tvprofil.com/tvprofil.com.channels.xml
5 Plus,tvprofil.com,at/tvprogramm#5-plus,de,UNMATCHED,,sites/tvprofil.com/tvprofil.com.channels.xml
5 Plus,tvprofil.com,ch/tv-programm#5-plus,de,UNMATCHED,,sites/tvprofil.com/tvprofil.com.channels.xml
5 Plus,tvprofil.com,de/tvprogramm#5-plus,de,UNMATCHED,,sites/tvprofil.com/tvprofil.com.channels.xml
5 Star,tvprofil.com,ch/tv-programm#5star,de,UNMATCHED,,sites/tvprofil.com/tvprofil.com.channels.xml
6 plus,tvprofil.com,at/tvprogramm#6-plus,de,UNMATCHED,,sites/tvprofil.com/tvprofil.com.channels.xml
6 plus,tvprofil.com,ch/tv-programm#6-plus,de,UNMATCHED,,sites/tvprofil.com/tvprofil.com.channels.xml
6 plus,tvprofil.com,de/tvprogramm#6-plus,de,UNMATCHED,,sites/tvprofil.com/tvprofil.com.channels.xml
6ter,tvprofil.com,ch/tv-programm#6ter,de,AMBIGUOUS,6ter.fr@SD;6terSwitzerland.ch@SD,sites/tvprofil.com/tvprofil.com.channels.xml
A2TV TR,tvprofil.com,at/tvprogramm#a2tv-tr,de,UNMATCHED,,sites/tvprofil.com/tvprofil.com.channels.xml
A2TV TR,tvprofil.com,ch/tv-programm#a2tv-tr,de,UNMATCHED,,sites/tvprofil.com/tvprofil.com.channels.xml
A2TV TR,tvprofil.com,de/tvprogramm#a2tv-tr,de,UNMATCHED,,sites/tvprofil.com/tvprofil.com.channels.xml
Adult Channel 2,tvprofil.com,de/tvprogramm#adult-channel-2,de,UNMATCHED,,sites/tvprofil.com/tvprofil.com.channels.xml
Adventure HD,tvprofil.com,at/tvprogramm#adventure-hd,de,UNMATCHED,,sites/tvprofil.com/tvprofil.com.channels.xml
Adventure HD,tvprofil.com,ch/tv-programm#adventure-hd,de,UNMATCHED,,sites/tvprofil.com/tvprofil.com.channels.xml
Adventure HD,tvprofil.com,de/tvprogramm#adventure-hd,de,UNMATCHED,,sites/tvprofil.com/tvprofil.com.channels.xml
Al Jazeera,tvprofil.com,at/tvprogramm#al-jazeera,de,AMBIGUOUS,AlJazeera.qa@Arabic;AlJazeera.qa@English;AlJazeeraBalkans.ba@SD,sites/tvprofil.com/tvprofil.com.channels.xml
Al Jazeera,tvprofil.com,ch/tv-programm#al-jazeera,de,AMBIGUOUS,AlJazeera.qa@Arabic;AlJazeera.qa@English;AlJazeeraBalkans.ba@SD,sites/tvprofil.com/tvprofil.com.channels.xml
Al Jazeera,tvprofil.com,de/tvprogramm#al-jazeera,de,AMBIGUOUS,AlJazeera.qa@Arabic;AlJazeera.qa@English;AlJazeeraBalkans.ba@SD,sites/tvprofil.com/tvprofil.com.channels.xml
Al Jazeera Arabic English,tvprofil.com,de/tvprogramm#al-jazeera-arabic,de,UNMATCHED,,sites/tvprofil.com/tvprofil.com.channels.xml
Alternativna televizija Banja Luka,tvprofil.com,de/tvprogramm#atv,de,UNMATCHED,,sites/tvprofil.com/tvprofil.com.channels.xml
AMC PL,tvprofil.com,at/tvprogramm#amc-pl,de,UNMATCHED,,sites/tvprofil.com/tvprofil.com.channels.xml
AMC PL,tvprofil.com,ch/tv-programm#amc-pl,de,UNMATCHED,,sites/tvprofil.com/tvprofil.com.channels.xml
AMC PL,tvprofil.com,de/tvprogramm#amc-pl,de,UNMATCHED,,sites/tvprofil.com/tvprofil.com.channels.xml
Animal Planet DE,tvprofil.com,at/tvprogramm#animal-planet-de,de,UNMATCHED,,sites/tvprofil.com/tvprofil.com.channels.xml
Animal Planet DE,tvprofil.com,de/tvprogramm#animal-planet-de,de,UNMATCHED,,sites/tvprofil.com/tvprofil.com.channels.xml
ANIXE plus,tvprofil.com,at/tvprogramm#anixe-plus,de,UNMATCHED,,sites/tvprofil.com/tvprofil.com.channels.xml
ANIXE plus,tvprofil.com,ch/tv-programm#anixe-plus,de,UNMATCHED,,sites/tvprofil.com/tvprofil.com.channels.xml
ANIXE plus,tvprofil.com,de/tvprogramm#anixe-plus,de,UNMATCHED,,sites/tvprofil.com/tvprofil.com.channels.xml
ARTE DE,tvprofil.com,at/tvprogramm#arte-de,de,AMBIGUOUS,arte.de@SD;arte.fr@SD,sites/tvprofil.com/tvprofil.com.channels.xml
ARTE DE,tvprofil.com,ch/tv-programm#arte-de,de,AMBIGUOUS,arte.de@SD;arte.fr@SD,sites/tvprofil.com/tvprofil.com.channels.xml
ARTE DE,tvprofil.com,de/tvprogramm#arte-de,de,AMBIGUOUS,arte.de@SD;arte.fr@SD,sites/tvprofil.com/tvprofil.com.channels.xml
ATV1,tvprofil.com,at/tvprogramm#atv1,de,UNMATCHED,,sites/tvprofil.com/tvprofil.com.channels.xml
ATV1,tvprofil.com,ch/tv-programm#atv1,de,UNMATCHED,,sites/tvprofil.com/tvprofil.com.channels.xml
ATV1,tvprofil.com,de/tvprogramm#atv1,de,UNMATCHED,,sites/tvprofil.com/tvprofil.com.channels.xml
Auto Motor und Sport,tvprofil.com,at/tvprogramm#auto-motor-und-sport,de,AMBIGUOUS,AutoMotorogSportTV.no@SD;automotorundsportchannel.de@SD,sites/tvprofil.com/tvprofil.com.channels.xml
AXN Black DE,tvprofil.com,at/tvprogramm#sony-axn,de,UNMATCHED,,sites/tvprofil.com/tvprofil.com.channels.xml
AXN Black DE,tvprofil.com,de/tvprogramm#sony-axn,de,UNMATCHED,,sites/tvprofil.com/tvprofil.com.channels.xml
AXN Black PL,tvprofil.com,at/tvprogramm#axn-black-pl,de,UNMATCHED,,sites/tvprofil.com/tvprofil.com.channels.xml
AXN Black PL,tvprofil.com,ch/tv-programm#axn-black-pl,de,UNMATCHED,,sites/tvprofil.com/tvprofil.com.channels.xml
AXN Black PL,tvprofil.com,de/tvprogramm#axn-black-pl,de,UNMATCHED,,sites/tvprofil.com/tvprofil.com.channels.xml
AXN PL,tvprofil.com,at/tvprogramm#axn-polska,de,UNMATCHED,,sites/tvprofil.com/tvprofil.com.channels.xml
AXN PL,tvprofil.com,ch/tv-programm#axn-polska,de,UNMATCHED,,sites/tvprofil.com/tvprofil.com.channels.xml
AXN PL,tvprofil.com,de/tvprogramm#axn-polska,de,UNMATCHED,,sites/tvprofil.com/tvprofil.com.channels.xml
AXN Spin PL,tvprofil.com,at/tvprogramm#axn-spin-pl,de,UNMATCHED,,sites/tvprofil.com/tvprofil.com.channels.xml
AXN Spin PL,tvprofil.com,ch/tv-programm#axn-spin-pl,de,UNMATCHED,,sites/tvprofil.com/tvprofil.com.channels.xml
AXN Spin PL,tvprofil.com,de/tvprogramm#axn-spin-pl,de,UNMATCHED,,sites/tvprofil.com/tvprofil.com.channels.xml
AXN White DE,tvprofil.com,at/tvprogramm#sony-channel-de,de,UNMATCHED,,sites/tvprofil.com/tvprofil.com.channels.xml
AXN White DE,tvprofil.com,de/tvprogramm#sony-channel-de,de,UNMATCHED,,sites/tvprofil.com/tvprofil.com.channels.xml
AXN White PL,tvprofil.com,at/tvprogramm#axn-white-pl,de,UNMATCHED,,sites/tvprofil.com/tvprofil.com.channels.xml
AXN White PL,tvprofil.com,ch/tv-programm#axn-white-pl,de,UNMATCHED,,sites/tvprofil.com/tvprofil.com.channels.xml
AXN White PL,tvprofil.com,de/tvprogramm#axn-white-pl,de,UNMATCHED,,sites/tvprofil.com/tvprofil.com.channels.xml
BabyTV,tvprofil.com,ch/tv-programm#babytv,de,AMBIGUOUS,BabyTV.pt@HD;BabyTV.uk@UK,sites/tvprofil.com/tvprofil.com.channels.xml
Bayerischen Fernsehen Nord,tvprofil.com,at/tvprogramm#bayern3,de,UNMATCHED,,sites/tvprofil.com/tvprofil.com.channels.xml
Bayerischen Fernsehen Nord,tvprofil.com,de/tvprogramm#bayern3,de,UNMATCHED,,sites/tvprofil.com/tvprofil.com.channels.xml
BBC News Channel,tvprofil.com,ch/tv-programm#bbc-news,de,AMBIGUOUS,BBCNews.uk@Africa;BBCNewsChannel.fr,sites/tvprofil.com/tvprofil.com.channels.xml
BBC World News,tvprofil.com,at/tvprogramm#bbc-world,de,AMBIGUOUS,BBCNews.uk@Africa;BBCNews.uk@AsiaPacific;BBCNews.uk@Europe;BBCNews.uk@LatinAmerica;BBCNews.uk@NorthAmerica,sites/tvprofil.com/tvprofil.com.channels.xml
BBC World News,tvprofil.com,ch/tv-programm#bbc-world,de,AMBIGUOUS,BBCNews.uk@Africa;BBCNews.uk@AsiaPacific;BBCNews.uk@Europe;BBCNews.uk@LatinAmerica;BBCNews.uk@NorthAmerica,sites/tvprofil.com/tvprofil.com.channels.xml
BBC World News,tvprofil.com,de/tvprogramm#bbc-world,de,AMBIGUOUS,BBCNews.uk@Africa;BBCNews.uk@AsiaPacific;BBCNews.uk@Europe;BBCNews.uk@LatinAmerica;BBCNews.uk@NorthAmerica,sites/tvprofil.com/tvprofil.com.channels.xml
BBC1,tvprofil.com,ch/tv-programm#bbc1,de,UNMATCHED,,sites/tvprofil.com/tvprofil.com.channels.xml
BBC2,tvprofil.com,ch/tv-programm#bbc2,de,UNMATCHED,,sites/tvprofil.com/tvprofil.com.channels.xml
BBC3,tvprofil.com,ch/tv-programm#bbc3,de,UNMATCHED,,sites/tvprofil.com/tvprofil.com.channels.xml
BBN Türk,tvprofil.com,at/tvprogramm#bbn-turk,de,UNMATCHED,,sites/tvprofil.com/tvprofil.com.channels.xml
BBN Türk,tvprofil.com,ch/tv-programm#bbn-turk,de,UNMATCHED,,sites/tvprofil.com/tvprofil.com.channels.xml
BBN Türk,tvprofil.com,de/tvprogramm#bbn-turk,de,UNMATCHED,,sites/tvprofil.com/tvprofil.com.channels.xml
beIN Movies Premiere TR,tvprofil.com,de/tvprogramm#bein-movies-premiere-tr,de,UNMATCHED,,sites/tvprofil.com/tvprofil.com.channels.xml
Bloomberg TV,tvprofil.com,at/tvprogramm#bloomberg,de,AMBIGUOUS,BloombergTV.us@Europe;BloombergTV.us@Plus;BloombergTV.us@US,sites/tvprofil.com/tvprofil.com.channels.xml
Bloomberg TV,tvprofil.com,ch/tv-programm#bloomberg,de,AMBIGUOUS,BloombergTV.us@Europe;BloombergTV.us@Plus;BloombergTV.us@US,sites/tvprofil.com/tvprofil.com.channels.xml
Bloomberg TV,tvprofil.com,de/tvprogramm#bloomberg,de,AMBIGUOUS,BloombergTV.us@Europe;BloombergTV.us@Plus;BloombergTV.us@US,sites/tvprofil.com/tvprofil.com.channels.xml
Boing,tvprofil.com,ch/tv-programm#boing,de,AMBIGUOUS,Boing.es@SD;Boing.fr@SD;Boing.it@SD,sites/tvprofil.com/tvprofil.com.channels.xml
Canal+ France,tvprofil.com,at/tvprogramm#canal-plus-fr,de,UNMATCHED,,sites/tvprofil.com/tvprofil.com.channels.xml
Canal+ France,tvprofil.com,de/tvprogramm#canal-plus-fr,de,UNMATCHED,,sites/tvprofil.com/tvprofil.com.channels.xml
Canale 5,tvprofil.com,ch/tv-programm#canale-5,de,AMBIGUOUS,Canale5.it@HD;Canale5.it@SD,sites/tvprofil.com/tvprofil.com.channels.xml
CARAC4,tvprofil.com,ch/tv-programm#carac4,de,UNMATCHED,,sites/tvprofil.com/tvprofil.com.channels.xml
Cartoon Network DE,tvprofil.com,at/tvprogramm#cartoon-network-de,de,UNMATCHED,,sites/tvprofil.com/tvprofil.com.channels.xml
Cartoon Network DE,tvprofil.com,de/tvprogramm#cartoon-network-de,de,UNMATCHED,,sites/tvprofil.com/tvprofil.com.channels.xml
Cartoonito Germany,tvprofil.com,at/tvprogramm#boomerang-de,de,UNMATCHED,,sites/tvprofil.com/tvprofil.com.channels.xml
Cartoonito Germany,tvprofil.com,de/tvprogramm#boomerang-de,de,UNMATCHED,,sites/tvprofil.com/tvprofil.com.channels.xml
Cartoonito Italia,tvprofil.com,ch/tv-programm#cartoonito-it,de,UNMATCHED,,sites/tvprofil.com/tvprofil.com.channels.xml
Cbeebies,tvprofil.com,ch/tv-programm#cbeebies,de,AMBIGUOUS,CBeebies.au@SD;CBeebies.uk@SD;CBeebiesAsia.uk@SD,sites/tvprofil.com/tvprofil.com.channels.xml
CGTN,tvprofil.com,at/tvprogramm#cgtn,de,AMBIGUOUS,CGTN.cn@SD;CGTNDocumentary.cn@SD;CGTNFrench.cn@SD;CGTNRussian.cn@SD,sites/tvprofil.com/tvprofil.com.channels.xml
CGTN,tvprofil.com,de/tvprogramm#cgtn,de,AMBIGUOUS,CGTN.cn@SD;CGTNDocumentary.cn@SD;CGTNFrench.cn@SD;CGTNRussian.cn@SD,sites/tvprofil.com/tvprofil.com.channels.xml
Challenge TV,tvprofil.com,ch/tv-programm#challenge-tv,de,UNMATCHED,,sites/tvprofil.com/tvprofil.com.channels.xml
Channel 5,tvprofil.com,ch/tv-programm#channel-5,de,AMBIGUOUS,Channel5.sg@SD;Channel5.uk@SD,sites/tvprofil.com/tvprofil.com.channels.xml
Children's ITV,tvprofil.com,ch/tv-programm#citv,de,UNMATCHED,,sites/tvprofil.com/tvprofil.com.channels.xml
cielo,tvprofil.com,ch/tv-programm#cielo,de,AMBIGUOUS,Cielo.it@HD;Cielo.it@SD,sites/tvprofil.com/tvprofil.com.channels.xml
ClipMyHorse.TV Linear TV,tvprofil.com,de/tvprogramm#clipmyhorse-tv,de,UNMATCHED,,sites/tvprofil.com/tvprofil.com.channels.xml
Comedy Central DE,tvprofil.com,at/tvprogramm#comedy-central-de,de,UNMATCHED,,sites/tvprofil.com/tvprofil.com.channels.xml
Comedy Central DE,tvprofil.com,ch/tv-programm#comedy-central-de,de,UNMATCHED,,sites/tvprofil.com/tvprofil.com.channels.xml
Comedy Central DE,tvprofil.com,de/tvprogramm#comedy-central-de,de,UNMATCHED,,sites/tvprofil.com/tvprofil.com.channels.xml
Crime & Investigation DE,tvprofil.com,at/tvprogramm#crime-investigation-de,de,UNMATCHED,,sites/tvprofil.com/tvprofil.com.channels.xml
Crime & Investigation DE,tvprofil.com,de/tvprogramm#crime-investigation-de,de,UNMATCHED,,sites/tvprofil.com/tvprofil.com.channels.xml
Crime+Investigation PL,tvprofil.com,at/tvprogramm#crime-investigation-polsat,de,UNMATCHED,,sites/tvprofil.com/tvprofil.com.channels.xml
Crime+Investigation PL,tvprofil.com,ch/tv-programm#crime-investigation-polsat,de,UNMATCHED,,sites/tvprofil.com/tvprofil.com.channels.xml
Crime+Investigation PL,tvprofil.com,de/tvprogramm#crime-investigation-polsat,de,UNMATCHED,,sites/tvprofil.com/tvprofil.com.channels.xml
CStar FR,tvprofil.com,ch/tv-programm#cstar-fr,de,UNMATCHED,,sites/tvprofil.com/tvprofil.com.channels.xml
Curiosity Channel,tvprofil.com,at/tvprogramm#spiegel-wissen,de,AMBIGUOUS,CuriosityChannel.de@SD;CuriosityChannel.us@SD,sites/tvprofil.com/tvprofil.com.channels.xml
Curiosity Channel,tvprofil.com,ch/tv-programm#spiegel-wissen,de,AMBIGUOUS,CuriosityChannel.de@SD;CuriosityChannel.us@SD,sites/tvprofil.com/tvprofil.com.channels.xml
Curiosity Channel,tvprofil.com,de/tvprogramm#spiegel-wissen,de,AMBIGUOUS,CuriosityChannel.de@SD;CuriosityChannel.us@SD,sites/tvprofil.com/tvprofil.com.channels.xml
Das Bild TV,tvprofil.com,at/tvprogramm#bild-tv,de,UNMATCHED,,sites/tvprofil.com/tvprofil.com.channels.xml
Das Bild TV,tvprofil.com,ch/tv-programm#bild-tv,de,UNMATCHED,,sites/tvprofil.com/tvprofil.com.channels.xml
Das Bild TV,tvprofil.com,de/tvprogramm#bild-tv,de,UNMATCHED,,sites/tvprofil.com/tvprofil.com.channels.xml
Das Health TV,tvprofil.com,ch/tv-programm#health-tv,de,UNMATCHED,,sites/tvprofil.com/tvprofil.com.channels.xml
Das Health TV,tvprofil.com,de/tvprogramm#health-tv,de,UNMATCHED,,sites/tvprofil.com/tvprofil.com.channels.xml
DAZN 1 DE,tvprofil.com,de/tvprogramm#dazn-1-de,de,UNMATCHED,,sites/tvprofil.com/tvprofil.com.channels.xml
DAZN 2 DE,tvprofil.com,de/tvprogramm#dazn-2-de,de,UNMATCHED,,sites/tvprofil.com/tvprofil.com.channels.xml
Deutsche Welle Espanol,tvprofil.com,ch/tv-programm#deutschewelle-espanol,de,UNMATCHED,,sites/tvprofil.com/tvprofil.com.channels.xml
DF1,tvprofil.com,de/tvprogramm#df1,de,AMBIGUOUS,DF1.de@SD;ServusTV.at@SD,sites/tvprofil.com/tvprofil.com.channels.xml
Disco Polo Music PL,tvprofil.com,at/tvprogramm#disco-polo-music-pl,de,UNMATCHED,,sites/tvprofil.com/tvprofil.com.channels.xml
Disco Polo Music PL,tvprofil.com,ch/tv-programm#disco-polo-music-pl,de,UNMATCHED,,sites/tvprofil.com/tvprofil.com.channels.xml
Disco Polo Music PL,tvprofil.com,de/tvprogramm#disco-polo-music-pl,de,UNMATCHED,,sites/tvprofil.com/tvprofil.com.channels.xml
Discovery Channel DE,tvprofil.com,at/tvprogramm#discovery-channel-de,de,UNMATCHED,,sites/tvprofil.com/tvprofil.com.channels.xml
Discovery Channel DE,tvprofil.com,de/tvprogramm#discovery-channel-de,de,UNMATCHED,,sites/tvprofil.com/tvprofil.com.channels.xml
Discovery Channel IT,tvprofil.com,ch/tv-programm#discovery-channel-it,de,UNMATCHED,,sites/tvprofil.com/tvprofil.com.channels.xml
DMAX DE,tvprofil.com,at/tvprogramm#dmax-de,de,UNMATCHED,,sites/tvprofil.com/tvprofil.com.channels.xml
DMAX DE,tvprofil.com,ch/tv-programm#dmax-de,de,UNMATCHED,,sites/tvprofil.com/tvprofil.com.channels.xml
DMAX DE,tvprofil.com,de/tvprogramm#dmax-de,de,UNMATCHED,,sites/tvprofil.com/tvprofil.com.channels.xml
DMAX IT,tvprofil.com,ch/tv-programm#dmax,de,UNMATCHED,,sites/tvprofil.com/tvprofil.com.channels.xml
DMAX TR,tvprofil.com,at/tvprogramm#dmax-tr,de,UNMATCHED,,sites/tvprofil.com/tvprofil.com.channels.xml
DMAX TR,tvprofil.com,ch/tv-programm#dmax-tr,de,UNMATCHED,,sites/tvprofil.com/tvprofil.com.channels.xml
DMAX TR,tvprofil.com,de/tvprogramm#dmax-tr,de,UNMATCHED,,sites/tvprofil.com/tvprofil.com.channels.xml
E! Entertainment,tvprofil.com,at/tvprogramm#entertainment,de,AMBIGUOUS,AELatinAmerica.us@South;E.fr@SD;E.uk@UK;EAfrica.us@SD;EEntertainment.pt@HD;EEurope.nl@SD;ELatinAmerica.us@Andes,sites/tvprofil.com/tvprofil.com.channels.xml
E! Entertainment,tvprofil.com,ch/tv-programm#entertainment,de,AMBIGUOUS,AELatinAmerica.us@South;E.fr@SD;E.uk@UK;EAfrica.us@SD;EEntertainment.pt@HD;EEurope.nl@SD;ELatinAmerica.us@Andes,sites/tvprofil.com/tvprofil.com.channels.xml
E4,tvprofil.com,ch/tv-programm#e4,de,AMBIGUOUS,E4.ie@SD;E4.uk@SD,sites/tvprofil.com/tvprofil.com.channels.xml
Erox HD,tvprofil.com,ch/tv-programm#erox-hd,de,AMBIGUOUS,EroX.nl@HD;EroX.nl@SD,sites/tvprofil.com/tvprofil.com.channels.xml
Erox HD,tvprofil.com,de/tvprogramm#erox-hd,de,AMBIGUOUS,EroX.nl@HD;EroX.nl@SD,sites/tvprofil.com/tvprofil.com.channels.xml
Eroxxx HD,tvprofil.com,at/tvprogramm#eroxxx-hd,de,AMBIGUOUS,EroXXX.nl@HD;EroXXX.nl@SD,sites/tvprofil.com/tvprofil.com.channels.xml
Eroxxx HD,tvprofil.com,ch/tv-programm#eroxxx-hd,de,AMBIGUOUS,EroXXX.nl@HD;EroXXX.nl@SD,sites/tvprofil.com/tvprofil.com.channels.xml
Eroxxx HD,tvprofil.com,de/tvprogramm#eroxxx-hd,de,AMBIGUOUS,EroXXX.nl@HD;EroXXX.nl@SD,sites/tvprofil.com/tvprofil.com.channels.xml
eSports 1,tvprofil.com,de/tvprogramm#esports-1,de,UNMATCHED,,sites/tvprofil.com/tvprofil.com.channels.xml
EuroNews,tvprofil.com,at/tvprogramm#euronews,de,AMBIGUOUS,EuronewsAlbania.al@SD;EuronewsEnglish.fr@HD;EuronewsEnglish.fr@SD;EuronewsFrench.fr@SD;EuronewsGerman.fr@SD;EuronewsItalian.fr@SD;EuronewsPortuguese.fr@SD;EuronewsRussian.fr@SD;EuronewsSpanish.fr@SD,sites/tvprofil.com/tvprofil.com.channels.xml
EuroNews,tvprofil.com,ch/tv-programm#euronews,de,AMBIGUOUS,EuronewsAlbania.al@SD;EuronewsEnglish.fr@HD;EuronewsEnglish.fr@SD;EuronewsFrench.fr@SD;EuronewsGerman.fr@SD;EuronewsItalian.fr@SD;EuronewsPortuguese.fr@SD;EuronewsRussian.fr@SD;EuronewsSpanish.fr@SD,sites/tvprofil.com/tvprofil.com.channels.xml
EuroNews,tvprofil.com,de/tvprogramm#euronews,de,AMBIGUOUS,EuronewsAlbania.al@SD;EuronewsEnglish.fr@HD;EuronewsEnglish.fr@SD;EuronewsFrench.fr@SD;EuronewsGerman.fr@SD;EuronewsItalian.fr@SD;EuronewsPortuguese.fr@SD;EuronewsRussian.fr@SD;EuronewsSpanish.fr@SD,sites/tvprofil.com/tvprofil.com.channels.xml
European League of Football Channel,tvprofil.com,at/tvprogramm#elf,de,UNMATCHED,,sites/tvprofil.com/tvprofil.com.channels.xml
European League of Football Channel,tvprofil.com,ch/tv-programm#elf,de,UNMATCHED,,sites/tvprofil.com/tvprofil.com.channels.xml
European League of Football Channel,tvprofil.com,de/tvprogramm#elf,de,UNMATCHED,,sites/tvprofil.com/tvprofil.com.channels.xml
Eurosport,tvprofil.com,at/tvprogramm#eurosport,de,AMBIGUOUS,Eurosport.in@SD;Eurosport1.fr@France;Eurosport1.fr@Russia;Eurosport4K.fr@France,sites/tvprofil.com/tvprofil.com.channels.xml
Eurosport 2 IT,tvprofil.com,ch/tv-programm#eurosport-2-hd-it,de,UNMATCHED,,sites/tvprofil.com/tvprofil.com.channels.xml
Eurosport FR,tvprofil.com,ch/tv-programm#eurosport-fr,de,UNMATCHED,,sites/tvprofil.com/tvprofil.com.channels.xml
Eurosport IT,tvprofil.com,ch/tv-programm#eurosport-hd-it,de,UNMATCHED,,sites/tvprofil.com/tvprofil.com.channels.xml
EWTN,tvprofil.com,de/tvprogramm#ewtn,de,AMBIGUOUS,EWTN.de@SD;EWTN.us@AsiaPacific;EWTN.us@Canada;EWTN.us@English;EWTN.us@Europe;EWTNPoland.pl@SD,sites/tvprofil.com/tvprofil.com.channels.xml
EWTN PL,tvprofil.com,at/tvprogramm#ewtn-pl,de,UNMATCHED,,sites/tvprofil.com/tvprofil.com.channels.xml
EWTN PL,tvprofil.com,ch/tv-programm#ewtn-pl,de,UNMATCHED,,sites/tvprofil.com/tvprofil.com.channels.xml
EWTN PL,tvprofil.com,de/tvprogramm#ewtn-pl,de,UNMATCHED,,sites/tvprofil.com/tvprofil.com.channels.xml
Fashion TV,tvprofil.com,at/tvprogramm#fashion-tv,de,AMBIGUOUS,FashionTV.br@SD;FashionTV.in@SD;FashionTV.ru@SD;FashionTV.ua@SD;FashionTVAsia.fr@SD;FashionTVEurope.fr@SD,sites/tvprofil.com/tvprofil.com.channels.xml
Fashion TV,tvprofil.com,ch/tv-programm#fashion-tv,de,AMBIGUOUS,FashionTV.br@SD;FashionTV.in@SD;FashionTV.ru@SD;FashionTV.ua@SD;FashionTVAsia.fr@SD;FashionTVEurope.fr@SD,sites/tvprofil.com/tvprofil.com.channels.xml
Fashion TV,tvprofil.com,de/tvprogramm#fashion-tv,de,AMBIGUOUS,FashionTV.br@SD;FashionTV.in@SD;FashionTV.ru@SD;FashionTV.ua@SD;FashionTVAsia.fr@SD;FashionTVEurope.fr@SD,sites/tvprofil.com/tvprofil.com.channels.xml
Fight 24,tvprofil.com,de/tvprogramm#fight-24,de,UNMATCHED,,sites/tvprofil.com/tvprofil.com.channels.xml
Fight Klub HD,tvprofil.com,at/tvprogramm#fight-klub-hd,de,UNMATCHED,,sites/tvprofil.com/tvprofil.com.channels.xml
Fight Klub HD,tvprofil.com,ch/tv-programm#fight-klub-hd,de,UNMATCHED,,sites/tvprofil.com/tvprofil.com.channels.xml
Fight Klub HD,tvprofil.com,de/tvprogramm#fight-klub-hd,de,UNMATCHED,,sites/tvprofil.com/tvprofil.com.channels.xml
Film4,tvprofil.com,ch/tv-programm#film4,de,AMBIGUOUS,Film4.ie@SD;Film4.uk@SD,sites/tvprofil.com/tvprofil.com.channels.xml
Filmax,tvprofil.com,at/tvprogramm#filmax,de,UNMATCHED,,sites/tvprofil.com/tvprofil.com.channels.xml
Filmax,tvprofil.com,ch/tv-programm#filmax,de,UNMATCHED,,sites/tvprofil.com/tvprofil.com.channels.xml
Filmax,tvprofil.com,de/tvprogramm#filmax,de,UNMATCHED,,sites/tvprofil.com/tvprofil.com.channels.xml
FilmBox Family PL,tvprofil.com,at/tvprogramm#filmbox-family-pl,de,UNMATCHED,,sites/tvprofil.com/tvprofil.com.channels.xml
FilmBox Family PL,tvprofil.com,ch/tv-programm#filmbox-family-pl,de,UNMATCHED,,sites/tvprofil.com/tvprofil.com.channels.xml
FilmBox Family PL,tvprofil.com,de/tvprogramm#filmbox-family-pl,de,UNMATCHED,,sites/tvprofil.com/tvprofil.com.channels.xml
Fix & Foxi,tvprofil.com,at/tvprogramm#fix-foxi,de,AMBIGUOUS,FixFoxi.ba;FixFoxi.de@SD,sites/tvprofil.com/tvprofil.com.channels.xml
Fix & Foxi,tvprofil.com,ch/tv-programm#fix-foxi,de,AMBIGUOUS,FixFoxi.ba;FixFoxi.de@SD,sites/tvprofil.com/tvprofil.com.channels.xml
Fix & Foxi,tvprofil.com,de/tvprogramm#fix-foxi,de,AMBIGUOUS,FixFoxi.ba;FixFoxi.de@SD,sites/tvprofil.com/tvprofil.com.channels.xml
Food Network Italia,tvprofil.com,ch/tv-programm#food-network-it,de,UNMATCHED,,sites/tvprofil.com/tvprofil.com.channels.xml
Food Network UK,tvprofil.com,ch/tv-programm#food-network-uk,de,UNMATCHED,,sites/tvprofil.com/tvprofil.com.channels.xml
France 2,tvprofil.com,ch/tv-programm#france-2,de,AMBIGUOUS,France2.fr;France2.fr@SD,sites/tvprofil.com/tvprofil.com.channels.xml
France 2,tvprofil.com,de/tvprogramm#france-2,de,AMBIGUOUS,France2.fr;France2.fr@SD,sites/tvprofil.com/tvprofil.com.channels.xml
France 3,tvprofil.com,ch/tv-programm#france-3,de,AMBIGUOUS,France3.fr;France3.fr@National;France3.fr@RhoneAlpes;France3.fr@SD,sites/tvprofil.com/tvprofil.com.channels.xml
France 3,tvprofil.com,de/tvprogramm#france-3,de,AMBIGUOUS,France3.fr;France3.fr@National;France3.fr@RhoneAlpes;France3.fr@SD,sites/tvprofil.com/tvprofil.com.channels.xml
France 4,tvprofil.com,ch/tv-programm#france-4,de,AMBIGUOUS,France4.fr;France4.fr@SD,sites/tvprofil.com/tvprofil.com.channels.xml
France 4,tvprofil.com,de/tvprogramm#france-4,de,AMBIGUOUS,France4.fr;France4.fr@SD,sites/tvprofil.com/tvprofil.com.channels.xml
France 5,tvprofil.com,ch/tv-programm#france-5,de,AMBIGUOUS,France5.fr;France5.fr@SD,sites/tvprofil.com/tvprofil.com.channels.xml
France 5,tvprofil.com,de/tvprogramm#france-5,de,AMBIGUOUS,France5.fr;France5.fr@SD,sites/tvprofil.com/tvprofil.com.channels.xml
France24,tvprofil.com,at/tvprogramm#france24,de,AMBIGUOUS,France24.fr@English;France24.fr@French,sites/tvprofil.com/tvprofil.com.channels.xml
France24,tvprofil.com,ch/tv-programm#france24,de,AMBIGUOUS,France24.fr@English;France24.fr@French,sites/tvprofil.com/tvprofil.com.channels.xml
France24,tvprofil.com,de/tvprogramm#france24,de,AMBIGUOUS,France24.fr@English;France24.fr@French,sites/tvprofil.com/tvprofil.com.channels.xml
FS1 AT,tvprofil.com,at/tvprogramm#fs1-at,de,UNMATCHED,,sites/tvprofil.com/tvprofil.com.channels.xml
FunBox UHD,tvprofil.com,ch/tv-programm#funbox-uhd,de,AMBIGUOUS,FunBoxUHD.ba;FunBoxUHD.nl@SD,sites/tvprofil.com/tvprofil.com.channels.xml
FX Comedy PL,tvprofil.com,at/tvprogramm#fox-comedy-pl,de,UNMATCHED,,sites/tvprofil.com/tvprofil.com.channels.xml
FX Comedy PL,tvprofil.com,ch/tv-programm#fox-comedy-pl,de,UNMATCHED,,sites/tvprofil.com/tvprofil.com.channels.xml
FX Comedy PL,tvprofil.com,de/tvprogramm#fox-comedy-pl,de,UNMATCHED,,sites/tvprofil.com/tvprofil.com.channels.xml
FX PL,tvprofil.com,at/tvprogramm#fox-pl,de,UNMATCHED,,sites/tvprofil.com/tvprofil.com.channels.xml
FX PL,tvprofil.com,ch/tv-programm#fox-pl,de,UNMATCHED,,sites/tvprofil.com/tvprofil.com.channels.xml
FX PL,tvprofil.com,de/tvprogramm#fox-pl,de,UNMATCHED,,sites/tvprofil.com/tvprofil.com.channels.xml
Giallo TV,tvprofil.com,ch/tv-programm#giallo-tv,de,UNMATCHED,,sites/tvprofil.com/tvprofil.com.channels.xml
Ginx Esports TV,tvprofil.com,de/tvprogramm#ginx,de,AMBIGUOUS,GINXTV.uk@SD;GinxEsportsTV.pt@HD,sites/tvprofil.com/tvprofil.com.channels.xml
Goldstar,tvprofil.com,de/tvprogramm#goldstar,de,UNMATCHED,,sites/tvprofil.com/tvprofil.com.channels.xml
Golf plus,tvprofil.com,ch/tv-programm#golf-plus,de,UNMATCHED,,sites/tvprofil.com/tvprofil.com.channels.xml
Habitat TV,tvprofil.com,at/tvprogramm#habitat-tv,de,UNMATCHED,,sites/tvprofil.com/tvprofil.com.channels.xml
Habitat TV,tvprofil.com,ch/tv-programm#habitat-tv,de,UNMATCHED,,sites/tvprofil.com/tvprofil.com.channels.xml
Habitat TV,tvprofil.com,de/tvprogramm#habitat-tv,de,UNMATCHED,,sites/tvprofil.com/tvprofil.com.channels.xml
Halk TV,tvprofil.com,ch/tv-programm#halk-tv,de,AMBIGUOUS,HalkTV.tr@HD;HalkTV.tr@SD,sites/tvprofil.com/tvprofil.com.channels.xml
HGTV DE,tvprofil.com,at/tvprogramm#hgtv-de,de,UNMATCHED,,sites/tvprofil.com/tvprofil.com.channels.xml
HGTV DE,tvprofil.com,ch/tv-programm#hgtv-de,de,UNMATCHED,,sites/tvprofil.com/tvprofil.com.channels.xml
HGTV DE,tvprofil.com,de/tvprogramm#hgtv-de,de,UNMATCHED,,sites/tvprofil.com/tvprofil.com.channels.xml
History Channel DE,tvprofil.com,at/tvprogramm#history-channel-de,de,UNMATCHED,,sites/tvprofil.com/tvprofil.com.channels.xml
History Channel DE,tvprofil.com,de/tvprogramm#history-channel-de,de,UNMATCHED,,sites/tvprofil.com/tvprofil.com.channels.xml
Hustler HD,tvprofil.com,de/tvprogramm#hustler-hd,de,AMBIGUOUS,HustlerHD.ba;HustlerHD.nl@SD,sites/tvprofil.com/tvprofil.com.channels.xml
HUSTLER TV,tvprofil.com,at/tvprogramm#hustler-tv,de,AMBIGUOUS,HustlerHD.nl@SD;HustlerTV.us@SD;HustlerTVEurope.nl@SD,sites/tvprofil.com/tvprofil.com.channels.xml
HUSTLER TV,tvprofil.com,de/tvprogramm#hustler-tv,de,AMBIGUOUS,HustlerHD.nl@SD;HustlerTV.us@SD;HustlerTVEurope.nl@SD,sites/tvprofil.com/tvprofil.com.channels.xml
i24News FR,tvprofil.com,ch/tv-programm#i24-news-fr,de,UNMATCHED,,sites/tvprofil.com/tvprofil.com.channels.xml
Italia 1,tvprofil.com,ch/tv-programm#italia-1,de,AMBIGUOUS,Italia1.it@HD;Italia1.it@SD,sites/tvprofil.com/tvprofil.com.channels.xml
ITV Quiz,tvprofil.com,ch/tv-programm#itv-be,de,AMBIGUOUS,ITVBe.uk@SD;ITVQuiz.uk@SD,sites/tvprofil.com/tvprofil.com.channels.xml
ITV1,tvprofil.com,ch/tv-programm#itv1,de,AMBIGUOUS,ITV1.uk@Anglia;ITV1.uk@Central;ITV1.uk@ChannelTelevision;ITV1.uk@Granada;ITV1.uk@London;ITV1.uk@Meridian;ITV1.uk@TyneTees;ITV1.uk@WestCountry;ITV1.uk@Yorkshire,sites/tvprofil.com/tvprofil.com.channels.xml
K-TV Katholisches Fernsehen,tvprofil.com,at/tvprogramm#k-tv-katholisches-fernsehen,de,UNMATCHED,,sites/tvprofil.com/tvprofil.com.channels.xml
K-TV Katholisches Fernsehen,tvprofil.com,ch/tv-programm#k-tv-katholisches-fernsehen,de,UNMATCHED,,sites/tvprofil.com/tvprofil.com.channels.xml
K-TV Katholisches Fernsehen,tvprofil.com,de/tvprogramm#k-tv-katholisches-fernsehen,de,UNMATCHED,,sites/tvprofil.com/tvprofil.com.channels.xml
Kabel eins Österreich,tvprofil.com,at/tvprogramm#kabel-eins-at,de,UNMATCHED,,sites/tvprofil.com/tvprofil.com.channels.xml
KANAL 24 TR,tvprofil.com,at/tvprogramm#kanal-24-tr,de,UNMATCHED,,sites/tvprofil.com/tvprofil.com.channels.xml
KANAL 24 TR,tvprofil.com,ch/tv-programm#kanal-24-tr,de,UNMATCHED,,sites/tvprofil.com/tvprofil.com.channels.xml
KANAL 24 TR,tvprofil.com,de/tvprogramm#kanal-24-tr,de,UNMATCHED,,sites/tvprofil.com/tvprofil.com.channels.xml
Kanal 7,tvprofil.com,at/tvprogramm#kanal-7,de,AMBIGUOUS,Kanal7.ee@SD;Kanal7.tr@SD,sites/tvprofil.com/tvprofil.com.channels.xml
Kanal 7,tvprofil.com,de/tvprogramm#kanal-7,de,AMBIGUOUS,Kanal7.ee@SD;Kanal7.tr@SD,sites/tvprofil.com/tvprofil.com.channels.xml
Kanal 9 TV,tvprofil.com,ch/tv-programm#kanal-9,de,UNMATCHED,,sites/tvprofil.com/tvprofil.com.channels.xml
Karadeniz TV,tvprofil.com,at/tvprogramm#krt-tv,de,UNMATCHED,,sites/tvprofil.com/tvprofil.com.channels.xml
Karadeniz TV,tvprofil.com,ch/tv-programm#krt-tv,de,UNMATCHED,,sites/tvprofil.com/tvprofil.com.channels.xml
Karadeniz TV,tvprofil.com,de/tvprogramm#krt-tv,de,UNMATCHED,,sites/tvprofil.com/tvprofil.com.channels.xml
KIT-TV,tvprofil.com,at/tvprogramm#kit-tv,de,UNMATCHED,,sites/tvprofil.com/tvprofil.com.channels.xml
Kral Pop TV,tvprofil.com,de/tvprogramm#kral-pop-tv,de,UNMATCHED,,sites/tvprofil.com/tvprofil.com.channels.xml
La Chaîne Info,tvprofil.com,ch/tv-programm#lci,de,UNMATCHED,,sites/tvprofil.com/tvprofil.com.channels.xml
La Cinque,tvprofil.com,ch/tv-programm#la5,de,UNMATCHED,,sites/tvprofil.com/tvprofil.com.channels.xml
La Télé,tvprofil.com,ch/tv-programm#la-tele,de,AMBIGUOUS,LaTele.ch@SD;LaTele.pe@SD,sites/tvprofil.com/tvprofil.com.channels.xml
Love Nature US,tvprofil.com,at/tvprogramm#love-nature,de,UNMATCHED,,sites/tvprofil.com/tvprofil.com.channels.xml
LUXE TV,tvprofil.com,at/tvprogramm#luxe-tv,de,AMBIGUOUS,LuxeTV.lu@SD;LuxeTV.pt@HD,sites/tvprofil.com/tvprofil.com.channels.xml
LUXE TV,tvprofil.com,ch/tv-programm#luxe-tv,de,AMBIGUOUS,LuxeTV.lu@SD;LuxeTV.pt@HD,sites/tvprofil.com/tvprofil.com.channels.xml
LUXE TV,tvprofil.com,de/tvprogramm#luxe-tv,de,AMBIGUOUS,LuxeTV.lu@SD;LuxeTV.pt@HD,sites/tvprofil.com/tvprofil.com.channels.xml
M6,tvprofil.com,ch/tv-programm#m6,de,AMBIGUOUS,M6.ch@SD;M6.fr@HD;M6.pt@SD;M6International.fr@SD,sites/tvprofil.com/tvprofil.com.channels.xml
M6,tvprofil.com,de/tvprogramm#m6,de,AMBIGUOUS,M6.ch@SD;M6.fr@HD;M6.pt@SD;M6International.fr@SD,sites/tvprofil.com/tvprofil.com.channels.xml
Marco Polo TV,tvprofil.com,at/tvprogramm#marco-polo-tv,de,AMBIGUOUS,MarcoPoloTV.de@SD;MarcoPoloTravelTV.it@SD,sites/tvprofil.com/tvprofil.com.channels.xml
Marco Polo TV,tvprofil.com,de/tvprogramm#marco-polo-tv,de,AMBIGUOUS,MarcoPoloTV.de@SD;MarcoPoloTravelTV.it@SD,sites/tvprofil.com/tvprofil.com.channels.xml
MDR Fernsehen,tvprofil.com,at/tvprogramm#mdr,de,UNMATCHED,,sites/tvprofil.com/tvprofil.com.channels.xml
MDR Fernsehen,tvprofil.com,ch/tv-programm#mdr,de,UNMATCHED,,sites/tvprofil.com/tvprofil.com.channels.xml
MDR Fernsehen,tvprofil.com,de/tvprogramm#mdr,de,UNMATCHED,,sites/tvprofil.com/tvprofil.com.channels.xml
MDR Sachsen-Anhalt,tvprofil.com,at/tvprogramm#mdr-sachsen-anhalt,de,UNMATCHED,,sites/tvprofil.com/tvprofil.com.channels.xml
MDR Sachsen-Anhalt,tvprofil.com,de/tvprogramm#mdr-sachsen-anhalt,de,UNMATCHED,,sites/tvprofil.com/tvprofil.com.channels.xml
MDR Thüringen,tvprofil.com,at/tvprogramm#mdr-thuringen,de,UNMATCHED,,sites/tvprofil.com/tvprofil.com.channels.xml
MDR Thüringen,tvprofil.com,de/tvprogramm#mdr-thuringen,de,UNMATCHED,,sites/tvprofil.com/tvprofil.com.channels.xml
Mediaset Italia,tvprofil.com,de/tvprogramm#mediaset-italia,de,AMBIGUOUS,MediasetItalia.ca@SD;MediasetItalia.it@SD,sites/tvprofil.com/tvprofil.com.channels.xml
Mezzo,tvprofil.com,at/tvprogramm#mezzo,de,AMBIGUOUS,MEZZO.pt@SD;Mezzo.fr@SD;RTL1025TV.it@SD,sites/tvprofil.com/tvprofil.com.channels.xml
MinikaGO TR,tvprofil.com,at/tvprogramm#minikago-tr,de,UNMATCHED,,sites/tvprofil.com/tvprofil.com.channels.xml
MinikaGO TR,tvprofil.com,ch/tv-programm#minikago-tr,de,UNMATCHED,,sites/tvprofil.com/tvprofil.com.channels.xml
MinikaGO TR,tvprofil.com,de/tvprogramm#minikago-tr,de,UNMATCHED,,sites/tvprofil.com/tvprofil.com.channels.xml
More4,tvprofil.com,ch/tv-programm#more4,de,AMBIGUOUS,More4.ie@SD;More4.uk@SD,sites/tvprofil.com/tvprofil.com.channels.xml
Motorvision Plus,tvprofil.com,at/tvprogramm#motorvision-tv,de,UNMATCHED,,sites/tvprofil.com/tvprofil.com.channels.xml
Motorvision Plus,tvprofil.com,ch/tv-programm#motorvision-tv,de,UNMATCHED,,sites/tvprofil.com/tvprofil.com.channels.xml
Motorvision Plus,tvprofil.com,de/tvprogramm#motorvision-tv,de,UNMATCHED,,sites/tvprofil.com/tvprofil.com.channels.xml
Motorvision Plus France,tvprofil.com,ch/tv-programm#motorvision-tv-france,de,UNMATCHED,,sites/tvprofil.com/tvprofil.com.channels.xml
Motorvision Plus International,tvprofil.com,at/tvprogramm#motorvision-hd-ro,de,UNMATCHED,,sites/tvprofil.com/tvprofil.com.channels.xml
Motorvision Plus International,tvprofil.com,ch/tv-programm#motorvision-hd-ro,de,UNMATCHED,,sites/tvprofil.com/tvprofil.com.channels.xml
Motorvision Plus International,tvprofil.com,de/tvprogramm#motorvision-hd-ro,de,UNMATCHED,,sites/tvprofil.com/tvprofil.com.channels.xml
MyZen TV,tvprofil.com,at/tvprogramm#myzen,de,AMBIGUOUS,MyZenTV.fr@SD;MyZenTV.pt@HD,sites/tvprofil.com/tvprofil.com.channels.xml
MyZen TV,tvprofil.com,ch/tv-programm#myzen,de,AMBIGUOUS,MyZenTV.fr@SD;MyZenTV.pt@HD,sites/tvprofil.com/tvprofil.com.channels.xml
MyZen TV,tvprofil.com,de/tvprogramm#myzen,de,AMBIGUOUS,MyZenTV.fr@SD;MyZenTV.pt@HD,sites/tvprofil.com/tvprofil.com.channels.xml
NatGeo Wild DE,tvprofil.com,at/tvprogramm#natgeo-wild-de,de,UNMATCHED,,sites/tvprofil.com/tvprofil.com.channels.xml
NatGeo Wild DE,tvprofil.com,de/tvprogramm#natgeo-wild-de,de,UNMATCHED,,sites/tvprofil.com/tvprofil.com.channels.xml
National Geographic DE,tvprofil.com,at/tvprogramm#national-geographic-de,de,UNMATCHED,,sites/tvprofil.com/tvprofil.com.channels.xml
National Geographic DE,tvprofil.com,de/tvprogramm#national-geographic-de,de,UNMATCHED,,sites/tvprofil.com/tvprofil.com.channels.xml
NBC News,tvprofil.com,at/tvprogramm#nbc-news,de,UNMATCHED,,sites/tvprofil.com/tvprofil.com.channels.xml
NBC News,tvprofil.com,de/tvprogramm#nbc-news,de,UNMATCHED,,sites/tvprofil.com/tvprofil.com.channels.xml
NDR Hamburg,tvprofil.com,at/tvprogramm#ndr,de,UNMATCHED,,sites/tvprofil.com/tvprofil.com.channels.xml
NDR Hamburg,tvprofil.com,ch/tv-programm#ndr,de,UNMATCHED,,sites/tvprofil.com/tvprofil.com.channels.xml
NDR Hamburg,tvprofil.com,de/tvprogramm#ndr,de,UNMATCHED,,sites/tvprofil.com/tvprofil.com.channels.xml
NDR Mecklenburg-Vorpommern,tvprofil.com,at/tvprogramm#ndr-mecklenburg-vorpommern,de,UNMATCHED,,sites/tvprofil.com/tvprofil.com.channels.xml
NDR Mecklenburg-Vorpommern,tvprofil.com,de/tvprogramm#ndr-mecklenburg-vorpommern,de,UNMATCHED,,sites/tvprofil.com/tvprofil.com.channels.xml
NDR Niedersachsen,tvprofil.com,at/tvprogramm#ndr-niedersachsen,de,UNMATCHED,,sites/tvprofil.com/tvprofil.com.channels.xml
NDR Niedersachsen,tvprofil.com,de/tvprogramm#ndr-niedersachsen,de,UNMATCHED,,sites/tvprofil.com/tvprofil.com.channels.xml
NDR Schleswig-Holstein,tvprofil.com,at/tvprogramm#ndr-schleswig-holstein,de,UNMATCHED,,sites/tvprofil.com/tvprofil.com.channels.xml
NDR Schleswig-Holstein,tvprofil.com,de/tvprogramm#ndr-schleswig-holstein,de,UNMATCHED,,sites/tvprofil.com/tvprofil.com.channels.xml
Nick DE,tvprofil.com,at/tvprogramm#nickelodeon-de,de,UNMATCHED,,sites/tvprofil.com/tvprofil.com.channels.xml
Nick DE,tvprofil.com,ch/tv-programm#nickelodeon-de,de,UNMATCHED,,sites/tvprofil.com/tvprofil.com.channels.xml
Nick DE,tvprofil.com,de/tvprogramm#nickelodeon-de,de,UNMATCHED,,sites/tvprofil.com/tvprofil.com.channels.xml
Nick Junior,tvprofil.com,at/tvprogramm#nick-jr,de,AMBIGUOUS,NickJr.es@SD;NickJr.in@SD;NickJr.it@SD;NickJr.uk@SD;NickJrAsia.sg@SD,sites/tvprofil.com/tvprofil.com.channels.xml
Nick Junior,tvprofil.com,de/tvprogramm#nick-jr,de,AMBIGUOUS,NickJr.es@SD;NickJr.in@SD;NickJr.it@SD;NickJr.uk@SD;NickJrAsia.sg@SD,sites/tvprofil.com/tvprofil.com.channels.xml
Nicktoons,tvprofil.com,at/tvprogramm#comedy-central-extra,de,AMBIGUOUS,NickelodeonTeen.fr@SD;Nicktoons.bg@SD;Nicktoons.cz@SD;Nicktoons.de@SD;Nicktoons.nl@SD;Nicktoons.pl@SD;Nicktoons.ro@SD;Nicktoons.tr@SD;Nicktoons.uk@SD;Nicktoons.us@East;NicktoonsAfrica.za@SD;NicktoonsLatinAmerica.us@SD;NicktoonsScandinavia.nl@SD,sites/tvprofil.com/tvprofil.com.channels.xml
Nicktoons,tvprofil.com,de/tvprogramm#comedy-central-extra,de,AMBIGUOUS,NickelodeonTeen.fr@SD;Nicktoons.bg@SD;Nicktoons.cz@SD;Nicktoons.de@SD;Nicktoons.nl@SD;Nicktoons.pl@SD;Nicktoons.ro@SD;Nicktoons.tr@SD;Nicktoons.uk@SD;Nicktoons.us@East;NicktoonsAfrica.za@SD;NicktoonsLatinAmerica.us@SD;NicktoonsScandinavia.nl@SD,sites/tvprofil.com/tvprofil.com.channels.xml
Novelas Plus 1,tvprofil.com,at/tvprogramm#dizi-pl,de,UNMATCHED,,sites/tvprofil.com/tvprofil.com.channels.xml
Novelas Plus 1,tvprofil.com,ch/tv-programm#dizi-pl,de,UNMATCHED,,sites/tvprofil.com/tvprofil.com.channels.xml
Novelas Plus 1,tvprofil.com,de/tvprogramm#dizi-pl,de,UNMATCHED,,sites/tvprofil.com/tvprofil.com.channels.xml
NTV DE,tvprofil.com,at/tvprogramm#n-tv,de,UNMATCHED,,sites/tvprofil.com/tvprofil.com.channels.xml
NTV DE,tvprofil.com,ch/tv-programm#n-tv,de,UNMATCHED,,sites/tvprofil.com/tvprofil.com.channels.xml
NTV DE,tvprofil.com,de/tvprogramm#n-tv,de,UNMATCHED,,sites/tvprofil.com/tvprofil.com.channels.xml
Number One Türk,tvprofil.com,at/tvprogramm#nr1-turk,de,UNMATCHED,,sites/tvprofil.com/tvprofil.com.channels.xml
Number One Türk,tvprofil.com,ch/tv-programm#nr1-turk,de,UNMATCHED,,sites/tvprofil.com/tvprofil.com.channels.xml
Number One Türk,tvprofil.com,de/tvprogramm#nr1-turk,de,UNMATCHED,,sites/tvprofil.com/tvprofil.com.channels.xml
NUTA GOLD,tvprofil.com,at/tvprogramm#nuta-gold,de,UNMATCHED,,sites/tvprofil.com/tvprofil.com.channels.xml
NUTA GOLD,tvprofil.com,ch/tv-programm#nuta-gold,de,UNMATCHED,,sites/tvprofil.com/tvprofil.com.channels.xml
NUTA GOLD,tvprofil.com,de/tvprogramm#nuta-gold,de,UNMATCHED,,sites/tvprofil.com/tvprofil.com.channels.xml
NUTA.TV HD,tvprofil.com,at/tvprogramm#nuta-tv,de,UNMATCHED,,sites/tvprofil.com/tvprofil.com.channels.xml
NUTA.TV HD,tvprofil.com,ch/tv-programm#nuta-tv,de,UNMATCHED,,sites/tvprofil.com/tvprofil.com.channels.xml
NUTA.TV HD,tvprofil.com,de/tvprogramm#nuta-tv,de,UNMATCHED,,sites/tvprofil.com/tvprofil.com.channels.xml
One,tvprofil.com,at/tvprogramm#one,de,AMBIGUOUS,FujiTVONE.jp@SD;ONE.sg@SD;One.de@SD;TVNZ1.nz@SD;VirginMediaOne.ie@SD,sites/tvprofil.com/tvprofil.com.channels.xml
One,tvprofil.com,ch/tv-programm#one,de,AMBIGUOUS,FujiTVONE.jp@SD;ONE.sg@SD;One.de@SD;TVNZ1.nz@SD;VirginMediaOne.ie@SD,sites/tvprofil.com/tvprofil.com.channels.xml
One,tvprofil.com,de/tvprogramm#one,de,AMBIGUOUS,FujiTVONE.jp@SD;ONE.sg@SD;One.de@SD;TVNZ1.nz@SD;VirginMediaOne.ie@SD,sites/tvprofil.com/tvprofil.com.channels.xml
ORF Sport Plus,tvprofil.com,at/tvprogramm#orf-sportplus,de,UNMATCHED,,sites/tvprofil.com/tvprofil.com.channels.xml
ORF Sport Plus,tvprofil.com,de/tvprogramm#orf-sportplus,de,UNMATCHED,,sites/tvprofil.com/tvprofil.com.channels.xml
ORF2,tvprofil.com,at/tvprogramm#orf2,de,AMBIGUOUS,ORF2.at@SD;ORF2Europe.at@SD,sites/tvprofil.com/tvprofil.com.channels.xml
ORF2,tvprofil.com,ch/tv-programm#orf2,de,AMBIGUOUS,ORF2.at@SD;ORF2Europe.at@SD,sites/tvprofil.com/tvprofil.com.channels.xml
Pink Folk 1,tvprofil.com,ch/tv-programm#pink-folk,de,UNMATCHED,,sites/tvprofil.com/tvprofil.com.channels.xml
Pink Folk 1,tvprofil.com,de/tvprogramm#pink-folk,de,UNMATCHED,,sites/tvprofil.com/tvprofil.com.channels.xml
Pink Music 1,tvprofil.com,at/tvprogramm#pink-music,de,UNMATCHED,,sites/tvprofil.com/tvprofil.com.channels.xml
Pink Music 1,tvprofil.com,ch/tv-programm#pink-music,de,UNMATCHED,,sites/tvprofil.com/tvprofil.com.channels.xml
Pink Music 1,tvprofil.com,de/tvprogramm#pink-music,de,UNMATCHED,,sites/tvprofil.com/tvprofil.com.channels.xml
Planete+ PL,tvprofil.com,at/tvprogramm#planete-plus-pl,de,UNMATCHED,,sites/tvprofil.com/tvprofil.com.channels.xml
Planete+ PL,tvprofil.com,ch/tv-programm#planete-plus-pl,de,UNMATCHED,,sites/tvprofil.com/tvprofil.com.channels.xml
Planete+ PL,tvprofil.com,de/tvprogramm#planete-plus-pl,de,UNMATCHED,,sites/tvprofil.com/tvprofil.com.channels.xml
Playboy TV,tvprofil.com,at/tvprogramm#playboy-tv,de,AMBIGUOUS,PlayboyTV.us@SD;PlayboyTVEurope.us@SD;PlayboyTVIberia.us@SD;PlayboyTVLatinAmerica.us@SD,sites/tvprofil.com/tvprofil.com.channels.xml
Polonia1,tvprofil.com,at/tvprogramm#polonia1,de,UNMATCHED,,sites/tvprofil.com/tvprofil.com.channels.xml
Polonia1,tvprofil.com,ch/tv-programm#polonia1,de,UNMATCHED,,sites/tvprofil.com/tvprofil.com.channels.xml
Polonia1,tvprofil.com,de/tvprogramm#polonia1,de,UNMATCHED,,sites/tvprofil.com/tvprofil.com.channels.xml
Power TV PL,tvprofil.com,at/tvprogramm#power-tv-pl,de,UNMATCHED,,sites/tvprofil.com/tvprofil.com.channels.xml
Power TV PL,tvprofil.com,ch/tv-programm#power-tv-pl,de,UNMATCHED,,sites/tvprofil.com/tvprofil.com.channels.xml
Power TV PL,tvprofil.com,de/tvprogramm#power-tv-pl,de,UNMATCHED,,sites/tvprofil.com/tvprofil.com.channels.xml
PRO 7 Österreich,tvprofil.com,at/tvprogramm#pro-7-at,de,UNMATCHED,,sites/tvprofil.com/tvprofil.com.channels.xml
PRO 7 Österreich,tvprofil.com,ch/tv-programm#pro-7-at,de,UNMATCHED,,sites/tvprofil.com/tvprofil.com.channels.xml
PRO 7 Österreich,tvprofil.com,de/tvprogramm#pro-7-at,de,UNMATCHED,,sites/tvprofil.com/tvprofil.com.channels.xml
ProSieben,tvprofil.com,at/tvprogramm#pro-7,de,AMBIGUOUS,ProSieben.de@SD;ProSiebenSchweiz.ch@SD,sites/tvprofil.com/tvprofil.com.channels.xml
ProSieben,tvprofil.com,ch/tv-programm#pro-7,de,AMBIGUOUS,ProSieben.de@SD;ProSiebenSchweiz.ch@SD,sites/tvprofil.com/tvprofil.com.channels.xml
ProSieben,tvprofil.com,de/tvprogramm#pro-7,de,AMBIGUOUS,ProSieben.de@SD;ProSiebenSchweiz.ch@SD,sites/tvprofil.com/tvprofil.com.channels.xml
Radio Televizija BN,tvprofil.com,at/tvprogramm#bn,de,UNMATCHED,,sites/tvprofil.com/tvprofil.com.channels.xml
Radio Ticino Channel HD,tvprofil.com,at/tvprogramm#radio-ticino-channel,de,UNMATCHED,,sites/tvprofil.com/tvprofil.com.channels.xml
Radio Ticino Channel HD,tvprofil.com,ch/tv-programm#radio-ticino-channel,de,UNMATCHED,,sites/tvprofil.com/tvprofil.com.channels.xml
Radio Ticino Channel HD,tvprofil.com,de/tvprogramm#radio-ticino-channel,de,UNMATCHED,,sites/tvprofil.com/tvprofil.com.channels.xml
RAI Education,tvprofil.com,ch/tv-programm#rai-education,de,UNMATCHED,,sites/tvprofil.com/tvprofil.com.channels.xml
RAI Gulp,tvprofil.com,ch/tv-programm#rai-gulp,de,AMBIGUOUS,RaiGulp.it@HD;RaiGulp.it@SD,sites/tvprofil.com/tvprofil.com.channels.xml
RAI Italia Australia,tvprofil.com,de/tvprogramm#rai-italia-australia,de,UNMATCHED,,sites/tvprofil.com/tvprofil.com.channels.xml
RAI News 24,tvprofil.com,ch/tv-programm#rai-news-24,de,AMBIGUOUS,RaiNews24.it@HD;RaiNews24.it@SD,sites/tvprofil.com/tvprofil.com.channels.xml
RAI News 24,tvprofil.com,de/tvprogramm#rai-news-24,de,AMBIGUOUS,RaiNews24.it@HD;RaiNews24.it@SD,sites/tvprofil.com/tvprofil.com.channels.xml
RAI Storia,tvprofil.com,ch/tv-programm#rai-storia,de,AMBIGUOUS,RaiStoria.it@HD;RaiStoria.it@SD,sites/tvprofil.com/tvprofil.com.channels.xml
RAI Storia,tvprofil.com,de/tvprogramm#rai-storia,de,AMBIGUOUS,RaiStoria.it@HD;RaiStoria.it@SD,sites/tvprofil.com/tvprofil.com.channels.xml
RAI World Premium,tvprofil.com,at/tvprogramm#rai-world-premium,de,UNMATCHED,,sites/tvprofil.com/tvprofil.com.channels.xml
RAI World Premium,tvprofil.com,ch/tv-programm#rai-world-premium,de,UNMATCHED,,sites/tvprofil.com/tvprofil.com.channels.xml
RAI World Premium,tvprofil.com,de/tvprogramm#rai-world-premium,de,UNMATCHED,,sites/tvprofil.com/tvprofil.com.channels.xml
RBB Fernsehen Berlin,tvprofil.com,at/tvprogramm#rbb-fernsehen-berlin,de,UNMATCHED,,sites/tvprofil.com/tvprofil.com.channels.xml
RBB Fernsehen Berlin,tvprofil.com,ch/tv-programm#rbb-fernsehen-berlin,de,UNMATCHED,,sites/tvprofil.com/tvprofil.com.channels.xml
RBB Fernsehen Berlin,tvprofil.com,de/tvprogramm#rbb-fernsehen-berlin,de,UNMATCHED,,sites/tvprofil.com/tvprofil.com.channels.xml
RBB Fernsehen Brandenburg,tvprofil.com,at/tvprogramm#rbb,de,UNMATCHED,,sites/tvprofil.com/tvprofil.com.channels.xml
RBB Fernsehen Brandenburg,tvprofil.com,de/tvprogramm#rbb,de,UNMATCHED,,sites/tvprofil.com/tvprofil.com.channels.xml
Red Carpet TV PL,tvprofil.com,at/tvprogramm#red-carpet-tv-pl,de,UNMATCHED,,sites/tvprofil.com/tvprofil.com.channels.xml
Red Carpet TV PL,tvprofil.com,ch/tv-programm#red-carpet-tv-pl,de,UNMATCHED,,sites/tvprofil.com/tvprofil.com.channels.xml
Red Carpet TV PL,tvprofil.com,de/tvprogramm#red-carpet-tv-pl,de,UNMATCHED,,sites/tvprofil.com/tvprofil.com.channels.xml
Rete 4,tvprofil.com,ch/tv-programm#rete-4,de,AMBIGUOUS,Rete4.it@HD;Rete4.it@SD,sites/tvprofil.com/tvprofil.com.channels.xml
RiC DE,tvprofil.com,at/tvprogramm#ric-de,de,UNMATCHED,,sites/tvprofil.com/tvprofil.com.channels.xml
RiC DE,tvprofil.com,ch/tv-programm#ric-de,de,UNMATCHED,,sites/tvprofil.com/tvprofil.com.channels.xml
RiC DE,tvprofil.com,de/tvprogramm#ric-de,de,UNMATCHED,,sites/tvprofil.com/tvprofil.com.channels.xml
Rocket Beans TV,tvprofil.com,ch/tv-programm#rocket-beans-tv,de,UNMATCHED,,sites/tvprofil.com/tvprofil.com.channels.xml
Rocket Beans TV,tvprofil.com,de/tvprogramm#rocket-beans-tv,de,UNMATCHED,,sites/tvprofil.com/tvprofil.com.channels.xml
Romance TV,tvprofil.com,at/tvprogramm#romance-tv,de,AMBIGUOUS,RomanceTV.de@SD;RomanceTV.pl@SD,sites/tvprofil.com/tvprofil.com.channels.xml
Romance TV,tvprofil.com,ch/tv-programm#romance-tv,de,AMBIGUOUS,RomanceTV.de@SD;RomanceTV.pl@SD,sites/tvprofil.com/tvprofil.com.channels.xml
Romance TV,tvprofil.com,de/tvprogramm#romance-tv,de,AMBIGUOUS,RomanceTV.de@SD;RomanceTV.pl@SD,sites/tvprofil.com/tvprofil.com.channels.xml
Romance TV PL,tvprofil.com,at/tvprogramm#romance-tv-pl,de,UNMATCHED,,sites/tvprofil.com/tvprofil.com.channels.xml
Romance TV PL,tvprofil.com,ch/tv-programm#romance-tv-pl,de,UNMATCHED,,sites/tvprofil.com/tvprofil.com.channels.xml
Romance TV PL,tvprofil.com,de/tvprogramm#romance-tv-pl,de,UNMATCHED,,sites/tvprofil.com/tvprofil.com.channels.xml
RTK 1,tvprofil.com,ch/tv-programm#rtk-1,de,AMBIGUOUS,RTK1.xk@SD;RTK1Sat.xk@SD,sites/tvprofil.com/tvprofil.com.channels.xml
RTK 1,tvprofil.com,de/tvprogramm#rtk-1,de,AMBIGUOUS,RTK1.xk@SD;RTK1Sat.xk@SD,sites/tvprofil.com/tvprofil.com.channels.xml
RTL Crime DE,tvprofil.com,at/tvprogramm#rtl-crime-de,de,UNMATCHED,,sites/tvprofil.com/tvprofil.com.channels.xml
RTL Crime DE,tvprofil.com,ch/tv-programm#rtl-crime-de,de,UNMATCHED,,sites/tvprofil.com/tvprofil.com.channels.xml
RTL Crime DE,tvprofil.com,de/tvprogramm#rtl-crime-de,de,UNMATCHED,,sites/tvprofil.com/tvprofil.com.channels.xml
RTL Croatia World,tvprofil.com,at/tvprogramm#rtl-croworld,de,UNMATCHED,,sites/tvprofil.com/tvprofil.com.channels.xml
RTL Living DE,tvprofil.com,at/tvprogramm#rtl-living-de,de,UNMATCHED,,sites/tvprofil.com/tvprofil.com.channels.xml
RTL Living DE,tvprofil.com,de/tvprogramm#rtl-living-de,de,UNMATCHED,,sites/tvprofil.com/tvprofil.com.channels.xml
RTL Passion DE,tvprofil.com,at/tvprogramm#rtl-passion-de,de,UNMATCHED,,sites/tvprofil.com/tvprofil.com.channels.xml
RTL Passion DE,tvprofil.com,de/tvprogramm#rtl-passion-de,de,UNMATCHED,,sites/tvprofil.com/tvprofil.com.channels.xml
RTP Internacional,tvprofil.com,ch/tv-programm#rtpi,de,UNMATCHED,,sites/tvprofil.com/tvprofil.com.channels.xml
RTS 2 Suisse,tvprofil.com,ch/tv-programm#rts-deux,de,UNMATCHED,,sites/tvprofil.com/tvprofil.com.channels.xml
Russia Today,tvprofil.com,ch/tv-programm#russia-today,de,AMBIGUOUS,RT.ru@SD;RTIndia.in@HD;RTenEspanol.ru@SD,sites/tvprofil.com/tvprofil.com.channels.xml
Russia Today,tvprofil.com,de/tvprogramm#russia-today,de,AMBIGUOUS,RT.ru@SD;RTIndia.in@HD;RTenEspanol.ru@SD,sites/tvprofil.com/tvprofil.com.channels.xml
S1 CH,tvprofil.com,at/tvprogramm#s1-tv-ch,de,UNMATCHED,,sites/tvprofil.com/tvprofil.com.channels.xml
S1 CH,tvprofil.com,ch/tv-programm#s1-tv-ch,de,UNMATCHED,,sites/tvprofil.com/tvprofil.com.channels.xml
S1 CH,tvprofil.com,de/tvprogramm#s1-tv-ch,de,UNMATCHED,,sites/tvprofil.com/tvprofil.com.channels.xml
Sat.1 Österreich,tvprofil.com,at/tvprogramm#sat-1-at,de,UNMATCHED,,sites/tvprofil.com/tvprofil.com.channels.xml
Sat.1 Österreich,tvprofil.com,ch/tv-programm#sat-1-at,de,UNMATCHED,,sites/tvprofil.com/tvprofil.com.channels.xml
Sat.1 Österreich,tvprofil.com,de/tvprogramm#sat-1-at,de,UNMATCHED,,sites/tvprofil.com/tvprofil.com.channels.xml
Show Türk,tvprofil.com,ch/tv-programm#show-turk,de,AMBIGUOUS,ShowTV.tr@SD;ShowTurk.tr@SD;ShowTürk.me,sites/tvprofil.com/tvprofil.com.channels.xml
Show Türk,tvprofil.com,de/tvprogramm#show-turk,de,AMBIGUOUS,ShowTV.tr@SD;ShowTurk.tr@SD;ShowTürk.me,sites/tvprofil.com/tvprofil.com.channels.xml
SIC,tvprofil.com,ch/tv-programm#sic,de,AMBIGUOUS,SIC.pt@HD;SIC.pt@SD;SICInternacional.pt@SD,sites/tvprofil.com/tvprofil.com.channels.xml
SIC,tvprofil.com,de/tvprogramm#sic,de,AMBIGUOUS,SIC.pt@HD;SIC.pt@SD;SICInternacional.pt@SD,sites/tvprofil.com/tvprofil.com.channels.xml
SIC Noticias,tvprofil.com,ch/tv-programm#sic-noticias,de,AMBIGUOUS,SICNoticias.pt@HD;SICNoticias.pt@SD,sites/tvprofil.com/tvprofil.com.channels.xml
SIC Noticias,tvprofil.com,de/tvprogramm#sic-noticias,de,AMBIGUOUS,SICNoticias.pt@HD;SICNoticias.pt@SD,sites/tvprofil.com/tvprofil.com.channels.xml
Silverline Movie Channel,tvprofil.com,de/tvprogramm#silverline-tv,de,UNMATCHED,,sites/tvprofil.com/tvprofil.com.channels.xml
SinemaTV,tvprofil.com,at/tvprogramm#sinematv,de,UNMATCHED,,sites/tvprofil.com/tvprofil.com.channels.xml
SinemaTV,tvprofil.com,ch/tv-programm#sinematv,de,UNMATCHED,,sites/tvprofil.com/tvprofil.com.channels.xml
SinemaTV,tvprofil.com,de/tvprogramm#sinematv,de,UNMATCHED,,sites/tvprofil.com/tvprofil.com.channels.xml
SinemaTV 1001,tvprofil.com,at/tvprogramm#sinema-1001,de,UNMATCHED,,sites/tvprofil.com/tvprofil.com.channels.xml
SinemaTV 1001,tvprofil.com,ch/tv-programm#sinema-1001,de,UNMATCHED,,sites/tvprofil.com/tvprofil.com.channels.xml
SinemaTV 1001,tvprofil.com,de/tvprogramm#sinema-1001,de,UNMATCHED,,sites/tvprofil.com/tvprofil.com.channels.xml
SinemaTV 1002,tvprofil.com,at/tvprogramm#sinema-1002,de,UNMATCHED,,sites/tvprofil.com/tvprofil.com.channels.xml
SinemaTV 1002,tvprofil.com,ch/tv-programm#sinema-1002,de,UNMATCHED,,sites/tvprofil.com/tvprofil.com.channels.xml
SinemaTV 1002,tvprofil.com,de/tvprogramm#sinema-1002,de,UNMATCHED,,sites/tvprofil.com/tvprofil.com.channels.xml
SinemaTV 2,tvprofil.com,at/tvprogramm#sinema-2,de,UNMATCHED,,sites/tvprofil.com/tvprofil.com.channels.xml
SinemaTV 2,tvprofil.com,ch/tv-programm#sinema-2,de,UNMATCHED,,sites/tvprofil.com/tvprofil.com.channels.xml
SinemaTV 2,tvprofil.com,de/tvprogramm#sinema-2,de,UNMATCHED,,sites/tvprofil.com/tvprofil.com.channels.xml
SinemaTV Aile,tvprofil.com,at/tvprogramm#sinema-aile,de,UNMATCHED,,sites/tvprofil.com/tvprofil.com.channels.xml
SinemaTV Aile,tvprofil.com,ch/tv-programm#sinema-aile,de,UNMATCHED,,sites/tvprofil.com/tvprofil.com.channels.xml
SinemaTV Aile,tvprofil.com,de/tvprogramm#sinema-aile,de,UNMATCHED,,sites/tvprofil.com/tvprofil.com.channels.xml
SinemaTV Aile 2,tvprofil.com,at/tvprogramm#sinema-aile-2,de,UNMATCHED,,sites/tvprofil.com/tvprofil.com.channels.xml
SinemaTV Aile 2,tvprofil.com,ch/tv-programm#sinema-aile-2,de,UNMATCHED,,sites/tvprofil.com/tvprofil.com.channels.xml
SinemaTV Aile 2,tvprofil.com,de/tvprogramm#sinema-aile-2,de,UNMATCHED,,sites/tvprofil.com/tvprofil.com.channels.xml
SinemaTV Aksiyon,tvprofil.com,at/tvprogramm#sinema-aksiyon,de,UNMATCHED,,sites/tvprofil.com/tvprofil.com.channels.xml
SinemaTV Aksiyon,tvprofil.com,ch/tv-programm#sinema-aksiyon,de,UNMATCHED,,sites/tvprofil.com/tvprofil.com.channels.xml
SinemaTV Aksiyon,tvprofil.com,de/tvprogramm#sinema-aksiyon,de,UNMATCHED,,sites/tvprofil.com/tvprofil.com.channels.xml
SinemaTV Aksiyon 2,tvprofil.com,at/tvprogramm#sinema-aksiyon-2,de,UNMATCHED,,sites/tvprofil.com/tvprofil.com.channels.xml
SinemaTV Aksiyon 2,tvprofil.com,ch/tv-programm#sinema-aksiyon-2,de,UNMATCHED,,sites/tvprofil.com/tvprofil.com.channels.xml
SinemaTV Aksiyon 2,tvprofil.com,de/tvprogramm#sinema-aksiyon-2,de,UNMATCHED,,sites/tvprofil.com/tvprofil.com.channels.xml
SinemaTV Komedi,tvprofil.com,at/tvprogramm#sinema-komedi,de,UNMATCHED,,sites/tvprofil.com/tvprofil.com.channels.xml
SinemaTV Komedi,tvprofil.com,ch/tv-programm#sinema-komedi,de,UNMATCHED,,sites/tvprofil.com/tvprofil.com.channels.xml
SinemaTV Komedi,tvprofil.com,de/tvprogramm#sinema-komedi,de,UNMATCHED,,sites/tvprofil.com/tvprofil.com.channels.xml
SinemaTV Komedi 2,tvprofil.com,at/tvprogramm#sinema-komedi-2,de,UNMATCHED,,sites/tvprofil.com/tvprofil.com.channels.xml
SinemaTV Komedi 2,tvprofil.com,ch/tv-programm#sinema-komedi-2,de,UNMATCHED,,sites/tvprofil.com/tvprofil.com.channels.xml
SinemaTV Komedi 2,tvprofil.com,de/tvprogramm#sinema-komedi-2,de,UNMATCHED,,sites/tvprofil.com/tvprofil.com.channels.xml
SinemaTV Yerli,tvprofil.com,at/tvprogramm#sinema-yerli,de,UNMATCHED,,sites/tvprofil.com/tvprofil.com.channels.xml
SinemaTV Yerli,tvprofil.com,ch/tv-programm#sinema-yerli,de,UNMATCHED,,sites/tvprofil.com/tvprofil.com.channels.xml
SinemaTV Yerli,tvprofil.com,de/tvprogramm#sinema-yerli,de,UNMATCHED,,sites/tvprofil.com/tvprofil.com.channels.xml
SinemaTV Yerli 2,tvprofil.com,at/tvprogramm#sinema-yerli-2,de,UNMATCHED,,sites/tvprofil.com/tvprofil.com.channels.xml
SinemaTV Yerli 2,tvprofil.com,ch/tv-programm#sinema-yerli-2,de,UNMATCHED,,sites/tvprofil.com/tvprofil.com.channels.xml
SinemaTV Yerli 2,tvprofil.com,de/tvprogramm#sinema-yerli-2,de,UNMATCHED,,sites/tvprofil.com/tvprofil.com.channels.xml
Sixx,tvprofil.com,at/tvprogramm#sixx,de,AMBIGUOUS,sixx.de@SD;sixxAustria.at@SD,sites/tvprofil.com/tvprofil.com.channels.xml
Sixx,tvprofil.com,ch/tv-programm#sixx,de,AMBIGUOUS,sixx.de@SD;sixxAustria.at@SD,sites/tvprofil.com/tvprofil.com.channels.xml
Sixx,tvprofil.com,de/tvprogramm#sixx,de,AMBIGUOUS,sixx.de@SD;sixxAustria.at@SD,sites/tvprofil.com/tvprofil.com.channels.xml
Sixx AT,tvprofil.com,at/tvprogramm#sixx-at,de,UNMATCHED,,sites/tvprofil.com/tvprofil.com.channels.xml
Sixx AT,tvprofil.com,ch/tv-programm#sixx-at,de,UNMATCHED,,sites/tvprofil.com/tvprofil.com.channels.xml
Sixx AT,tvprofil.com,de/tvprogramm#sixx-at,de,UNMATCHED,,sites/tvprofil.com/tvprofil.com.channels.xml
Sky 1 DE,tvprofil.com,at/tvprogramm#sky-1-de,de,UNMATCHED,,sites/tvprofil.com/tvprofil.com.channels.xml
Sky 1 DE,tvprofil.com,de/tvprogramm#sky-1-de,de,UNMATCHED,,sites/tvprofil.com/tvprofil.com.channels.xml
Sky Atlantic DE,tvprofil.com,at/tvprogramm#sky-atlantic-de,de,UNMATCHED,,sites/tvprofil.com/tvprofil.com.channels.xml
Sky Atlantic DE,tvprofil.com,de/tvprogramm#sky-atlantic-de,de,UNMATCHED,,sites/tvprofil.com/tvprofil.com.channels.xml
Sky Cinema Action DE,tvprofil.com,at/tvprogramm#sky-cinema-action-de,de,UNMATCHED,,sites/tvprofil.com/tvprofil.com.channels.xml
Sky Cinema Action DE,tvprofil.com,de/tvprogramm#sky-cinema-action-de,de,UNMATCHED,,sites/tvprofil.com/tvprofil.com.channels.xml
Sky Cinema Best Of DE,tvprofil.com,de/tvprogramm#sky-cinema-best-of-de,de,UNMATCHED,,sites/tvprofil.com/tvprofil.com.channels.xml
Sky Cinema Classics DE,tvprofil.com,at/tvprogramm#sky-cinema-classics-de,de,UNMATCHED,,sites/tvprofil.com/tvprofil.com.channels.xml
Sky Cinema Classics DE,tvprofil.com,de/tvprogramm#sky-cinema-classics-de,de,UNMATCHED,,sites/tvprofil.com/tvprofil.com.channels.xml
Sky Cinema Family DE,tvprofil.com,at/tvprogramm#sky-cinema-family-de,de,UNMATCHED,,sites/tvprofil.com/tvprofil.com.channels.xml
Sky Cinema Family DE,tvprofil.com,de/tvprogramm#sky-cinema-family-de,de,UNMATCHED,,sites/tvprofil.com/tvprofil.com.channels.xml
Sky Cinema Fun DE,tvprofil.com,de/tvprogramm#sky-cinema-comedy-de,de,UNMATCHED,,sites/tvprofil.com/tvprofil.com.channels.xml
Sky Cinema Premieren,tvprofil.com,de/tvprogramm#sky-premieren,de,UNMATCHED,,sites/tvprofil.com/tvprofil.com.channels.xml
Sky Krimi DE,tvprofil.com,at/tvprogramm#sky-krimi-de,de,UNMATCHED,,sites/tvprofil.com/tvprofil.com.channels.xml
Sky Krimi DE,tvprofil.com,ch/tv-programm#sky-krimi-de,de,UNMATCHED,,sites/tvprofil.com/tvprofil.com.channels.xml
Sky Krimi DE,tvprofil.com,de/tvprogramm#sky-krimi-de,de,UNMATCHED,,sites/tvprofil.com/tvprofil.com.channels.xml
Sky Nature DE,tvprofil.com,de/tvprogramm#sky-nature-de,de,UNMATCHED,,sites/tvprofil.com/tvprofil.com.channels.xml
Sky News,tvprofil.com,at/tvprogramm#skynews,de,AMBIGUOUS,SkyNews.ie@SD;SkyNews.uk@SD;SkyNewsAustralia.au@SD;SkyNewsInternational.uk@SD;SkyNewsNewZealand.nz@SD,sites/tvprofil.com/tvprofil.com.channels.xml
Sky News,tvprofil.com,ch/tv-programm#skynews,de,AMBIGUOUS,SkyNews.ie@SD;SkyNews.uk@SD;SkyNewsAustralia.au@SD;SkyNewsInternational.uk@SD;SkyNewsNewZealand.nz@SD,sites/tvprofil.com/tvprofil.com.channels.xml
Sky Sport 1 DE,tvprofil.com,at/tvprogramm#sky-sport-1-de,de,UNMATCHED,,sites/tvprofil.com/tvprofil.com.channels.xml
Sky Sport 1 DE,tvprofil.com,de/tvprogramm#sky-sport-1-de,de,UNMATCHED,,sites/tvprofil.com/tvprofil.com.channels.xml
Sky Sport 10 DE,tvprofil.com,at/tvprogramm#sky-sport-10-de,de,UNMATCHED,,sites/tvprofil.com/tvprofil.com.channels.xml
Sky Sport 10 DE,tvprofil.com,de/tvprogramm#sky-sport-10-de,de,UNMATCHED,,sites/tvprofil.com/tvprofil.com.channels.xml
Sky Sport 3 DE,tvprofil.com,at/tvprogramm#sky-sport-3-de,de,UNMATCHED,,sites/tvprofil.com/tvprofil.com.channels.xml
Sky Sport 3 DE,tvprofil.com,de/tvprogramm#sky-sport-3-de,de,UNMATCHED,,sites/tvprofil.com/tvprofil.com.channels.xml
Sky Sport 4 DE,tvprofil.com,at/tvprogramm#sky-sport-4-de,de,UNMATCHED,,sites/tvprofil.com/tvprofil.com.channels.xml
Sky Sport 4 DE,tvprofil.com,de/tvprogramm#sky-sport-4-de,de,UNMATCHED,,sites/tvprofil.com/tvprofil.com.channels.xml
Sky Sport 5 DE,tvprofil.com,at/tvprogramm#sky-sport-5-de,de,UNMATCHED,,sites/tvprofil.com/tvprofil.com.channels.xml
Sky Sport 5 DE,tvprofil.com,de/tvprogramm#sky-sport-5-de,de,UNMATCHED,,sites/tvprofil.com/tvprofil.com.channels.xml
Sky Sport 6 DE,tvprofil.com,at/tvprogramm#sky-sport-6-de,de,UNMATCHED,,sites/tvprofil.com/tvprofil.com.channels.xml
Sky Sport 6 DE,tvprofil.com,de/tvprogramm#sky-sport-6-de,de,UNMATCHED,,sites/tvprofil.com/tvprofil.com.channels.xml
Sky Sport 7 DE,tvprofil.com,at/tvprogramm#sky-sport-7-de,de,UNMATCHED,,sites/tvprofil.com/tvprofil.com.channels.xml
Sky Sport 7 DE,tvprofil.com,de/tvprogramm#sky-sport-7-de,de,UNMATCHED,,sites/tvprofil.com/tvprofil.com.channels.xml
Sky Sport 8 DE,tvprofil.com,at/tvprogramm#sky-sport-8-de,de,UNMATCHED,,sites/tvprofil.com/tvprofil.com.channels.xml
Sky Sport 8 DE,tvprofil.com,de/tvprogramm#sky-sport-8-de,de,UNMATCHED,,sites/tvprofil.com/tvprofil.com.channels.xml
Sky Sport 9 DE,tvprofil.com,at/tvprogramm#sky-sport-9-de,de,UNMATCHED,,sites/tvprofil.com/tvprofil.com.channels.xml
Sky Sport 9 DE,tvprofil.com,de/tvprogramm#sky-sport-9-de,de,UNMATCHED,,sites/tvprofil.com/tvprofil.com.channels.xml
Sky Sport Bundesliga 8,tvprofil.com,de/tvprogramm#sky-sport-bundesliga-8,de,AMBIGUOUS,SkySportBundesliga8.de@SD;SkySportBundesliga9.de@SD,sites/tvprofil.com/tvprofil.com.channels.xml
Sky Sport Bundesliga 9,tvprofil.com,de/tvprogramm#sky-sport-bundesliga-9,de,AMBIGUOUS,SkySportBundesliga10.de@SD;SkySportBundesliga9.de@SD,sites/tvprofil.com/tvprofil.com.channels.xml
Sky Sport Mix DE,tvprofil.com,de/tvprogramm#sky-sport-mix-de,de,UNMATCHED,,sites/tvprofil.com/tvprofil.com.channels.xml
Sky Sport News DE,tvprofil.com,at/tvprogramm#sky-sport-news-de,de,UNMATCHED,,sites/tvprofil.com/tvprofil.com.channels.xml
Sky Sport News DE,tvprofil.com,de/tvprogramm#sky-sport-news-de,de,UNMATCHED,,sites/tvprofil.com/tvprofil.com.channels.xml
Sky Sport Premier League DE,tvprofil.com,de/tvprogramm#sky-sport-premier-league-de,de,UNMATCHED,,sites/tvprofil.com/tvprofil.com.channels.xml
SonLife,tvprofil.com,ch/tv-programm#sonlife,de,AMBIGUOUS,SBNTV.au@SD;SBNTVInternational.us@SD,sites/tvprofil.com/tvprofil.com.channels.xml
Sport 1 plus DE,tvprofil.com,at/tvprogramm#sport-1-plus-de,de,UNMATCHED,,sites/tvprofil.com/tvprofil.com.channels.xml
Sport 1 plus DE,tvprofil.com,ch/tv-programm#sport-1-plus-de,de,UNMATCHED,,sites/tvprofil.com/tvprofil.com.channels.xml
Sport 1 plus DE,tvprofil.com,de/tvprogramm#sport-1-plus-de,de,UNMATCHED,,sites/tvprofil.com/tvprofil.com.channels.xml
Sundance TV PL,tvprofil.com,at/tvprogramm#sundance-tv-pl,de,UNMATCHED,,sites/tvprofil.com/tvprofil.com.channels.xml
Sundance TV PL,tvprofil.com,ch/tv-programm#sundance-tv-pl,de,UNMATCHED,,sites/tvprofil.com/tvprofil.com.channels.xml
Sundance TV PL,tvprofil.com,de/tvprogramm#sundance-tv-pl,de,UNMATCHED,,sites/tvprofil.com/tvprofil.com.channels.xml
Super RTL,tvprofil.com,at/tvprogramm#super-rtl,de,AMBIGUOUS,CartoonitoMENA.uk@SD;RTLSuper.de@SD;SuperRTL.pt@SD,sites/tvprofil.com/tvprofil.com.channels.xml
Super RTL,tvprofil.com,ch/tv-programm#super-rtl,de,AMBIGUOUS,CartoonitoMENA.uk@SD;RTLSuper.de@SD;SuperRTL.pt@SD,sites/tvprofil.com/tvprofil.com.channels.xml
Super RTL,tvprofil.com,de/tvprogramm#super-rtl,de,AMBIGUOUS,CartoonitoMENA.uk@SD;RTLSuper.de@SD;SuperRTL.pt@SD,sites/tvprofil.com/tvprofil.com.channels.xml
Super!,tvprofil.com,ch/tv-programm#super,de,AMBIGUOUS,Rete4.it@SD;Super.it@SD;SuperPlus.ua@SD,sites/tvprofil.com/tvprofil.com.channels.xml
Swiss1 TV,tvprofil.com,ch/tv-programm#swiss1-tv,de,UNMATCHED,,sites/tvprofil.com/tvprofil.com.channels.xml
SWR,tvprofil.com,at/tvprogramm#swr,de,AMBIGUOUS,SWRFernsehenBadenWurttemberg.de@SD;SWRFernsehenHD.de@SD,sites/tvprofil.com/tvprofil.com.channels.xml
SWR,tvprofil.com,ch/tv-programm#swr,de,AMBIGUOUS,SWRFernsehenBadenWurttemberg.de@SD;SWRFernsehenHD.de@SD,sites/tvprofil.com/tvprofil.com.channels.xml
SWR,tvprofil.com,de/tvprogramm#swr,de,AMBIGUOUS,SWRFernsehenBadenWurttemberg.de@SD;SWRFernsehenHD.de@SD,sites/tvprofil.com/tvprofil.com.channels.xml
SWR Baden-Württemberg,tvprofil.com,at/tvprogramm#swr-baden-wurttemberg,de,UNMATCHED,,sites/tvprofil.com/tvprofil.com.channels.xml
SWR Baden-Württemberg,tvprofil.com,ch/tv-programm#swr-baden-wurttemberg,de,UNMATCHED,,sites/tvprofil.com/tvprofil.com.channels.xml
SWR Baden-Württemberg,tvprofil.com,de/tvprogramm#swr-baden-wurttemberg,de,UNMATCHED,,sites/tvprofil.com/tvprofil.com.channels.xml
SWR1 Baden-Württemberg,tvprofil.com,de/tvprogramm#swr1-baden-wurttemberg,de,UNMATCHED,,sites/tvprofil.com/tvprofil.com.channels.xml
Syfy HD DE,tvprofil.com,at/tvprogramm#syfy-de,de,UNMATCHED,,sites/tvprofil.com/tvprofil.com.channels.xml
Syfy HD DE,tvprofil.com,de/tvprogramm#syfy-de,de,UNMATCHED,,sites/tvprofil.com/tvprofil.com.channels.xml
TAY TV,tvprofil.com,at/tvprogramm#tay-tv,de,UNMATCHED,,sites/tvprofil.com/tvprofil.com.channels.xml
TAY TV,tvprofil.com,ch/tv-programm#tay-tv,de,UNMATCHED,,sites/tvprofil.com/tvprofil.com.channels.xml
TAY TV,tvprofil.com,de/tvprogramm#tay-tv,de,UNMATCHED,,sites/tvprofil.com/tvprofil.com.channels.xml
TBN Polska HD,tvprofil.com,at/tvprogramm#tbn-polska,de,UNMATCHED,,sites/tvprofil.com/tvprofil.com.channels.xml
TBN Polska HD,tvprofil.com,ch/tv-programm#tbn-polska,de,UNMATCHED,,sites/tvprofil.com/tvprofil.com.channels.xml
TBN Polska HD,tvprofil.com,de/tvprogramm#tbn-polska,de,UNMATCHED,,sites/tvprofil.com/tvprofil.com.channels.xml
TELE 1,tvprofil.com,ch/tv-programm#tele-1,de,AMBIGUOUS,Tele1.ch@SD;Tele1.tr@SD,sites/tvprofil.com/tvprofil.com.channels.xml
Tele 5 DE,tvprofil.com,at/tvprogramm#tele-5-de,de,UNMATCHED,,sites/tvprofil.com/tvprofil.com.channels.xml
Tele 5 DE,tvprofil.com,ch/tv-programm#tele-5-de,de,UNMATCHED,,sites/tvprofil.com/tvprofil.com.channels.xml
Tele 5 DE,tvprofil.com,de/tvprogramm#tele-5-de,de,UNMATCHED,,sites/tvprofil.com/tvprofil.com.channels.xml
Tele Zürich,tvprofil.com,at/tvprogramm#telezuri,de,UNMATCHED,,sites/tvprofil.com/tvprofil.com.channels.xml
Tele Zürich,tvprofil.com,ch/tv-programm#telezuri,de,UNMATCHED,,sites/tvprofil.com/tvprofil.com.channels.xml
Tele Zürich,tvprofil.com,de/tvprogramm#telezuri,de,UNMATCHED,,sites/tvprofil.com/tvprofil.com.channels.xml
Televizioni 7,tvprofil.com,de/tvprogramm#t7,de,UNMATCHED,,sites/tvprofil.com/tvprofil.com.channels.xml
Telewizja 13,tvprofil.com,at/tvprogramm#13-tv,de,UNMATCHED,,sites/tvprofil.com/tvprofil.com.channels.xml
Telewizja 13,tvprofil.com,ch/tv-programm#13-tv,de,UNMATCHED,,sites/tvprofil.com/tvprofil.com.channels.xml
Telewizja 13,tvprofil.com,de/tvprogramm#13-tv,de,UNMATCHED,,sites/tvprofil.com/tvprofil.com.channels.xml
teve2 TR,tvprofil.com,at/tvprogramm#tv-2-tr,de,UNMATCHED,,sites/tvprofil.com/tvprofil.com.channels.xml
teve2 TR,tvprofil.com,ch/tv-programm#tv-2-tr,de,UNMATCHED,,sites/tvprofil.com/tvprofil.com.channels.xml
teve2 TR,tvprofil.com,de/tvprogramm#tv-2-tr,de,UNMATCHED,,sites/tvprofil.com/tvprofil.com.channels.xml
TFX,tvprofil.com,ch/tv-programm#tfx,de,AMBIGUOUS,TFX.fr@SD;TFXSwitzerland.ch@SD,sites/tvprofil.com/tvprofil.com.channels.xml
The Nautical Channel,tvprofil.com,at/tvprogramm#nautical-channel,de,UNMATCHED,,sites/tvprofil.com/tvprofil.com.channels.xml
The Nautical Channel,tvprofil.com,ch/tv-programm#nautical-channel,de,UNMATCHED,,sites/tvprofil.com/tvprofil.com.channels.xml
TiJi,tvprofil.com,de/tvprogramm#tiji,de,AMBIGUOUS,TiJi.fr@SD;TiJi.ru@SD,sites/tvprofil.com/tvprofil.com.channels.xml
Tivibu Spor,tvprofil.com,at/tvprogramm#tivibu-spor,de,UNMATCHED,,sites/tvprofil.com/tvprofil.com.channels.xml
Tivibu Spor,tvprofil.com,ch/tv-programm#tivibu-spor,de,UNMATCHED,,sites/tvprofil.com/tvprofil.com.channels.xml
Tivibu Spor,tvprofil.com,de/tvprogramm#tivibu-spor,de,UNMATCHED,,sites/tvprofil.com/tvprofil.com.channels.xml
TLC DE,tvprofil.com,at/tvprogramm#tlc-de,de,UNMATCHED,,sites/tvprofil.com/tvprofil.com.channels.xml
TLC DE,tvprofil.com,ch/tv-programm#tlc-de,de,UNMATCHED,,sites/tvprofil.com/tvprofil.com.channels.xml
TLC DE,tvprofil.com,de/tvprogramm#tlc-de,de,UNMATCHED,,sites/tvprofil.com/tvprofil.com.channels.xml
Trace Urban,tvprofil.com,ch/tv-programm#trace-urban,de,AMBIGUOUS,TraceUrban.fr@SD;TraceUrban.pt@HD,sites/tvprofil.com/tvprofil.com.channels.xml
TRT Diyanet,tvprofil.com,at/tvprogramm#trt-diyanet,de,UNMATCHED,,sites/tvprofil.com/tvprofil.com.channels.xml
TRT Diyanet,tvprofil.com,ch/tv-programm#trt-diyanet,de,UNMATCHED,,sites/tvprofil.com/tvprofil.com.channels.xml
TRT Diyanet,tvprofil.com,de/tvprogramm#trt-diyanet,de,UNMATCHED,,sites/tvprofil.com/tvprofil.com.channels.xml
TRT EBA TV İlkokul,tvprofil.com,at/tvprogramm#trt-eba-tv-ilkokul,de,UNMATCHED,,sites/tvprofil.com/tvprofil.com.channels.xml
TRT EBA TV İlkokul,tvprofil.com,ch/tv-programm#trt-eba-tv-ilkokul,de,UNMATCHED,,sites/tvprofil.com/tvprofil.com.channels.xml
TRT EBA TV İlkokul,tvprofil.com,de/tvprogramm#trt-eba-tv-ilkokul,de,UNMATCHED,,sites/tvprofil.com/tvprofil.com.channels.xml
TRT EBA TV Lise,tvprofil.com,at/tvprogramm#trt-eba-tv-lise,de,UNMATCHED,,sites/tvprofil.com/tvprofil.com.channels.xml
TRT EBA TV Lise,tvprofil.com,ch/tv-programm#trt-eba-tv-lise,de,UNMATCHED,,sites/tvprofil.com/tvprofil.com.channels.xml
TRT EBA TV Lise,tvprofil.com,de/tvprogramm#trt-eba-tv-lise,de,UNMATCHED,,sites/tvprofil.com/tvprofil.com.channels.xml
TRT Haber,tvprofil.com,at/tvprogramm#trt-haber,de,AMBIGUOUS,TRTHaber.me;TRTHaber.tr@SD,sites/tvprofil.com/tvprofil.com.channels.xml
TRT Haber,tvprofil.com,ch/tv-programm#trt-haber,de,AMBIGUOUS,TRTHaber.me;TRTHaber.tr@SD,sites/tvprofil.com/tvprofil.com.channels.xml
TRT Haber,tvprofil.com,de/tvprogramm#trt-haber,de,AMBIGUOUS,TRTHaber.me;TRTHaber.tr@SD,sites/tvprofil.com/tvprofil.com.channels.xml
TV 4,tvprofil.com,at/tvprogramm#tv-4,de,AMBIGUOUS,TV4.pl@SD;TV4.tr@SD,sites/tvprofil.com/tvprofil.com.channels.xml
TV 4,tvprofil.com,de/tvprogramm#tv-4,de,AMBIGUOUS,TV4.pl@SD;TV4.tr@SD,sites/tvprofil.com/tvprofil.com.channels.xml
TV 8 TR,tvprofil.com,ch/tv-programm#tv-8,de,UNMATCHED,,sites/tvprofil.com/tvprofil.com.channels.xml
TV 8 TR,tvprofil.com,de/tvprogramm#tv-8,de,UNMATCHED,,sites/tvprofil.com/tvprofil.com.channels.xml
TV Now DE,tvprofil.com,de/tvprogramm#tv-now-de,de,UNMATCHED,,sites/tvprofil.com/tvprofil.com.channels.xml
TV PINK EXTRA,tvprofil.com,at/tvprogramm#pink-extra,de,UNMATCHED,,sites/tvprofil.com/tvprofil.com.channels.xml
TV PINK EXTRA,tvprofil.com,ch/tv-programm#pink-extra,de,UNMATCHED,,sites/tvprofil.com/tvprofil.com.channels.xml
TV PINK EXTRA,tvprofil.com,de/tvprogramm#pink-extra,de,UNMATCHED,,sites/tvprofil.com/tvprofil.com.channels.xml
TV PINK PLUS,tvprofil.com,at/tvprogramm#pink-plus,de,UNMATCHED,,sites/tvprofil.com/tvprofil.com.channels.xml
TV PINK PLUS,tvprofil.com,ch/tv-programm#pink-plus,de,UNMATCHED,,sites/tvprofil.com/tvprofil.com.channels.xml
TV PINK PLUS,tvprofil.com,de/tvprogramm#pink-plus,de,UNMATCHED,,sites/tvprofil.com/tvprofil.com.channels.xml
TV Puls PL,tvprofil.com,at/tvprogramm#tv-puls-pl,de,UNMATCHED,,sites/tvprofil.com/tvprofil.com.channels.xml
TV Puls PL,tvprofil.com,de/tvprogramm#tv-puls-pl,de,UNMATCHED,,sites/tvprofil.com/tvprofil.com.channels.xml
TV Silesia,tvprofil.com,at/tvprogramm#tv-silesia,de,UNMATCHED,,sites/tvprofil.com/tvprofil.com.channels.xml
TV Silesia,tvprofil.com,ch/tv-programm#tv-silesia,de,UNMATCHED,,sites/tvprofil.com/tvprofil.com.channels.xml
TV Silesia,tvprofil.com,de/tvprogramm#tv-silesia,de,UNMATCHED,,sites/tvprofil.com/tvprofil.com.channels.xml
TV100 TR,tvprofil.com,at/tvprogramm#tv100-tr,de,UNMATCHED,,sites/tvprofil.com/tvprofil.com.channels.xml
TV100 TR,tvprofil.com,ch/tv-programm#tv100-tr,de,UNMATCHED,,sites/tvprofil.com/tvprofil.com.channels.xml
TV100 TR,tvprofil.com,de/tvprogramm#tv100-tr,de,UNMATCHED,,sites/tvprofil.com/tvprofil.com.channels.xml
TV5,tvprofil.com,at/tvprogramm#tv5,de,AMBIGUOUS,TV5.fi@SD;TV5.mn@SD;TV5.ph@SD;TV5.tr@SD;TV5MondeEurope.fr@SD;TV5MondeLatinAmerica.fr@SD;TV5QuebecCanada.ca@SD,sites/tvprofil.com/tvprofil.com.channels.xml
TV5,tvprofil.com,ch/tv-programm#tv5,de,AMBIGUOUS,TV5.fi@SD;TV5.mn@SD;TV5.ph@SD;TV5.tr@SD;TV5MondeEurope.fr@SD;TV5MondeLatinAmerica.fr@SD;TV5QuebecCanada.ca@SD,sites/tvprofil.com/tvprofil.com.channels.xml
TV5,tvprofil.com,de/tvprogramm#tv5,de,AMBIGUOUS,TV5.fi@SD;TV5.mn@SD;TV5.ph@SD;TV5.tr@SD;TV5MondeEurope.fr@SD;TV5MondeLatinAmerica.fr@SD;TV5QuebecCanada.ca@SD,sites/tvprofil.com/tvprofil.com.channels.xml
TV5 Monde,tvprofil.com,ch/tv-programm#tv5-monde,de,AMBIGUOUS,TV5Monde.fr@SD;TV5MondeAfrica.fr@SD;TV5MondeAsia.fr@SD;TV5MondeEurope.fr@SD;TV5MondeFranceBelgiumSwitzerlandMonaco.fr@SD;TV5MondeLatinAmerica.fr@SD,sites/tvprofil.com/tvprofil.com.channels.xml
TV5 Monde,tvprofil.com,de/tvprogramm#tv5-monde,de,AMBIGUOUS,TV5Monde.fr@SD;TV5MondeAfrica.fr@SD;TV5MondeAsia.fr@SD;TV5MondeEurope.fr@SD;TV5MondeFranceBelgiumSwitzerlandMonaco.fr@SD;TV5MondeLatinAmerica.fr@SD,sites/tvprofil.com/tvprofil.com.channels.xml
TV8 IT,tvprofil.com,ch/tv-programm#tv8-it,de,UNMATCHED,,sites/tvprofil.com/tvprofil.com.channels.xml
TV8 IT,tvprofil.com,de/tvprogramm#tv8-it,de,UNMATCHED,,sites/tvprofil.com/tvprofil.com.channels.xml
TVE Internacional,tvprofil.com,ch/tv-programm#tve,de,AMBIGUOUS,TVEInternacional.es@HD;TVEInternacionalEurope.es@SD;TVEInternacionalEuropeAsia.es@SD,sites/tvprofil.com/tvprofil.com.channels.xml
TVE Internacional,tvprofil.com,de/tvprogramm#tve,de,AMBIGUOUS,TVEInternacional.es@HD;TVEInternacionalEurope.es@SD;TVEInternacionalEuropeAsia.es@SD,sites/tvprofil.com/tvprofil.com.channels.xml
TVI,tvprofil.com,ch/tv-programm#tvi,de,AMBIGUOUS,TVI.pt@HD;TVI.pt@SD,sites/tvprofil.com/tvprofil.com.channels.xml
TVI,tvprofil.com,de/tvprogramm#tvi,de,AMBIGUOUS,TVI.pt@HD;TVI.pt@SD,sites/tvprofil.com/tvprofil.com.channels.xml
TVN,tvprofil.com,at/tvprogramm#tvn,de,AMBIGUOUS,TVN.ee@SD;TVN.pl@SD;tvN.kr@SD;tvNAsia.hk@SD,sites/tvprofil.com/tvprofil.com.channels.xml
TVP Regionalna,tvprofil.com,at/tvprogramm#tvp-regionalna,de,UNMATCHED,,sites/tvprofil.com/tvprofil.com.channels.xml
TVP Regionalna,tvprofil.com,de/tvprogramm#tvp-regionalna,de,UNMATCHED,,sites/tvprofil.com/tvprofil.com.channels.xml
TVR PL,tvprofil.com,at/tvprogramm#tvr-pl,de,UNMATCHED,,sites/tvprofil.com/tvprofil.com.channels.xml
TVR PL,tvprofil.com,ch/tv-programm#tvr-pl,de,UNMATCHED,,sites/tvprofil.com/tvprofil.com.channels.xml
TVR PL,tvprofil.com,de/tvprogramm#tvr-pl,de,UNMATCHED,,sites/tvprofil.com/tvprofil.com.channels.xml
TVT PL,tvprofil.com,at/tvprogramm#tvt-pl,de,UNMATCHED,,sites/tvprofil.com/tvprofil.com.channels.xml
TVT PL,tvprofil.com,ch/tv-programm#tvt-pl,de,UNMATCHED,,sites/tvprofil.com/tvprofil.com.channels.xml
TVT PL,tvprofil.com,de/tvprogramm#tvt-pl,de,UNMATCHED,,sites/tvprofil.com/tvprofil.com.channels.xml
Télévision française 1,tvprofil.com,ch/tv-programm#tf1,de,UNMATCHED,,sites/tvprofil.com/tvprofil.com.channels.xml
U&Dave,tvprofil.com,ch/tv-programm#dave,de,AMBIGUOUS,Dave.ie@SD;UDave.uk@SD,sites/tvprofil.com/tvprofil.com.channels.xml
U&Drama,tvprofil.com,ch/tv-programm#drama-uk,de,AMBIGUOUS,Drama.ie@SD;UDrama.uk@SD,sites/tvprofil.com/tvprofil.com.channels.xml
Universal TV DE,tvprofil.com,at/tvprogramm#universal-tv-de,de,UNMATCHED,,sites/tvprofil.com/tvprofil.com.channels.xml
Uçankuş TV,tvprofil.com,at/tvprogramm#ucankus-tv,de,UNMATCHED,,sites/tvprofil.com/tvprofil.com.channels.xml
Uçankuş TV,tvprofil.com,ch/tv-programm#ucankus-tv,de,UNMATCHED,,sites/tvprofil.com/tvprofil.com.channels.xml
Uçankuş TV,tvprofil.com,de/tvprogramm#ucankus-tv,de,UNMATCHED,,sites/tvprofil.com/tvprofil.com.channels.xml
VG TV,tvprofil.com,de/tvprogramm#vg-tv,de,UNMATCHED,,sites/tvprofil.com/tvprofil.com.channels.xml
VOX,tvprofil.com,at/tvprogramm#vox,de,AMBIGUOUS,VOX.at@SD;VOX.de@SD,sites/tvprofil.com/tvprofil.com.channels.xml
VOX,tvprofil.com,ch/tv-programm#vox,de,AMBIGUOUS,VOX.at@SD;VOX.de@SD,sites/tvprofil.com/tvprofil.com.channels.xml
VOX,tvprofil.com,de/tvprogramm#vox,de,AMBIGUOUS,VOX.at@SD;VOX.de@SD,sites/tvprofil.com/tvprofil.com.channels.xml
VOX up,tvprofil.com,ch/tv-programm#voxup,de,UNMATCHED,,sites/tvprofil.com/tvprofil.com.channels.xml
VOX up,tvprofil.com,de/tvprogramm#voxup,de,UNMATCHED,,sites/tvprofil.com/tvprofil.com.channels.xml
W9,tvprofil.com,ch/tv-programm#w9,de,AMBIGUOUS,W9.fr@SD;W9Switzerland.ch@SD,sites/tvprofil.com/tvprofil.com.channels.xml
Warner TV Comedy DE,tvprofil.com,at/tvprogramm#tnt-comedy-de,de,UNMATCHED,,sites/tvprofil.com/tvprofil.com.channels.xml
Warner TV Comedy DE,tvprofil.com,de/tvprogramm#tnt-comedy-de,de,UNMATCHED,,sites/tvprofil.com/tvprofil.com.channels.xml
Warner TV Film DE,tvprofil.com,at/tvprogramm#tnt-film-de,de,UNMATCHED,,sites/tvprofil.com/tvprofil.com.channels.xml
Warner TV Film DE,tvprofil.com,de/tvprogramm#tnt-film-de,de,UNMATCHED,,sites/tvprofil.com/tvprofil.com.channels.xml
Warner TV Serie DE,tvprofil.com,at/tvprogramm#tnt-serie-de,de,UNMATCHED,,sites/tvprofil.com/tvprofil.com.channels.xml
Warner TV Serie DE,tvprofil.com,de/tvprogramm#tnt-serie-de,de,UNMATCHED,,sites/tvprofil.com/tvprofil.com.channels.xml
WDR Fernsehen Köln,tvprofil.com,at/tvprogramm#wdr-koln,de,UNMATCHED,,sites/tvprofil.com/tvprofil.com.channels.xml
WDR Fernsehen Köln,tvprofil.com,de/tvprogramm#wdr-koln,de,UNMATCHED,,sites/tvprofil.com/tvprofil.com.channels.xml
Wetter,tvprofil.com,ch/tv-programm#wetter-com-tv,de,UNMATCHED,,sites/tvprofil.com/tvprofil.com.channels.xml
Wetter,tvprofil.com,de/tvprogramm#wetter-com-tv,de,UNMATCHED,,sites/tvprofil.com/tvprofil.com.channels.xml
Wir 24,tvprofil.com,de/tvprogramm#wir-24,de,UNMATCHED,,sites/tvprofil.com/tvprofil.com.channels.xml
Xtreme TV,tvprofil.com,at/tvprogramm#xtreme-tv,de,UNMATCHED,,sites/tvprofil.com/tvprofil.com.channels.xml
Xtreme TV,tvprofil.com,ch/tv-programm#xtreme-tv,de,UNMATCHED,,sites/tvprofil.com/tvprofil.com.channels.xml
Xtreme TV,tvprofil.com,de/tvprogramm#xtreme-tv,de,UNMATCHED,,sites/tvprofil.com/tvprofil.com.channels.xml
À Punt ES,tvprofil.com,ch/tv-programm#a-punt-es,de,UNMATCHED,,sites/tvprofil.com/tvprofil.com.channels.xml
Ülke TV,tvprofil.com,ch/tv-programm#ulke-tv,de,AMBIGUOUS,UlkeTV.tr@SD;ÜlkeTV.me,sites/tvprofil.com/tvprofil.com.channels.xml
All Romance,watch.whaletvplus.com,931186243466302962,de,UNMATCHED,,sites/watch.whaletvplus.com/watch.whaletvplus.com.channels.xml
ARTFLIX - Filmklassiker,watch.whaletvplus.com,756037372260914881,de,UNMATCHED,,sites/watch.whaletvplus.com/watch.whaletvplus.com.channels.xml
AUTO BILD TV,watch.whaletvplus.com,758912580609122639,de,UNMATCHED,,sites/watch.whaletvplus.com/watch.whaletvplus.com.channels.xml
Computer BILD,watch.whaletvplus.com,804626781734313105,de,UNMATCHED,,sites/watch.whaletvplus.com/watch.whaletvplus.com.channels.xml
Crimify,watch.whaletvplus.com,931186243466302963,de,UNMATCHED,,sites/watch.whaletvplus.com/watch.whaletvplus.com.channels.xml
DDR TV-Archiv,watch.whaletvplus.com,865833588896571654,de,UNMATCHED,,sites/watch.whaletvplus.com/watch.whaletvplus.com.channels.xml
Deluxe DeutschPop,watch.whaletvplus.com,865834601133250882,de,UNMATCHED,,sites/watch.whaletvplus.com/watch.whaletvplus.com.channels.xml
Fabella,watch.whaletvplus.com,868726573804161919,de,UNMATCHED,,sites/watch.whaletvplus.com/watch.whaletvplus.com.channels.xml
Fantasja,watch.whaletvplus.com,840428589999988645,de,UNMATCHED,,sites/watch.whaletvplus.com/watch.whaletvplus.com.channels.xml
Grjngo - Westernfilme,watch.whaletvplus.com,804646250888168649,de,UNMATCHED,,sites/watch.whaletvplus.com/watch.whaletvplus.com.channels.xml
Herzfrequenz,watch.whaletvplus.com,967946649035481281,de,UNMATCHED,,sites/watch.whaletvplus.com/watch.whaletvplus.com.channels.xml
Höhenrausch,watch.whaletvplus.com,869188811966976573,de,UNMATCHED,,sites/watch.whaletvplus.com/watch.whaletvplus.com.channels.xml
Just Cooking,watch.whaletvplus.com,345233088991267357,de,UNMATCHED,,sites/watch.whaletvplus.com/watch.whaletvplus.com.channels.xml
just.fishing,watch.whaletvplus.com,345232551755455753,de,UNMATCHED,,sites/watch.whaletvplus.com/watch.whaletvplus.com.channels.xml
Moconomy - Wirtschaft und Finanzen,watch.whaletvplus.com,840432427301603610,de,UNMATCHED,,sites/watch.whaletvplus.com/watch.whaletvplus.com.channels.xml
Motorvision Classic,watch.whaletvplus.com,910029942321318186,de,UNMATCHED,,sites/watch.whaletvplus.com/watch.whaletvplus.com.channels.xml
Netzkino,watch.whaletvplus.com,345225226613301910,de,UNMATCHED,,sites/watch.whaletvplus.com/watch.whaletvplus.com.channels.xml
One Terra,watch.whaletvplus.com,869189701360756267,de,UNMATCHED,,sites/watch.whaletvplus.com/watch.whaletvplus.com.channels.xml
Royalworld - Adel & Dynastien,watch.whaletvplus.com,840434840314060200,de,UNMATCHED,,sites/watch.whaletvplus.com/watch.whaletvplus.com.channels.xml
Sooner: Coming of Age,watch.whaletvplus.com,1034986045911343817,de,UNMATCHED,,sites/watch.whaletvplus.com/watch.whaletvplus.com.channels.xml
Sooner: Next Gen,watch.whaletvplus.com,1034986045911343818,de,UNMATCHED,,sites/watch.whaletvplus.com/watch.whaletvplus.com.channels.xml
Spiegel TV Action+Crime,watch.whaletvplus.com,925725141370479501,de,UNMATCHED,,sites/watch.whaletvplus.com/watch.whaletvplus.com.channels.xml
Spiegel TV Konflikte,watch.whaletvplus.com,931186243466302965,de,UNMATCHED,,sites/watch.whaletvplus.com/watch.whaletvplus.com.channels.xml
SPORT BILD TV,watch.whaletvplus.com,758911144097743475,de,UNMATCHED,,sites/watch.whaletvplus.com/watch.whaletvplus.com.channels.xml
Sportdigital Free,watch.whaletvplus.com,869190367760223448,de,UNMATCHED,,sites/watch.whaletvplus.com/watch.whaletvplus.com.channels.xml
Tempora,watch.whaletvplus.com,281460117680495310,de,UNMATCHED,,sites/watch.whaletvplus.com/watch.whaletvplus.com.channels.xml
Tierwelt Live,watch.whaletvplus.com,345233364758374096,de,UNMATCHED,,sites/watch.whaletvplus.com/watch.whaletvplus.com.channels.xml
TOP Filme,watch.whaletvplus.com,879581222538846508,de,UNMATCHED,,sites/watch.whaletvplus.com/watch.whaletvplus.com.channels.xml
TOP SciFi,watch.whaletvplus.com,879581416001117908,de,UNMATCHED,,sites/watch.whaletvplus.com/watch.whaletvplus.com.channels.xml
wedotv Movies (DACH),watch.whaletvplus.com,878764907511158401,de,UNMATCHED,,sites/watch.whaletvplus.com/watch.whaletvplus.com.channels.xml
wedotv Sports,watch.whaletvplus.com,878876034450589813,de,UNMATCHED,,sites/watch.whaletvplus.com/watch.whaletvplus.com.channels.xml
wedotv True Stories,watch.whaletvplus.com,942280082834594521,de,UNMATCHED,,sites/watch.whaletvplus.com/watch.whaletvplus.com.channels.xml
Xplore Free,watch.whaletvplus.com,281460414444211550,de,UNMATCHED,,sites/watch.whaletvplus.com/watch.whaletvplus.com.channels.xml
Yu-Gi-Oh! (DE),watch.whaletvplus.com,756846289022887647,de,UNMATCHED,,sites/watch.whaletvplus.com/watch.whaletvplus.com.channels.xml
13TH STREET (Sky),web.magentatv.de,471,de,UNMATCHED,,sites/web.magentatv.de/web.magentatv.de.channels.xml
a.tv,web.magentatv.de,161,de,UNMATCHED,,sites/web.magentatv.de/web.magentatv.de.channels.xml
Al Jazeera English,web.magentatv.de,5315,de,AMBIGUOUS,AlJazeera.qa@English;AlJazeeraEnglish.qa@SD,sites/web.magentatv.de/web.magentatv.de.channels.xml
Ballermann TV,web.magentatv.de,5331,de,UNMATCHED,,sites/web.magentatv.de/web.magentatv.de.channels.xml
BR Fernsehen Nord,web.magentatv.de,175,de,UNMATCHED,,sites/web.magentatv.de/web.magentatv.de.channels.xml
Cartoon Network (Sky),web.magentatv.de,4512,de,UNMATCHED,,sites/web.magentatv.de/web.magentatv.de.channels.xml
Cartoonito (Sky),web.magentatv.de,3843,de,UNMATCHED,,sites/web.magentatv.de/web.magentatv.de.channels.xml
CNBC International,web.magentatv.de,5506,de,UNMATCHED,,sites/web.magentatv.de/web.magentatv.de.channels.xml
Crime+Investigation (Sky),web.magentatv.de,5141,de,UNMATCHED,,sites/web.magentatv.de/web.magentatv.de.channels.xml
ERT World,web.magentatv.de,5475,de,UNMATCHED,,sites/web.magentatv.de/web.magentatv.de.channels.xml
Espreso,web.magentatv.de,5602,de,UNMATCHED,,sites/web.magentatv.de/web.magentatv.de.channels.xml
FOLX MUSIC TELEVISION,web.magentatv.de,5390,de,UNMATCHED,,sites/web.magentatv.de/web.magentatv.de.channels.xml
France 2,web.magentatv.de,6002,de,AMBIGUOUS,France2.fr;France2.fr@SD,sites/web.magentatv.de/web.magentatv.de.channels.xml
France 24 english,web.magentatv.de,5386,de,AMBIGUOUS,France24.fr@English;France24English.fr@SD,sites/web.magentatv.de/web.magentatv.de.channels.xml
France 3,web.magentatv.de,6003,de,AMBIGUOUS,France3.fr;France3.fr@National;France3.fr@RhoneAlpes;France3.fr@SD,sites/web.magentatv.de/web.magentatv.de.channels.xml
FREEDOM,web.magentatv.de,5601,de,AMBIGUOUS,FREEDOM.ua@SD;Freedom.ua@SD,sites/web.magentatv.de/web.magentatv.de.channels.xml
Heimatkanal (Sky),web.magentatv.de,134,de,UNMATCHED,,sites/web.magentatv.de/web.magentatv.de.channels.xml
INPLUS,web.magentatv.de,5476,de,AMBIGUOUS,INPLUS.nl@SD;InsightTV.nl@SD,sites/web.magentatv.de/web.magentatv.de.channels.xml
JenaTV,web.magentatv.de,5744,de,UNMATCHED,,sites/web.magentatv.de/web.magentatv.de.channels.xml
Jukebox (Sky),web.magentatv.de,132,de,UNMATCHED,,sites/web.magentatv.de/web.magentatv.de.channels.xml
Lokal-TV,web.magentatv.de,411,de,UNMATCHED,,sites/web.magentatv.de/web.magentatv.de.channels.xml
Magenta Musik 1,web.magentatv.de,616,de,UNMATCHED,,sites/web.magentatv.de/web.magentatv.de.channels.xml
Magenta Musik 2,web.magentatv.de,617,de,UNMATCHED,,sites/web.magentatv.de/web.magentatv.de.channels.xml
MagentaTV+,web.magentatv.de,812,de,UNMATCHED,,sites/web.magentatv.de/web.magentatv.de.channels.xml
MDR-Fernsehen Sachsen,web.magentatv.de,370,de,UNMATCHED,,sites/web.magentatv.de/web.magentatv.de.channels.xml
MDR-Fernsehen Sachsen-Anhalt,web.magentatv.de,147,de,UNMATCHED,,sites/web.magentatv.de/web.magentatv.de.channels.xml
MDR-Fernsehen Thüringen,web.magentatv.de,252,de,UNMATCHED,,sites/web.magentatv.de/web.magentatv.de.channels.xml
Meine Aufnahmen,web.magentatv.de,413,de,UNMATCHED,,sites/web.magentatv.de/web.magentatv.de.channels.xml
MS GOLF 1,web.magentatv.de,6947,de,UNMATCHED,,sites/web.magentatv.de/web.magentatv.de.channels.xml
MS GOLF 2,web.magentatv.de,6946,de,UNMATCHED,,sites/web.magentatv.de/web.magentatv.de.channels.xml
MS Sport,web.magentatv.de,3757,de,UNMATCHED,,sites/web.magentatv.de/web.magentatv.de.channels.xml
National Geographic (Sky),web.magentatv.de,6730,de,UNMATCHED,,sites/web.magentatv.de/web.magentatv.de.channels.xml
National Geographic Wild (Sky),web.magentatv.de,6799,de,UNMATCHED,,sites/web.magentatv.de/web.magentatv.de.channels.xml
NDR Fernsehen Hamburg,web.magentatv.de,150,de,UNMATCHED,,sites/web.magentatv.de/web.magentatv.de.channels.xml
NDR Fernsehen Mecklenburg-Vorpommern,web.magentatv.de,240,de,UNMATCHED,,sites/web.magentatv.de/web.magentatv.de.channels.xml
NDR Fernsehen Niedersachsen,web.magentatv.de,377,de,UNMATCHED,,sites/web.magentatv.de/web.magentatv.de.channels.xml
NDR Fernsehen Schleswig-Holstein,web.magentatv.de,151,de,UNMATCHED,,sites/web.magentatv.de/web.magentatv.de.channels.xml
Nick Jr. (Sky),web.magentatv.de,4379,de,UNMATCHED,,sites/web.magentatv.de/web.magentatv.de.channels.xml
OUTtv,web.magentatv.de,5477,de,AMBIGUOUS,OUTtv.ca@SD;OUTtv.nl@SD;OUTtv.pt@SD,sites/web.magentatv.de/web.magentatv.de.channels.xml
QVC ZWEI,web.magentatv.de,6686,de,UNMATCHED,,sites/web.magentatv.de/web.magentatv.de.channels.xml
rbb fernsehen Berlin,web.magentatv.de,384,de,UNMATCHED,,sites/web.magentatv.de/web.magentatv.de.channels.xml
rbb fernsehen Brandenburg,web.magentatv.de,242,de,UNMATCHED,,sites/web.magentatv.de/web.magentatv.de.channels.xml
Red Bull TV Motorsport,web.magentatv.de,5026,de,UNMATCHED,,sites/web.magentatv.de/web.magentatv.de.channels.xml
Regio TV,web.magentatv.de,660,de,UNMATCHED,,sites/web.magentatv.de/web.magentatv.de.channels.xml
Romance TV (Sky),web.magentatv.de,658,de,UNMATCHED,,sites/web.magentatv.de/web.magentatv.de.channels.xml
RTL Rhein-Neckar,web.magentatv.de,6048,de,UNMATCHED,,sites/web.magentatv.de/web.magentatv.de.channels.xml
Schlagerparadies.TV,web.magentatv.de,5387,de,UNMATCHED,,sites/web.magentatv.de/web.magentatv.de.channels.xml
Sky Cinema Highlights,web.magentatv.de,6210,de,UNMATCHED,,sites/web.magentatv.de/web.magentatv.de.channels.xml
Sky Sci-Fi (Sky),web.magentatv.de,465,de,UNMATCHED,,sites/web.magentatv.de/web.magentatv.de.channels.xml
Sky Showcase,web.magentatv.de,5577,de,AMBIGUOUS,SkyShowcase.de@SD;SkyShowcase.uk@SD,sites/web.magentatv.de/web.magentatv.de.channels.xml
Sky Sport Golf,web.magentatv.de,5558,de,AMBIGUOUS,SkySportGolf.de@SD;SkySportGolf.it@HD;SkySportGolf.it@SD,sites/web.magentatv.de/web.magentatv.de.channels.xml
Sky Sport Kompakt 1,web.magentatv.de,637,de,UNMATCHED,,sites/web.magentatv.de/web.magentatv.de.channels.xml
Sky Sport Mix,web.magentatv.de,5556,de,AMBIGUOUS,SkySportMix.it@HD;SkySportMix.it@SD,sites/web.magentatv.de/web.magentatv.de.channels.xml
Sport 1 - myTeamTV,web.magentatv.de,550,de,UNMATCHED,,sites/web.magentatv.de/web.magentatv.de.channels.xml
Sport 10 - myTeamTV,web.magentatv.de,624,de,UNMATCHED,,sites/web.magentatv.de/web.magentatv.de.channels.xml
Sport 11 - myTeamTV,web.magentatv.de,625,de,UNMATCHED,,sites/web.magentatv.de/web.magentatv.de.channels.xml
Sport 12 - myTeamTV,web.magentatv.de,627,de,UNMATCHED,,sites/web.magentatv.de/web.magentatv.de.channels.xml
Sport 13 - myTeamTV,web.magentatv.de,629,de,UNMATCHED,,sites/web.magentatv.de/web.magentatv.de.channels.xml
Sport 14 - myTeamTV,web.magentatv.de,628,de,UNMATCHED,,sites/web.magentatv.de/web.magentatv.de.channels.xml
Sport 15 - myTeamTV,web.magentatv.de,367,de,UNMATCHED,,sites/web.magentatv.de/web.magentatv.de.channels.xml
Sport 16 - myTeamTV,web.magentatv.de,366,de,UNMATCHED,,sites/web.magentatv.de/web.magentatv.de.channels.xml
Sport 17 - myTeamTV,web.magentatv.de,369,de,UNMATCHED,,sites/web.magentatv.de/web.magentatv.de.channels.xml
Sport 18 - myTeamTV,web.magentatv.de,3686,de,UNMATCHED,,sites/web.magentatv.de/web.magentatv.de.channels.xml
Sport 2 - myTeamTV,web.magentatv.de,548,de,UNMATCHED,,sites/web.magentatv.de/web.magentatv.de.channels.xml
Sport 3 - myTeamTV,web.magentatv.de,549,de,UNMATCHED,,sites/web.magentatv.de/web.magentatv.de.channels.xml
Sport 4 - myTeamTV,web.magentatv.de,648,de,UNMATCHED,,sites/web.magentatv.de/web.magentatv.de.channels.xml
Sport 5 - myTeamTV,web.magentatv.de,645,de,UNMATCHED,,sites/web.magentatv.de/web.magentatv.de.channels.xml
Sport 6 - myTeamTV,web.magentatv.de,647,de,UNMATCHED,,sites/web.magentatv.de/web.magentatv.de.channels.xml
Sport 7 - myTeamTV,web.magentatv.de,646,de,UNMATCHED,,sites/web.magentatv.de/web.magentatv.de.channels.xml
Sport 8 - myTeamTV,web.magentatv.de,623,de,UNMATCHED,,sites/web.magentatv.de/web.magentatv.de.channels.xml
Sport 9 - myTeamTV,web.magentatv.de,626,de,UNMATCHED,,sites/web.magentatv.de/web.magentatv.de.channels.xml
SRF,web.magentatv.de,5144,de,UNMATCHED,,sites/web.magentatv.de/web.magentatv.de.channels.xml
Testkanal H01,web.magentatv.de,443,de,UNMATCHED,,sites/web.magentatv.de/web.magentatv.de.channels.xml
Testkanal I01,web.magentatv.de,530,de,UNMATCHED,,sites/web.magentatv.de/web.magentatv.de.channels.xml
Testkanal I03,web.magentatv.de,257,de,UNMATCHED,,sites/web.magentatv.de/web.magentatv.de.channels.xml
Testkanal L01,web.magentatv.de,416,de,UNMATCHED,,sites/web.magentatv.de/web.magentatv.de.channels.xml
Testkanal L02,web.magentatv.de,243,de,UNMATCHED,,sites/web.magentatv.de/web.magentatv.de.channels.xml
Testkanal L03,web.magentatv.de,442,de,UNMATCHED,,sites/web.magentatv.de/web.magentatv.de.channels.xml
Testkanal L04,web.magentatv.de,179,de,UNMATCHED,,sites/web.magentatv.de/web.magentatv.de.channels.xml
Testkanal L05,web.magentatv.de,532,de,UNMATCHED,,sites/web.magentatv.de/web.magentatv.de.channels.xml
Testkanal L06,web.magentatv.de,477,de,UNMATCHED,,sites/web.magentatv.de/web.magentatv.de.channels.xml
Testkanal L07,web.magentatv.de,457,de,UNMATCHED,,sites/web.magentatv.de/web.magentatv.de.channels.xml
The HISTORY Channel (Sky),web.magentatv.de,467,de,UNMATCHED,,sites/web.magentatv.de/web.magentatv.de.channels.xml
Travelxp,web.magentatv.de,5840,de,AMBIGUOUS,Travelxp.in@HD;Travelxp.in@SD,sites/web.magentatv.de/web.magentatv.de.channels.xml
Universal TV (Sky),web.magentatv.de,462,de,UNMATCHED,,sites/web.magentatv.de/web.magentatv.de.channels.xml
Warner TV Comedy (Sky),web.magentatv.de,461,de,UNMATCHED,,sites/web.magentatv.de/web.magentatv.de.channels.xml
Warner TV Film (Sky),web.magentatv.de,540,de,UNMATCHED,,sites/web.magentatv.de/web.magentatv.de.channels.xml
Warner TV Serie (Sky),web.magentatv.de,458,de,UNMATCHED,,sites/web.magentatv.de/web.magentatv.de.channels.xml
WDR Fernsehen Aachen,web.magentatv.de,160,de,UNMATCHED,,sites/web.magentatv.de/web.magentatv.de.channels.xml
WDR Fernsehen Bielefeld,web.magentatv.de,158,de,UNMATCHED,,sites/web.magentatv.de/web.magentatv.de.channels.xml
WDR Fernsehen Bonn,web.magentatv.de,155,de,UNMATCHED,,sites/web.magentatv.de/web.magentatv.de.channels.xml
WDR Fernsehen Dortmund,web.magentatv.de,172,de,UNMATCHED,,sites/web.magentatv.de/web.magentatv.de.channels.xml
WDR Fernsehen Duisburg,web.magentatv.de,165,de,UNMATCHED,,sites/web.magentatv.de/web.magentatv.de.channels.xml
WDR Fernsehen Düsseldorf,web.magentatv.de,167,de,UNMATCHED,,sites/web.magentatv.de/web.magentatv.de.channels.xml
WDR Fernsehen Essen,web.magentatv.de,531,de,UNMATCHED,,sites/web.magentatv.de/web.magentatv.de.channels.xml
WDR Fernsehen Köln,web.magentatv.de,397,de,UNMATCHED,,sites/web.magentatv.de/web.magentatv.de.channels.xml
WDR Fernsehen Münster,web.magentatv.de,239,de,UNMATCHED,,sites/web.magentatv.de/web.magentatv.de.channels.xml
WDR Fernsehen Siegen,web.magentatv.de,166,de,UNMATCHED,,sites/web.magentatv.de/web.magentatv.de.channels.xml
WDR Fernsehen Wuppertal,web.magentatv.de,249,de,UNMATCHED,,sites/web.magentatv.de/web.magentatv.de.channels.xml
wedotv Movies,web.magentatv.de,5399,de,UNMATCHED,,sites/web.magentatv.de/web.magentatv.de.channels.xml
WDR,webtv.delta.nl,60,de,AMBIGUOUS,WDRFernsehen.de;WDRFernsehen.de@Koln,sites/webtv.delta.nl/webtv.delta.nl.channels.xml
123.live,www.magenta.tv,389265448065,de,UNMATCHED,,sites/www.magenta.tv/www.magenta.tv.channels.xml
13TH STREET (Sky),www.magenta.tv,389264936244,de,UNMATCHED,,sites/www.magenta.tv/www.magenta.tv.channels.xml
a.tv,www.magenta.tv,492496936310,de,UNMATCHED,,sites/www.magenta.tv/www.magenta.tv.channels.xml
Al Jazeera English,www.magenta.tv,389265960215,de,AMBIGUOUS,AlJazeera.qa@English;AlJazeeraEnglish.qa@SD,sites/www.magenta.tv/www.magenta.tv.channels.xml
Alarm für Cobra 11 / Balko,www.magenta.tv,764525608043,de,UNMATCHED,,sites/www.magenta.tv/www.magenta.tv.channels.xml
Animal Planet,www.magenta.tv,389264936264,de,AMBIGUOUS,AnimalPlanet.au@SD;AnimalPlanet.br@SD;AnimalPlanet.ca@SD;AnimalPlanet.de@SD;AnimalPlanet.in@SD;AnimalPlanet.nl@SD;AnimalPlanet.ru@SD;AnimalPlanet.uk@SD;AnimalPlanet.us@East;AnimalPlanetEurope.uk@Romania;AnimalPlanetEurope.uk@SD;AnimalPlanetLatinAmerica.us@SD;AnimalPlanetNordic.uk@SD;AnimalPlanetSoutheastAsia.sg@SD,sites/www.magenta.tv/www.magenta.tv.channels.xml
ANIXE+,www.magenta.tv,389265448050,de,AMBIGUOUS,AnixeHDSerie.de@SD;AnixePlus.de@SD,sites/www.magenta.tv/www.magenta.tv.channels.xml
ARTE,www.magenta.tv,274352679972,de,AMBIGUOUS,Arte.de@France;arte.de@SD;arte.fr@SD,sites/www.magenta.tv/www.magenta.tv.channels.xml
auto motor und sport,www.magenta.tv,389266472177,de,AMBIGUOUS,AutoMotorogSportTV.no@SD;automotorundsportchannel.de@SD,sites/www.magenta.tv/www.magenta.tv.channels.xml
AXN Black,www.magenta.tv,389264936253,de,AMBIGUOUS,AXNBlack.de@SD;AXNBlack.us@Bulgary,sites/www.magenta.tv/www.magenta.tv.channels.xml
AXN White,www.magenta.tv,389266472155,de,AMBIGUOUS,AXNWhite.pt@HD;AXNWhite.us@Portugal;AXNWhite.us@SD;SonyChannel.de@SD,sites/www.magenta.tv/www.magenta.tv.channels.xml
Baby TV,www.magenta.tv,750315048280,de,AMBIGUOUS,BabyTV.uk@France;BabyTV.uk@UK,sites/www.magenta.tv/www.magenta.tv.channels.xml
Ballermann TV,www.magenta.tv,389264936254,de,UNMATCHED,,sites/www.magenta.tv/www.magenta.tv.channels.xml
Bauer sucht Frau,www.magenta.tv,764524584021,de,UNMATCHED,,sites/www.magenta.tv/www.magenta.tv.channels.xml
BBC News,www.magenta.tv,516781096167,de,AMBIGUOUS,BBCNews.uk;BBCNews.uk@Africa;BBCNews.uk@AsiaPacific;BBCNews.uk@Europe;BBCNews.uk@LatinAmerica;BBCNews.uk@NorthAmerica;BBCNews.uk@SouthAsia;BBCNews.uk@UK,sites/www.magenta.tv/www.magenta.tv.channels.xml
beIN Movies Turk,www.magenta.tv,389264424243,de,AMBIGUOUS,beINMoviesTurk.me;beINMoviesTurk.tr@SD,sites/www.magenta.tv/www.magenta.tv.channels.xml
BLK TV,www.magenta.tv,658197032097,de,UNMATCHED,,sites/www.magenta.tv/www.magenta.tv.channels.xml
BR Fernsehen Nord,www.magenta.tv,415151144360,de,UNMATCHED,,sites/www.magenta.tv/www.magenta.tv.channels.xml
Cartoon Network,www.magenta.tv,389264936255,de,AMBIGUOUS,CartoonNetwork.au@Australia;CartoonNetwork.au@NewZealand;CartoonNetwork.in;CartoonNetwork.in@SD;CartoonNetwork.it@HD;CartoonNetwork.it@SD;CartoonNetwork.pt@HD;CartoonNetwork.tr@SD;CartoonNetwork.uk@SD;CartoonNetwork.us@East;CartoonNetwork.us@West;CartoonNetworkAsia.sg@SD;CartoonNetworkCEE.uk@CzechRepublic;CartoonNetworkCEE.uk@France;CartoonNetworkCEE.uk@Germany;CartoonNetworkCEE.uk@Hungary;CartoonNetworkCEE.uk@Poland;CartoonNetworkCEE.uk@Romania;CartoonNetworkCEE.uk@Russia;CartoonNetworkLatinAmerica.us@Brazil;CartoonNetworkLatinAmerica.us@Mexico;CartoonNetworkLatinAmerica.us@NorthAtlantic;CartoonNetworkLatinAmerica.us@SouthAtlantic;CartoonNetworkMENA.uk@SD;CartoonNetworkWesternEurope.uk@Netherlands;CartoonNetworkWesternEurope.uk@Portugal;CartoonNetworkWesternEurope.uk@SD;CartoonNetworkWesternEurope.uk@Sweden,sites/www.magenta.tv/www.magenta.tv.channels.xml
Cartoon Network (Sky),www.magenta.tv,389263912230,de,UNMATCHED,,sites/www.magenta.tv/www.magenta.tv.channels.xml
Cartoonito,www.magenta.tv,389265960231,de,AMBIGUOUS,Boomerang.de@SD;BoomerangAsia.sg@SD;Cartoonito.it@SD;Cartoonito.pt@HD;Cartoonito.pt@SD;Cartoonito.uk@SD;CartoonitoCEE.uk@Germany;CartoonitoCEE.uk@Poland;CartoonitoCEE.uk@SD;CartoonitoLatinAmerica.us@Argentine;CartoonitoLatinAmerica.us@Brazil;CartoonitoLatinAmerica.us@Mexico;CartoonitoLatinAmerica.us@SD;CartoonitoWesternEurope.uk@Sweden,sites/www.magenta.tv/www.magenta.tv.channels.xml
Cartoonito (Sky),www.magenta.tv,389266472181,de,UNMATCHED,,sites/www.magenta.tv/www.magenta.tv.channels.xml
CNBC International,www.magenta.tv,415148584245,de,UNMATCHED,,sites/www.magenta.tv/www.magenta.tv.channels.xml
CNN International,www.magenta.tv,389265448051,de,AMBIGUOUS,CNN.us@SD;CNNInternational.us@AsiaPacific;CNNInternational.us@HD;CNNInternational.us@LatinAmerica;CNNInternational.us@MENA;CNNInternational.us@NorthAmerica;CNNInternational.us@SouthAsia,sites/www.magenta.tv/www.magenta.tv.channels.xml
CNN International,www.magenta.tv,389265960223,de,AMBIGUOUS,CNN.us@SD;CNNInternational.us@AsiaPacific;CNNInternational.us@HD;CNNInternational.us@LatinAmerica;CNNInternational.us@MENA;CNNInternational.us@NorthAmerica;CNNInternational.us@SouthAsia,sites/www.magenta.tv/www.magenta.tv.channels.xml
Comedy Central,www.magenta.tv,389265448045,de,AMBIGUOUS,ComedyCentral.at@SD;ComedyCentral.au@SD;ComedyCentral.de@SD;ComedyCentral.es@SD;ComedyCentral.fr@SD;ComedyCentral.hu@SD;ComedyCentral.it@SD;ComedyCentral.nl@SD;ComedyCentral.nz@SD;ComedyCentral.pl@SD;ComedyCentral.ro@SD;ComedyCentral.uk@SD;ComedyCentral.us@East;ComedyCentralAfrica.us@SD;ComedyCentralLatinAmerica.us@Brazil;ComedyCentralLatinAmerica.us@Panregional;ParamountComedy.ru@SD,sites/www.magenta.tv/www.magenta.tv.channels.xml
Comedy Central,www.magenta.tv,389265960208,de,AMBIGUOUS,ComedyCentral.at@SD;ComedyCentral.au@SD;ComedyCentral.de@SD;ComedyCentral.es@SD;ComedyCentral.fr@SD;ComedyCentral.hu@SD;ComedyCentral.it@SD;ComedyCentral.nl@SD;ComedyCentral.nz@SD;ComedyCentral.pl@SD;ComedyCentral.ro@SD;ComedyCentral.uk@SD;ComedyCentral.us@East;ComedyCentralAfrica.us@SD;ComedyCentralLatinAmerica.us@Brazil;ComedyCentralLatinAmerica.us@Panregional;ParamountComedy.ru@SD,sites/www.magenta.tv/www.magenta.tv.channels.xml
Crime+Investigation,www.magenta.tv,389265448071,de,AMBIGUOUS,CrimePlusInvestigation.ca@SD;CrimePlusInvestigation.de@SD;CrimePlusInvestigation.it@SD;CrimePlusInvestigation.uk@SD;CrimePlusInvestigationAsia.sg@SD;CrimePlusInvestigationBenelux.uk@SD,sites/www.magenta.tv/www.magenta.tv.channels.xml
Crime+Investigation (Sky),www.magenta.tv,389266472182,de,UNMATCHED,,sites/www.magenta.tv/www.magenta.tv.channels.xml
Curiosity Channel,www.magenta.tv,389266472178,de,AMBIGUOUS,CuriosityChannel.de@SD;CuriosityChannel.us@SD,sites/www.magenta.tv/www.magenta.tv.channels.xml
DF1,www.magenta.tv,389263912245,de,AMBIGUOUS,DF1.de@SD;ServusTV.at@SD,sites/www.magenta.tv/www.magenta.tv.channels.xml
Discovery Channel,www.magenta.tv,389264424250,de,AMBIGUOUS,DiscoveryChannel.au@SD;DiscoveryChannel.be@SD;DiscoveryChannel.bg@SD;DiscoveryChannel.de@SD;DiscoveryChannel.fi@SD;DiscoveryChannel.fr@SD;DiscoveryChannel.hu@SD;DiscoveryChannel.in@SD;DiscoveryChannel.lv@SD;DiscoveryChannel.nz@SD;DiscoveryChannel.pl@SD;DiscoveryChannel.pt@HD;DiscoveryChannel.pt@SD;DiscoveryChannel.ro@SD;DiscoveryChannel.ru@SD;DiscoveryChannel.se@SD;DiscoveryChannel.si@SD;DiscoveryChannel.tr@SD;DiscoveryChannel.uk@UK;DiscoveryChannel.us@East;DiscoveryChannelEurope.uk@Malta;DiscoveryChannelLatinAmerica.us@Brazil;DiscoveryChannelLatinAmerica.us@Chile;DiscoveryChannelLatinAmerica.us@Mexico;DiscoveryChannelLatinAmerica.us@Panregional;DiscoveryChannelLatinAmerica.us@South;DiscoveryChannelSoutheastAsia.sg@SD;DiscoveryenEspanol.us@SD,sites/www.magenta.tv/www.magenta.tv.channels.xml
Disney Channel,www.magenta.tv,492496936303,de,AMBIGUOUS,DisneyChannel.bg@SD;DisneyChannel.br@SD;DisneyChannel.ca@East;DisneyChannel.cz@SD;DisneyChannel.de@SD;DisneyChannel.es@SD;DisneyChannel.fr@SD;DisneyChannel.hu@SD;DisneyChannel.in@SD;DisneyChannel.nl@SD;DisneyChannel.pl@SD;DisneyChannel.pt@HD;DisneyChannel.pt@SD;DisneyChannel.ro@SD;DisneyChannelEMEA.uk@SD;DisneyChannelLatinAmerica.ar@Center;DisneyChannelLatinAmerica.ar@North;DisneyChannelLatinAmerica.ar@South;DisneyChannelScandinavia.uk@SD;DisneyJunior.es@SD,sites/www.magenta.tv/www.magenta.tv.channels.xml
Disney Channel,www.magenta.tv,492499496077,de,AMBIGUOUS,DisneyChannel.bg@SD;DisneyChannel.br@SD;DisneyChannel.ca@East;DisneyChannel.cz@SD;DisneyChannel.de@SD;DisneyChannel.es@SD;DisneyChannel.fr@SD;DisneyChannel.hu@SD;DisneyChannel.in@SD;DisneyChannel.nl@SD;DisneyChannel.pl@SD;DisneyChannel.pt@HD;DisneyChannel.pt@SD;DisneyChannel.ro@SD;DisneyChannelEMEA.uk@SD;DisneyChannelLatinAmerica.ar@Center;DisneyChannelLatinAmerica.ar@North;DisneyChannelLatinAmerica.ar@South;DisneyChannelScandinavia.uk@SD;DisneyJunior.es@SD,sites/www.magenta.tv/www.magenta.tv.channels.xml
DMAX,www.magenta.tv,274351656120,de,AMBIGUOUS,DMAX.de@SD;DMAX.es@SD;DMAX.it@SD;DMAX.tr@SD;DMAX.uk@Ireland;DMAX.uk@UK;DMAXSoutheastAsia.sg@SD,sites/www.magenta.tv/www.magenta.tv.channels.xml
DMAX,www.magenta.tv,389265960233,de,AMBIGUOUS,DMAX.de@SD;DMAX.es@SD;DMAX.it@SD;DMAX.tr@SD;DMAX.uk@Ireland;DMAX.uk@UK;DMAXSoutheastAsia.sg@SD,sites/www.magenta.tv/www.magenta.tv.channels.xml
ERT World,www.magenta.tv,415150120096,de,UNMATCHED,,sites/www.magenta.tv/www.magenta.tv.channels.xml
Espreso,www.magenta.tv,389264424273,de,UNMATCHED,,sites/www.magenta.tv/www.magenta.tv.channels.xml
Eurosport 1,www.magenta.tv,262731304141,de,AMBIGUOUS,Eurosport1.fr@France;Eurosport1.fr@Germany;Eurosport1.fr@Italy;Eurosport1.fr@Netherlands;Eurosport1.fr@Poland;Eurosport1.fr@Romania;Eurosport1.fr@UK;Eurosport1.pt@HD,sites/www.magenta.tv/www.magenta.tv.channels.xml
Eurosport 1,www.magenta.tv,274351656125,de,AMBIGUOUS,Eurosport1.fr@France;Eurosport1.fr@Germany;Eurosport1.fr@Italy;Eurosport1.fr@Netherlands;Eurosport1.fr@Poland;Eurosport1.fr@Romania;Eurosport1.fr@UK;Eurosport1.pt@HD,sites/www.magenta.tv/www.magenta.tv.channels.xml
Eurosport 2,www.magenta.tv,274351656128,de,AMBIGUOUS,Eurosport2.fr@France;Eurosport2.fr@Italy;Eurosport2.fr@Netherlands;Eurosport2.fr@Poland;Eurosport2.fr@Romania;Eurosport2.fr@Russia;Eurosport2.fr@UK;Eurosport2.pt@HD,sites/www.magenta.tv/www.magenta.tv.channels.xml
Fabella,www.magenta.tv,764249640071,de,UNMATCHED,,sites/www.magenta.tv/www.magenta.tv.channels.xml
Fashion TV,www.magenta.tv,389266472172,de,AMBIGUOUS,FashionTV.br@SD;FashionTV.in@SD;FashionTV.ru@SD;FashionTV.ua@SD;FashionTVAsia.fr@SD;FashionTVEurope.fr@SD,sites/www.magenta.tv/www.magenta.tv.channels.xml
FOLX MUSIC TELEVISION,www.magenta.tv,389265960205,de,UNMATCHED,,sites/www.magenta.tv/www.magenta.tv.channels.xml
France 2,www.magenta.tv,463893544181,de,AMBIGUOUS,France2.fr;France2.fr@SD,sites/www.magenta.tv/www.magenta.tv.channels.xml
France 24 english,www.magenta.tv,389265960237,de,AMBIGUOUS,France24.fr@English;France24English.fr@SD,sites/www.magenta.tv/www.magenta.tv.channels.xml
France 3,www.magenta.tv,463895080134,de,AMBIGUOUS,France3.fr;France3.fr@National;France3.fr@RhoneAlpes;France3.fr@SD,sites/www.magenta.tv/www.magenta.tv.channels.xml
France 4,www.magenta.tv,516784168005,de,AMBIGUOUS,France4.fr;France4.fr@SD,sites/www.magenta.tv/www.magenta.tv.channels.xml
France 5,www.magenta.tv,516781096166,de,AMBIGUOUS,France5.fr;France5.fr@SD,sites/www.magenta.tv/www.magenta.tv.channels.xml
FREEDOM,www.magenta.tv,389265448054,de,AMBIGUOUS,FREEDOM.ua@SD;Freedom.ua@SD,sites/www.magenta.tv/www.magenta.tv.channels.xml
Glück Auf! TV,www.magenta.tv,561114664140,de,UNMATCHED,,sites/www.magenta.tv/www.magenta.tv.channels.xml
Grjngo,www.magenta.tv,754135080288,de,UNMATCHED,,sites/www.magenta.tv/www.magenta.tv.channels.xml
GüstrowTV,www.magenta.tv,704010792353,de,UNMATCHED,,sites/www.magenta.tv/www.magenta.tv.channels.xml
Heimatkanal (Sky),www.magenta.tv,695564328413,de,UNMATCHED,,sites/www.magenta.tv/www.magenta.tv.channels.xml
HGTV,www.magenta.tv,389265448053,de,AMBIGUOUS,HGTV.be@SD;HGTV.ca@SD;HGTV.de@SD;HGTV.nl@HD;HGTV.nz@SD;HGTV.pl@SD;HGTV.pt@HD;HGTV.ru@SD;HGTV.uk@SD;HGTV.us@East;HGTV.us@Portugal;HGTVAsia.us@SD;HGTVLatinAmerica.us@Brazil;HGTVLatinAmerica.us@Panregional,sites/www.magenta.tv/www.magenta.tv.channels.xml
HGTV,www.magenta.tv,492499496080,de,AMBIGUOUS,HGTV.be@SD;HGTV.ca@SD;HGTV.de@SD;HGTV.nl@HD;HGTV.nz@SD;HGTV.pl@SD;HGTV.pt@HD;HGTV.ru@SD;HGTV.uk@SD;HGTV.us@East;HGTV.us@Portugal;HGTVAsia.us@SD;HGTVLatinAmerica.us@Brazil;HGTVLatinAmerica.us@Panregional,sites/www.magenta.tv/www.magenta.tv.channels.xml
hundkatzemaus,www.magenta.tv,764523560413,de,UNMATCHED,,sites/www.magenta.tv/www.magenta.tv.channels.xml
JenaTV,www.magenta.tv,492497960284,de,UNMATCHED,,sites/www.magenta.tv/www.magenta.tv.channels.xml
Jukebox (Sky),www.magenta.tv,695563816191,de,UNMATCHED,,sites/www.magenta.tv/www.magenta.tv.channels.xml
K-TV,www.magenta.tv,389265960229,de,AMBIGUOUS,KTV.at@SD;KTV.de@SD,sites/www.magenta.tv/www.magenta.tv.channels.xml
Kanal 7,www.magenta.tv,389266472176,de,AMBIGUOUS,Kanal7.ee@SD;Kanal7.tr@SD,sites/www.magenta.tv/www.magenta.tv.channels.xml
KultKrimi,www.magenta.tv,736344616035,de,UNMATCHED,,sites/www.magenta.tv/www.magenta.tv.channels.xml
kulturmd,www.magenta.tv,698208807980,de,UNMATCHED,,sites/www.magenta.tv/www.magenta.tv.channels.xml
Landlust TV,www.magenta.tv,738497064302,de,UNMATCHED,,sites/www.magenta.tv/www.magenta.tv.channels.xml
lausitz.tv,www.magenta.tv,516782120054,de,UNMATCHED,,sites/www.magenta.tv/www.magenta.tv.channels.xml
Magenta Musik 1,www.magenta.tv,389263912220,de,UNMATCHED,,sites/www.magenta.tv/www.magenta.tv.channels.xml
Magenta Musik 2,www.magenta.tv,389264424236,de,UNMATCHED,,sites/www.magenta.tv/www.magenta.tv.channels.xml
MagentaTV Info,www.magenta.tv,389265448044,de,UNMATCHED,,sites/www.magenta.tv/www.magenta.tv.channels.xml
Marco Polo TV,www.magenta.tv,389265448049,de,AMBIGUOUS,MarcoPoloTV.de@SD;MarcoPoloTravelTV.it@SD,sites/www.magenta.tv/www.magenta.tv.channels.xml
MDR-Fernsehen Sachsen,www.magenta.tv,274352168018,de,UNMATCHED,,sites/www.magenta.tv/www.magenta.tv.channels.xml
MDR-Fernsehen Sachsen-Anhalt,www.magenta.tv,415149608151,de,UNMATCHED,,sites/www.magenta.tv/www.magenta.tv.channels.xml
MDR-Fernsehen Thüringen,www.magenta.tv,415149608108,de,UNMATCHED,,sites/www.magenta.tv/www.magenta.tv.channels.xml
MOMENTS,www.magenta.tv,389266472185,de,UNMATCHED,,sites/www.magenta.tv/www.magenta.tv.channels.xml
Motorvision+,www.magenta.tv,389265448047,de,AMBIGUOUS,Motorsporttv.fr@SD;Motorvision.de@SD;MotorvisionPlus.de@SD,sites/www.magenta.tv/www.magenta.tv.channels.xml
MS GOLF 1,www.magenta.tv,746148392381,de,UNMATCHED,,sites/www.magenta.tv/www.magenta.tv.channels.xml
MS GOLF 2,www.magenta.tv,746150440202,de,UNMATCHED,,sites/www.magenta.tv/www.magenta.tv.channels.xml
MS Sport,www.magenta.tv,389266472165,de,UNMATCHED,,sites/www.magenta.tv/www.magenta.tv.channels.xml
MTV,www.magenta.tv,389265448060,de,AMBIGUOUS,MTV.br@SD;MTV.de@SD;MTV.fr@SD;MTV.ie@SD;MTV.in@SD;MTV.it@SD;MTV.jp@SD;MTV.lb@SD;MTV.nl@HD;MTV.nl@SD;MTV.nz@SD;MTV.uk@SD;MTV.us@East;MTVAfrica.za@SD;MTVGlobal.uk@SD;MTVLatinAmerica.us@Panregional,sites/www.magenta.tv/www.magenta.tv.channels.xml
MTV,www.magenta.tv,389265960221,de,AMBIGUOUS,MTV.br@SD;MTV.de@SD;MTV.fr@SD;MTV.ie@SD;MTV.in@SD;MTV.it@SD;MTV.jp@SD;MTV.lb@SD;MTV.nl@HD;MTV.nl@SD;MTV.nz@SD;MTV.uk@SD;MTV.us@East;MTVAfrica.za@SD;MTVGlobal.uk@SD;MTVLatinAmerica.us@Panregional,sites/www.magenta.tv/www.magenta.tv.channels.xml
NARUTO,www.magenta.tv,754136616350,de,AMBIGUOUS,Naruto.us@Brazil;Naruto.us@Germany;Naruto.us@US,sites/www.magenta.tv/www.magenta.tv.channels.xml
National Geographic,www.magenta.tv,274351656127,de,AMBIGUOUS,NationalGeographic.bg@SD;NationalGeographic.br@SD;NationalGeographic.cz@SD;NationalGeographic.de@SD;NationalGeographic.es@SD;NationalGeographic.fi@SD;NationalGeographic.fr@SD;NationalGeographic.hu@SD;NationalGeographic.in@SD;NationalGeographic.nl@SD;NationalGeographic.ph@SD;NationalGeographic.pl@SD;NationalGeographic.pt@HD;NationalGeographic.pt@SD;NationalGeographic.ro@SD;NationalGeographic.ru@SD;NationalGeographic.se@SD;NationalGeographic.si@SD;NationalGeographic.tr@SD;NationalGeographic.uk@SD;NationalGeographic.us@East;NationalGeographicLatinAmerica.us@Panregional;NationalGeographicLatinAmerica.us@South;NationalGeographicSouthAfrica.za@SD,sites/www.magenta.tv/www.magenta.tv.channels.xml
National Geographic (Sky),www.magenta.tv,695561768146,de,UNMATCHED,,sites/www.magenta.tv/www.magenta.tv.channels.xml
National Geographic Wild,www.magenta.tv,389263912244,de,AMBIGUOUS,NationalGeographicWild.bg@SD;NationalGeographicWild.ca@SD;NationalGeographicWild.cz@SD;NationalGeographicWild.de@SD;NationalGeographicWild.fr@SD;NationalGeographicWild.gr@HD;NationalGeographicWild.hu@SD;NationalGeographicWild.it@SD;NationalGeographicWild.nl@SD;NationalGeographicWild.pl@SD;NationalGeographicWild.pt@HD;NationalGeographicWild.pt@SD;NationalGeographicWild.ro@SD;NationalGeographicWild.se@SD;NationalGeographicWild.si@SD;NationalGeographicWild.tr@SD;NationalGeographicWild.uk@SD;NationalGeographicWild.us@East;NationalGeographicWildLatinAmerica.us@Panregional,sites/www.magenta.tv/www.magenta.tv.channels.xml
National Geographic Wild (Sky),www.magenta.tv,701488168394,de,UNMATCHED,,sites/www.magenta.tv/www.magenta.tv.channels.xml
NDR Fernsehen Hamburg,www.magenta.tv,415148584251,de,UNMATCHED,,sites/www.magenta.tv/www.magenta.tv.channels.xml
NDR Fernsehen Mecklenburg-Vorpommern,www.magenta.tv,415149608154,de,UNMATCHED,,sites/www.magenta.tv/www.magenta.tv.channels.xml
NDR Fernsehen Niedersachsen,www.magenta.tv,274352679975,de,UNMATCHED,,sites/www.magenta.tv/www.magenta.tv.channels.xml
NDR Fernsehen Schleswig-Holstein,www.magenta.tv,415149608155,de,UNMATCHED,,sites/www.magenta.tv/www.magenta.tv.channels.xml
Nick Jr.,www.magenta.tv,389265960216,de,AMBIGUOUS,NickJr.au@SD;NickJr.bg@SD;NickJr.br@SD;NickJr.cz@SD;NickJr.de@SD;NickJr.es@SD;NickJr.hu@SD;NickJr.ie@SD;NickJr.in@SD;NickJr.it@SD;NickJr.nl@SD;NickJr.pl@SD;NickJr.pt@SD;NickJr.ro@SD;NickJr.ru@SD;NickJr.si@SD;NickJr.tr@SD;NickJr.uk@SD;NickJr.us@East;NickJrAsia.sg@HD;NickJrAsia.sg@SD;NickJrLatinAmerica.us@Panregional;NickJrLatinAmerica.us@South;NickJrScandinavia.nl@SD;NickelodeonJunior.fr@SD,sites/www.magenta.tv/www.magenta.tv.channels.xml
Nick Jr. (Sky),www.magenta.tv,389265960198,de,UNMATCHED,,sites/www.magenta.tv/www.magenta.tv.channels.xml
Nick/Comedy Central+1,www.magenta.tv,389265960222,de,AMBIGUOUS,ComedyCentral.de@Plus1;Nick-ComedyCentral+1.at;Nick-ComedyCentral+1.de;NickComedyCentralPlus1.de@SD,sites/www.magenta.tv/www.magenta.tv.channels.xml
Nick/Comedy Central+1,www.magenta.tv,389266472175,de,AMBIGUOUS,ComedyCentral.de@Plus1;Nick-ComedyCentral+1.at;Nick-ComedyCentral+1.de;NickComedyCentralPlus1.de@SD,sites/www.magenta.tv/www.magenta.tv.channels.xml
ntv,www.magenta.tv,262731304143,de,AMBIGUOUS,NTV.bd@SD;NTV.mn@SD;NTV.tr@SD;NTVEurope.bd@SD;NTVTelugu.in@SD;NepalTelevision.np@SD;ntv.al@SD;ntv.at@SD;ntv.de@SD,sites/www.magenta.tv/www.magenta.tv.channels.xml
ntv,www.magenta.tv,274352168016,de,AMBIGUOUS,NTV.bd@SD;NTV.mn@SD;NTV.tr@SD;NTVEurope.bd@SD;NTVTelugu.in@SD;NepalTelevision.np@SD;ntv.al@SD;ntv.at@SD;ntv.de@SD,sites/www.magenta.tv/www.magenta.tv.channels.xml
ONE,www.magenta.tv,389264424246,de,AMBIGUOUS,FujiTVONE.jp@SD;ONE.sg@SD;One.de@SD;TVNZ1.nz@SD;VirginMediaOne.ie@SD,sites/www.magenta.tv/www.magenta.tv.channels.xml
OUTtv,www.magenta.tv,389264424268,de,AMBIGUOUS,OUTtv.ca@SD;OUTtv.nl@SD;OUTtv.pt@SD,sites/www.magenta.tv/www.magenta.tv.channels.xml
ProSieben,www.magenta.tv,262270504165,de,AMBIGUOUS,ProSieben.de@SD;ProSiebenSchweiz.ch@SD,sites/www.magenta.tv/www.magenta.tv.channels.xml
ProSieben,www.magenta.tv,274352679970,de,AMBIGUOUS,ProSieben.de@SD;ProSiebenSchweiz.ch@SD,sites/www.magenta.tv/www.magenta.tv.channels.xml
ProSiebenSat.1,www.magenta.tv,492496936305,de,UNMATCHED,,sites/www.magenta.tv/www.magenta.tv.channels.xml
QVC,www.magenta.tv,389264424227,de,AMBIGUOUS,QVC.de@SD;QVC.it@SD;QVC.jp@SD;QVC.uk@SD;QVC.us@SD,sites/www.magenta.tv/www.magenta.tv.channels.xml
QVC ZWEI,www.magenta.tv,669655079976,de,UNMATCHED,,sites/www.magenta.tv/www.magenta.tv.channels.xml
RAN1,www.magenta.tv,662243880190,de,UNMATCHED,,sites/www.magenta.tv/www.magenta.tv.channels.xml
rbb fernsehen Berlin,www.magenta.tv,274351656123,de,UNMATCHED,,sites/www.magenta.tv/www.magenta.tv.channels.xml
rbb fernsehen Brandenburg,www.magenta.tv,415148584246,de,UNMATCHED,,sites/www.magenta.tv/www.magenta.tv.channels.xml
RBW,www.magenta.tv,561123367987,de,UNMATCHED,,sites/www.magenta.tv/www.magenta.tv.channels.xml
Red Bull TV,www.magenta.tv,389265960225,de,AMBIGUOUS,RedBullTV.at@SD;RedBullTV.at@US,sites/www.magenta.tv/www.magenta.tv.channels.xml
Red Bull TV Motorsport,www.magenta.tv,389264936262,de,UNMATCHED,,sites/www.magenta.tv/www.magenta.tv.channels.xml
Regio TV,www.magenta.tv,492499496082,de,UNMATCHED,,sites/www.magenta.tv/www.magenta.tv.channels.xml
RiC.today,www.magenta.tv,587598887992,de,UNMATCHED,,sites/www.magenta.tv/www.magenta.tv.channels.xml
Romance TV,www.magenta.tv,389264424262,de,AMBIGUOUS,RomanceTV.de@SD;RomanceTV.pl@SD,sites/www.magenta.tv/www.magenta.tv.channels.xml
Romance TV (Sky),www.magenta.tv,695561768145,de,UNMATCHED,,sites/www.magenta.tv/www.magenta.tv.channels.xml
Royalworld,www.magenta.tv,754138152287,de,UNMATCHED,,sites/www.magenta.tv/www.magenta.tv.channels.xml
RTL,www.magenta.tv,259549736358,de,AMBIGUOUS,RTL.de@SD;RTL.hr@SD;RTL.hu@SD;RTLHarom.hu@SD,sites/www.magenta.tv/www.magenta.tv.channels.xml
RTL,www.magenta.tv,259728423995,de,AMBIGUOUS,RTL.de@SD;RTL.hr@SD;RTL.hu@SD;RTLHarom.hu@SD,sites/www.magenta.tv/www.magenta.tv.channels.xml
RTL,www.magenta.tv,492498472234,de,AMBIGUOUS,RTL.de@SD;RTL.hr@SD;RTL.hu@SD;RTLHarom.hu@SD,sites/www.magenta.tv/www.magenta.tv.channels.xml
RTL Crime,www.magenta.tv,274350120290,de,AMBIGUOUS,RTLCrime.de@SD;RTLCrime.hr@SD;RTLCrime.nl@SD,sites/www.magenta.tv/www.magenta.tv.channels.xml
RTL Living,www.magenta.tv,389265960204,de,AMBIGUOUS,RTLLiving.de@SD;RTLLiving.hr@SD,sites/www.magenta.tv/www.magenta.tv.channels.xml
RTL Passion,www.magenta.tv,389264424257,de,AMBIGUOUS,RTLPassion.de@SD;RTLPassion.hr@SD,sites/www.magenta.tv/www.magenta.tv.channels.xml
RTL Rhein-Neckar,www.magenta.tv,481691176162,de,UNMATCHED,,sites/www.magenta.tv/www.magenta.tv.channels.xml
RTL Rhein-Neckar,www.magenta.tv,481694759991,de,UNMATCHED,,sites/www.magenta.tv/www.magenta.tv.channels.xml
SAT.1 Rheinland-Pfalz und Hessen,www.magenta.tv,415148584250,de,AMBIGUOUS,1730SAT1LIVE.de@SD;SAT.1RheinlandPfalzHessen.de,sites/www.magenta.tv/www.magenta.tv.channels.xml
SAT.1 Rheinland-Pfalz und Hessen,www.magenta.tv,415151144338,de,AMBIGUOUS,1730SAT1LIVE.de@SD;SAT.1RheinlandPfalzHessen.de,sites/www.magenta.tv/www.magenta.tv.channels.xml
Schlagerparadies.TV,www.magenta.tv,389263912219,de,UNMATCHED,,sites/www.magenta.tv/www.magenta.tv.channels.xml
Scooore,www.magenta.tv,738500136328,de,UNMATCHED,,sites/www.magenta.tv/www.magenta.tv.channels.xml
Shop LC,www.magenta.tv,389263912249,de,AMBIGUOUS,ShopLC.us@SD;ShopLCDeutschland.de@SD,sites/www.magenta.tv/www.magenta.tv.channels.xml
Shopping Queen,www.magenta.tv,764523048346,de,UNMATCHED,,sites/www.magenta.tv/www.magenta.tv.channels.xml
Show Turk,www.magenta.tv,389264936257,de,AMBIGUOUS,ShowTV.tr@SD;ShowTurk.tr@SD;ShowTürk.me,sites/www.magenta.tv/www.magenta.tv.channels.xml
sixx,www.magenta.tv,389263912226,de,AMBIGUOUS,sixx.de@SD;sixxAustria.at@SD,sites/www.magenta.tv/www.magenta.tv.channels.xml
sixx,www.magenta.tv,389266472164,de,AMBIGUOUS,sixx.de@SD;sixxAustria.at@SD,sites/www.magenta.tv/www.magenta.tv.channels.xml
Sky Atlantic,www.magenta.tv,389264424264,de,AMBIGUOUS,SkyAtlantic.de@SD;SkyAtlantic.ie@SD;SkyAtlantic.it@HD;SkyAtlantic.it@SD;SkyAtlantic.uk@SD,sites/www.magenta.tv/www.magenta.tv.channels.xml
Sky Cinema Action,www.magenta.tv,389264936248,de,AMBIGUOUS,SkyCinemaAction.de@SD;SkyCinemaAction.it@HD;SkyCinemaAction.it@SD;SkyCinemaAction.uk@SD,sites/www.magenta.tv/www.magenta.tv.channels.xml
Sky Cinema Family,www.magenta.tv,389266472159,de,AMBIGUOUS,SkyCinemaFamily.de@SD;SkyCinemaFamily.it@HD;SkyCinemaFamily.it@SD;SkyCinemaFamily.uk@SD,sites/www.magenta.tv/www.magenta.tv.channels.xml
Sky Cinema Highlights,www.magenta.tv,509713959991,de,UNMATCHED,,sites/www.magenta.tv/www.magenta.tv.channels.xml
Sky Cinema Premiere,www.magenta.tv,389264936266,de,AMBIGUOUS,SkyCinemaPremiere.uk@SD;SkyCinemaPremieren.de@SD,sites/www.magenta.tv/www.magenta.tv.channels.xml
Sky Crime,www.magenta.tv,389265960239,de,AMBIGUOUS,SkyCrime.de@SD;SkyCrime.ie@SD;SkyCrime.it@HD;SkyCrime.uk@SD,sites/www.magenta.tv/www.magenta.tv.channels.xml
Sky Documentaries,www.magenta.tv,389265960232,de,AMBIGUOUS,SkyDocumentaries.de@SD;SkyDocumentaries.it@SD;SkyDocumentaries.uk@SD,sites/www.magenta.tv/www.magenta.tv.channels.xml
Sky Nature,www.magenta.tv,389266472149,de,AMBIGUOUS,SkyNature.de@SD;SkyNature.it@HD;SkyNature.it@SD;SkyNature.uk@SD,sites/www.magenta.tv/www.magenta.tv.channels.xml
Sky One,www.magenta.tv,389264936273,de,AMBIGUOUS,SkyMax.uk@SD;SkyOne.de@SD;SkyOne.uk@SD,sites/www.magenta.tv/www.magenta.tv.channels.xml
Sky Sci-Fi,www.magenta.tv,389264424228,de,AMBIGUOUS,SYFY.de@SD;SkySciFi.uk@SD,sites/www.magenta.tv/www.magenta.tv.channels.xml
Sky Sci-Fi (Sky),www.magenta.tv,389266472148,de,UNMATCHED,,sites/www.magenta.tv/www.magenta.tv.channels.xml
Sky Showcase,www.magenta.tv,389266472150,de,AMBIGUOUS,SkyShowcase.de@SD;SkyShowcase.uk@SD,sites/www.magenta.tv/www.magenta.tv.channels.xml
Sky Sport,www.magenta.tv,769867816329,de,AMBIGUOUS,SkySport.de@UHD;SkySport251.it@HD;SkySport251.it@SD;SkySport252.it@HD;SkySport252.it@SD;SkySport253.it@HD;SkySport253.it@SD;SkySport254.it@HD;SkySport254.it@SD;SkySport255.it@HD;SkySport255.it@SD;SkySport256.it@HD;SkySport256.it@SD;SkySport257.it@HD;SkySport257.it@SD;SkySport258.it@SD;SkySport259.it@SD,sites/www.magenta.tv/www.magenta.tv.channels.xml
Sky Sport 1,www.magenta.tv,389263912242,de,AMBIGUOUS,SkySport1.de@SD;SkySport1.nz@SD;SkySport3.de@SD,sites/www.magenta.tv/www.magenta.tv.channels.xml
Sky Sport 2,www.magenta.tv,389264936252,de,AMBIGUOUS,SkySport2.de@SD;SkySport2.nz@SD;SkySport4.de@SD,sites/www.magenta.tv/www.magenta.tv.channels.xml
Sky Sport 3,www.magenta.tv,389264424271,de,AMBIGUOUS,SkySport3.de@SD;SkySport3.nz@SD;SkySport5.de@SD,sites/www.magenta.tv/www.magenta.tv.channels.xml
Sky Sport 4,www.magenta.tv,389266472169,de,AMBIGUOUS,SkySport4.de@SD;SkySport4.nz@SD;SkySport6.de@SD,sites/www.magenta.tv/www.magenta.tv.channels.xml
Sky Sport 5,www.magenta.tv,389263912221,de,AMBIGUOUS,SkySport5.de@SD;SkySport5.nz@SD;SkySport7.de@SD,sites/www.magenta.tv/www.magenta.tv.channels.xml
Sky Sport 6,www.magenta.tv,389264936258,de,AMBIGUOUS,SkySport6.de@SD;SkySport6.nz@SD;SkySport8.de@SD,sites/www.magenta.tv/www.magenta.tv.channels.xml
Sky Sport 7,www.magenta.tv,389266472171,de,AMBIGUOUS,SkySport7.de@SD;SkySport7.nz@SD;SkySport9.de@SD;SkySport9.nz@SD,sites/www.magenta.tv/www.magenta.tv.channels.xml
Sky Sport 8,www.magenta.tv,389265960226,de,AMBIGUOUS,SkySport10.de@SD;SkySport8.de@SD;SkySport8.nz@SD,sites/www.magenta.tv/www.magenta.tv.channels.xml
Sky Sport 9,www.magenta.tv,389264936247,de,AMBIGUOUS,SkySport11.de@SD;SkySport9.de@SD;SkySport9.nz@SD,sites/www.magenta.tv/www.magenta.tv.channels.xml
Sky Sport Bundesliga,www.magenta.tv,389264424237,de,AMBIGUOUS,SkySportBundesliga.de@SD;SkySportBundesliga1.de@SD,sites/www.magenta.tv/www.magenta.tv.channels.xml
Sky Sport Bundesliga,www.magenta.tv,769865767977,de,AMBIGUOUS,SkySportBundesliga.de@SD;SkySportBundesliga1.de@SD,sites/www.magenta.tv/www.magenta.tv.channels.xml
Sky Sport Bundesliga 1,www.magenta.tv,389263912237,de,AMBIGUOUS,SkySportBundesliga1.de@SD;SkySportBundesliga2.de@SD,sites/www.magenta.tv/www.magenta.tv.channels.xml
Sky Sport Bundesliga 2,www.magenta.tv,389265960192,de,AMBIGUOUS,SkySportBundesliga2.de@SD;SkySportBundesliga3.de@SD,sites/www.magenta.tv/www.magenta.tv.channels.xml
Sky Sport Bundesliga 3,www.magenta.tv,389265448068,de,AMBIGUOUS,SkySportBundesliga3.de@SD;SkySportBundesliga4.de@SD,sites/www.magenta.tv/www.magenta.tv.channels.xml
Sky Sport Bundesliga 4,www.magenta.tv,389264424240,de,AMBIGUOUS,SkySportBundesliga4.de@SD;SkySportBundesliga5.de@SD,sites/www.magenta.tv/www.magenta.tv.channels.xml
Sky Sport Bundesliga 5,www.magenta.tv,389265448062,de,AMBIGUOUS,SkySportBundesliga5.de@SD;SkySportBundesliga6.de@SD,sites/www.magenta.tv/www.magenta.tv.channels.xml
Sky Sport Bundesliga 6,www.magenta.tv,389264424242,de,AMBIGUOUS,SkySportBundesliga6.de@SD;SkySportBundesliga7.de@SD,sites/www.magenta.tv/www.magenta.tv.channels.xml
Sky Sport Bundesliga 7,www.magenta.tv,389263912224,de,AMBIGUOUS,SkySportBundesliga7.de@SD;SkySportBundesliga8.de@SD,sites/www.magenta.tv/www.magenta.tv.channels.xml
Sky Sport Bundesliga 8,www.magenta.tv,389264936260,de,AMBIGUOUS,SkySportBundesliga8.de@SD;SkySportBundesliga9.de@SD,sites/www.magenta.tv/www.magenta.tv.channels.xml
Sky Sport Bundesliga 9,www.magenta.tv,389265448058,de,AMBIGUOUS,SkySportBundesliga10.de@SD;SkySportBundesliga9.de@SD,sites/www.magenta.tv/www.magenta.tv.channels.xml
Sky Sport F1,www.magenta.tv,389263912236,de,AMBIGUOUS,SkySportF1.de@SD;SkySportF1.it@HD;SkySportF1.it@SD,sites/www.magenta.tv/www.magenta.tv.channels.xml
Sky Sport Golf,www.magenta.tv,389263912231,de,AMBIGUOUS,SkySportGolf.de@SD;SkySportGolf.it@HD;SkySportGolf.it@SD,sites/www.magenta.tv/www.magenta.tv.channels.xml
Sky Sport Kompakt 1,www.magenta.tv,389265448046,de,UNMATCHED,,sites/www.magenta.tv/www.magenta.tv.channels.xml
Sky Sport Mix,www.magenta.tv,389263912250,de,AMBIGUOUS,SkySportMix.it@HD;SkySportMix.it@SD,sites/www.magenta.tv/www.magenta.tv.channels.xml
Sky Sport Tennis,www.magenta.tv,389264936243,de,AMBIGUOUS,SkySport2.de@SD;SkySportTennis.it@HD;SkySportTennis.it@SD,sites/www.magenta.tv/www.magenta.tv.channels.xml
Sport 1 - myTeamTV,www.magenta.tv,262729768197,de,UNMATCHED,,sites/www.magenta.tv/www.magenta.tv.channels.xml
Sport 10 - myTeamTV,www.magenta.tv,389266472162,de,UNMATCHED,,sites/www.magenta.tv/www.magenta.tv.channels.xml
Sport 11 - myTeamTV,www.magenta.tv,389265448063,de,UNMATCHED,,sites/www.magenta.tv/www.magenta.tv.channels.xml
Sport 12 - myTeamTV,www.magenta.tv,389265960209,de,UNMATCHED,,sites/www.magenta.tv/www.magenta.tv.channels.xml
Sport 13 - myTeamTV,www.magenta.tv,389266472157,de,UNMATCHED,,sites/www.magenta.tv/www.magenta.tv.channels.xml
Sport 14 - myTeamTV,www.magenta.tv,389265448067,de,UNMATCHED,,sites/www.magenta.tv/www.magenta.tv.channels.xml
Sport 15 - myTeamTV,www.magenta.tv,389266472161,de,UNMATCHED,,sites/www.magenta.tv/www.magenta.tv.channels.xml
Sport 16 - myTeamTV,www.magenta.tv,389265448073,de,UNMATCHED,,sites/www.magenta.tv/www.magenta.tv.channels.xml
Sport 17 - myTeamTV,www.magenta.tv,389264424244,de,UNMATCHED,,sites/www.magenta.tv/www.magenta.tv.channels.xml
Sport 18 - myTeamTV,www.magenta.tv,389263912240,de,UNMATCHED,,sites/www.magenta.tv/www.magenta.tv.channels.xml
Sport 2 - myTeamTV,www.magenta.tv,389264936251,de,UNMATCHED,,sites/www.magenta.tv/www.magenta.tv.channels.xml
Sport 3 - myTeamTV,www.magenta.tv,389264424230,de,UNMATCHED,,sites/www.magenta.tv/www.magenta.tv.channels.xml
Sport 4 - myTeamTV,www.magenta.tv,389264424269,de,UNMATCHED,,sites/www.magenta.tv/www.magenta.tv.channels.xml
Sport 5 - myTeamTV,www.magenta.tv,389263912222,de,UNMATCHED,,sites/www.magenta.tv/www.magenta.tv.channels.xml
Sport 6 - myTeamTV,www.magenta.tv,389266472167,de,UNMATCHED,,sites/www.magenta.tv/www.magenta.tv.channels.xml
Sport 7 - myTeamTV,www.magenta.tv,389265960200,de,UNMATCHED,,sites/www.magenta.tv/www.magenta.tv.channels.xml
Sport 8 - myTeamTV,www.magenta.tv,389264936249,de,UNMATCHED,,sites/www.magenta.tv/www.magenta.tv.channels.xml
Sport 9 - myTeamTV,www.magenta.tv,389266472152,de,UNMATCHED,,sites/www.magenta.tv/www.magenta.tv.channels.xml
SPORT1,www.magenta.tv,389265448052,de,AMBIGUOUS,Sport1.cz@SD;Sport1.de@SD;Sport1.hu@SD,sites/www.magenta.tv/www.magenta.tv.channels.xml
SPORT1,www.magenta.tv,389265448066,de,AMBIGUOUS,Sport1.cz@SD;Sport1.de@SD;Sport1.hu@SD,sites/www.magenta.tv/www.magenta.tv.channels.xml
Sportdigital1+,www.magenta.tv,389265960236,de,AMBIGUOUS,Sport1Plus.de@SD;Sportdigital1Plus.de@HD,sites/www.magenta.tv/www.magenta.tv.channels.xml
SRF,www.magenta.tv,492499496078,de,UNMATCHED,,sites/www.magenta.tv/www.magenta.tv.channels.xml
Super RTL,www.magenta.tv,262277160060,de,AMBIGUOUS,CartoonitoMENA.uk@SD;RTLSuper.de@SD;SuperRTL.pt@SD,sites/www.magenta.tv/www.magenta.tv.channels.xml
Super RTL,www.magenta.tv,274352679977,de,AMBIGUOUS,CartoonitoMENA.uk@SD;RTLSuper.de@SD;SuperRTL.pt@SD,sites/www.magenta.tv/www.magenta.tv.channels.xml
TELE 5,www.magenta.tv,389265960210,de,AMBIGUOUS,TELE5.de@SD;Tele5.pl@SD,sites/www.magenta.tv/www.magenta.tv.channels.xml
TELE 5,www.magenta.tv,389266472168,de,AMBIGUOUS,TELE5.de@SD;Tele5.pl@SD,sites/www.magenta.tv/www.magenta.tv.channels.xml
Telenovela ZDF,www.magenta.tv,736345639978,de,UNMATCHED,,sites/www.magenta.tv/www.magenta.tv.channels.xml
teltOwkanal,www.magenta.tv,610214440158,de,UNMATCHED,,sites/www.magenta.tv/www.magenta.tv.channels.xml
The HISTORY Channel (Sky),www.magenta.tv,389266472153,de,UNMATCHED,,sites/www.magenta.tv/www.magenta.tv.channels.xml
TLC,www.magenta.tv,389263912229,de,AMBIGUOUS,HGTV.uk@SD;TLC.at@SD;TLC.au@SD;TLC.de@SD;TLC.fi@SD;TLC.fr@SD;TLC.ie@SD;TLC.in@SD;TLC.nl@SD;TLC.nz@SD;TLC.pl@SD;TLC.pt@HD;TLC.pt@SD;TLC.ro@SD;TLC.ru@SD;TLC.se@SD;TLC.si@SD;TLC.tr@SD;TLC.uk@SD;TLC.us@East;TLCBalkan.us@SD;TLCLatinAmerica.us@Brazil;TLCLatinAmerica.us@Panregional;TLCLatinAmerica.us@South;TLCSoutheastAsia.sg@SD,sites/www.magenta.tv/www.magenta.tv.channels.xml
TLC,www.magenta.tv,389265448055,de,AMBIGUOUS,HGTV.uk@SD;TLC.at@SD;TLC.au@SD;TLC.de@SD;TLC.fi@SD;TLC.fr@SD;TLC.ie@SD;TLC.in@SD;TLC.nl@SD;TLC.nz@SD;TLC.pl@SD;TLC.pt@HD;TLC.pt@SD;TLC.ro@SD;TLC.ru@SD;TLC.se@SD;TLC.si@SD;TLC.tr@SD;TLC.uk@SD;TLC.us@East;TLCBalkan.us@SD;TLCLatinAmerica.us@Brazil;TLCLatinAmerica.us@Panregional;TLCLatinAmerica.us@South;TLCSoutheastAsia.sg@SD,sites/www.magenta.tv/www.magenta.tv.channels.xml
TOP SCI-FI,www.magenta.tv,754137640065,de,UNMATCHED,,sites/www.magenta.tv/www.magenta.tv.channels.xml
Travelxp,www.magenta.tv,389266472163,de,AMBIGUOUS,Travelxp.in@HD;Travelxp.in@SD,sites/www.magenta.tv/www.magenta.tv.channels.xml
Travelxp 4K,www.magenta.tv,597433895959,de,UNMATCHED,,sites/www.magenta.tv/www.magenta.tv.channels.xml
Universal TV,www.magenta.tv,389264424256,de,AMBIGUOUS,UniversalTV.au@SD;UniversalTV.de@SD;UniversalTVLatinAmerica.us@Chile;UniversalTVLatinAmerica.us@Mexico;UniversalTVLatinAmerica.us@Panregional;UniversalTVLatinAmerica.us@South,sites/www.magenta.tv/www.magenta.tv.channels.xml
Universal TV (Sky),www.magenta.tv,389266472154,de,UNMATCHED,,sites/www.magenta.tv/www.magenta.tv.channels.xml
VOX,www.magenta.tv,262282280173,de,AMBIGUOUS,VOX.at@SD;VOX.de@SD,sites/www.magenta.tv/www.magenta.tv.channels.xml
VOX,www.magenta.tv,274350120287,de,AMBIGUOUS,VOX.at@SD;VOX.de@SD,sites/www.magenta.tv/www.magenta.tv.channels.xml
Warner TV Comedy (Sky),www.magenta.tv,389263912243,de,UNMATCHED,,sites/www.magenta.tv/www.magenta.tv.channels.xml
Warner TV Film (Sky),www.magenta.tv,389264424235,de,UNMATCHED,,sites/www.magenta.tv/www.magenta.tv.channels.xml
Warner TV Serie (Sky),www.magenta.tv,389264424258,de,UNMATCHED,,sites/www.magenta.tv/www.magenta.tv.channels.xml
WDR Fernsehen Aachen,www.magenta.tv,415150632065,de,UNMATCHED,,sites/www.magenta.tv/www.magenta.tv.channels.xml
WDR Fernsehen Bielefeld,www.magenta.tv,415150120143,de,UNMATCHED,,sites/www.magenta.tv/www.magenta.tv.channels.xml
WDR Fernsehen Bonn,www.magenta.tv,415149608152,de,UNMATCHED,,sites/www.magenta.tv/www.magenta.tv.channels.xml
WDR Fernsehen Dortmund,www.magenta.tv,415150120095,de,UNMATCHED,,sites/www.magenta.tv/www.magenta.tv.channels.xml
WDR Fernsehen Duisburg,www.magenta.tv,415147560391,de,UNMATCHED,,sites/www.magenta.tv/www.magenta.tv.channels.xml
WDR Fernsehen Düsseldorf,www.magenta.tv,415150632111,de,UNMATCHED,,sites/www.magenta.tv/www.magenta.tv.channels.xml
WDR Fernsehen Essen,www.magenta.tv,415150120077,de,UNMATCHED,,sites/www.magenta.tv/www.magenta.tv.channels.xml
WDR Fernsehen Köln,www.magenta.tv,262729768202,de,UNMATCHED,,sites/www.magenta.tv/www.magenta.tv.channels.xml
WDR Fernsehen Münster,www.magenta.tv,415151144359,de,UNMATCHED,,sites/www.magenta.tv/www.magenta.tv.channels.xml
WDR Fernsehen Siegen,www.magenta.tv,415148584249,de,UNMATCHED,,sites/www.magenta.tv/www.magenta.tv.channels.xml
WDR Fernsehen Wuppertal,www.magenta.tv,415150632109,de,UNMATCHED,,sites/www.magenta.tv/www.magenta.tv.channels.xml
wedotv Movies,www.magenta.tv,389264424249,de,UNMATCHED,,sites/www.magenta.tv/www.magenta.tv.channels.xml
ÜLKE TV,www.magenta.tv,389263912218,de,AMBIGUOUS,UlkeTV.tr@SD;ÜlkeTV.me,sites/www.magenta.tv/www.magenta.tv.channels.xml
